"generated_index","support_index"
1,7581
2,6207
3,6198
4,6209
5,7678
6,6196
7,6253
8,1301
9,4943
10,7677
11,6254
12,6305
13,6413
14,7593
15,3619
16,4844
17,7769
18,6197
19,6269
20,4920
21,4650
22,6293
23,6300
24,6334
25,4844
26,4895
27,6253
28,6208
29,6226
30,6292
31,6290
32,5576
33,6308
34,4889
35,5576
36,5046
37,6337
38,4897
39,3723
40,6303
41,6254
42,6309
43,7649
44,5320
45,3587
46,3717
47,6392
48,6301
49,6196
50,6254
51,6300
52,6345
53,7646
54,7678
55,6262
56,4897
57,4845
58,6334
59,4992
60,6208
61,7658
62,4832
63,7677
64,7638
65,4889
66,4907
67,6292
68,6255
69,6254
70,4831
71,3788
72,3765
73,4889
74,6261
75,4888
76,3717
77,6197
78,7741
79,6300
80,6302
81,6292
82,6208
83,7669
84,6253
85,4920
86,7670
87,6956
88,7670
89,6356
90,4888
91,6269
92,7638
93,7694
94,7647
95,6209
96,5311
97,4898
98,6293
99,4471
100,6210
101,6375
102,6703
103,6254
104,6253
105,7655
106,5318
107,7594
108,6209
109,6326
110,6197
111,7595
112,6208
113,6262
114,500
115,6270
116,6373
117,7654
118,6253
119,1319
120,6197
121,6197
122,6370
123,5325
124,7648
125,6210
126,2499
127,4889
128,4833
129,6254
130,6218
131,6291
132,2624
133,7677
134,6269
135,4832
136,6269
137,6217
138,3686
139,1360
140,6303
141,6263
142,6208
143,7649
144,4897
145,4857
146,7650
147,4908
148,6261
149,6262
150,3695
151,7747
152,6260
153,6209
154,7237
155,4970
156,6413
157,5794
158,4934
159,2597
160,6299
161,4888
162,6253
163,6363
164,3801
165,6327
166,6197
167,6210
168,5855
169,3719
170,6271
171,6261
172,4933
173,3646
174,3802
175,6292
176,4888
177,6415
178,7638
179,4832
180,5304
181,5305
182,6208
183,2508
184,6253
185,3506
186,6345
187,5583
188,6260
189,3586
190,6294
191,4844
192,6263
193,3772
194,6335
195,6261
196,6300
197,6292
198,4897
199,6293
200,6197
201,6209
202,3596
203,7638
204,3687
205,6270
206,4898
207,6254
208,6207
209,7582
210,6362
211,6298
212,2492
213,7678
214,6207
215,6290
216,6260
217,6260
218,6265
219,6269
220,4831
221,6263
222,6210
223,6209
224,6210
225,6266
226,6293
227,3781
228,6253
229,4900
230,6225
231,6253
232,6290
233,6253
234,6196
235,6335
236,3705
237,6254
238,6221
239,6299
240,6208
241,7693
242,7694
243,7643
244,4204
245,2578
246,5568
247,6689
248,3616
249,6253
250,6285
251,2588
252,4905
253,6293
254,6037
255,4893
256,6253
257,6271
258,7594
259,5577
260,7684
261,6256
262,7645
263,3687
264,6300
265,6302
266,6270
267,5309
268,6334
269,6302
270,6208
271,3575
272,6253
273,3576
274,7638
275,6343
276,4934
277,6208
278,6300
279,4969
280,6293
281,7641
282,6298
283,6293
284,7694
285,6197
286,6270
287,4944
288,4927
289,6336
290,4928
291,6197
292,5304
293,6255
294,6302
295,6196
296,4888
297,7677
298,6253
299,6335
300,4898
301,4899
302,4978
303,6254
304,6293
305,5044
306,6302
307,7712
308,4896
309,2587
310,4907
311,7656
312,4199
313,4844
314,6253
315,5036
316,4927
317,6253
318,6300
319,3789
320,6270
321,6298
322,6254
323,6261
324,3790
325,6210
326,6209
327,7719
328,6262
329,4854
330,2542
331,3651
332,6362
333,6197
334,7711
335,3780
336,6263
337,6351
338,6357
339,4928
340,7638
341,7638
342,6196
343,6209
344,6262
345,6285
346,6256
347,6255
348,7726
349,6334
350,6262
351,6210
352,4905
353,3597
354,6253
355,6302
356,6263
357,7677
358,6299
359,7595
360,5583
361,6254
362,4888
363,7720
364,5043
365,6293
366,5318
367,4919
368,4832
369,6196
370,4927
371,6261
372,6303
373,7679
374,6210
375,4904
376,6206
377,6293
378,5318
379,2615
380,2619
381,5589
382,6209
383,7639
384,6302
385,5582
386,6293
387,4888
388,3775
389,3592
390,5318
391,6259
392,6209
393,6363
394,3780
395,3706
396,4833
397,6292
398,6334
399,2615
400,5065
401,4889
402,4844
403,7645
404,6261
405,3695
406,4919
407,3695
408,3626
409,6228
410,2421
411,2509
412,6266
413,6308
414,6198
415,6196
416,6262
417,3766
418,4914
419,6285
420,4992
421,6208
422,6261
423,6084
424,7639
425,4831
426,7582
427,6292
428,6335
429,7655
430,6198
431,4920
432,4919
433,7638
434,6196
435,3697
436,6209
437,6327
438,1012
439,6258
440,6196
441,6246
442,7594
443,3638
444,2446
445,6292
446,6697
447,6253
448,6253
449,6334
450,6270
451,6285
452,6224
453,6218
454,4935
455,7639
456,2596
457,6285
458,6207
459,6285
460,6255
461,6261
462,6335
463,7719
464,5303
465,6253
466,6265
467,6292
468,6284
469,7650
470,6209
471,6258
472,4961
473,7645
474,7463
475,7238
476,7727
477,6260
478,4838
479,3697
480,7720
481,6254
482,6334
483,6327
484,6208
485,7594
486,3765
487,6253
488,6269
489,6302
490,6253
491,6197
492,6304
493,6293
494,1019
495,6254
496,6196
497,6285
498,6197
499,6300
500,764
501,3618
502,6343
503,6264
504,1043
505,6209
506,4938
507,7591
508,6335
509,6196
510,4929
511,2587
512,6208
513,7594
514,6302
515,6290
516,7712
517,6293
518,6254
519,4221
520,6292
521,6294
522,2507
523,6302
524,6196
525,6261
526,2504
527,1318
528,6292
529,5304
530,7694
531,6302
532,7658
533,6302
534,7638
535,3721
536,6293
537,6253
538,3774
539,6285
540,5055
541,6262
542,6336
543,6260
544,6254
545,7679
546,7650
547,4928
548,4222
549,4889
550,7639
551,6273
552,2500
553,1313
554,3781
555,2626
556,7646
557,6301
558,6335
559,3771
560,6303
561,6253
562,1031
563,6227
564,6292
565,6260
566,2608
567,6209
568,3402
569,5073
570,4944
571,4889
572,6311
573,7639
574,6293
575,6197
576,7691
577,6334
578,7638
579,7595
580,6196
581,6204
582,2616
583,6284
584,4934
585,7638
586,6262
587,7419
588,6227
589,6254
590,6362
591,6196
592,3703
593,6265
594,3696
595,6263
596,2609
597,4833
598,6260
599,3802
600,6298
601,6209
602,6285
603,6300
604,4927
605,6209
606,7644
607,4899
608,6293
609,6253
610,6359
611,7682
612,4929
613,5053
614,7694
615,6263
616,6254
617,6270
618,6227
619,7595
620,6302
621,7655
622,6198
623,7678
624,4919
625,6362
626,6253
627,6255
628,7639
629,3717
630,6260
631,6258
632,3520
633,4928
634,3696
635,7639
636,6255
637,7679
638,6332
639,6948
640,7638
641,6327
642,6327
643,6196
644,4970
645,6198
646,4900
647,7712
648,7721
649,6209
650,7591
651,7640
652,7677
653,5538
654,6203
655,6284
656,1042
657,7669
658,3575
659,6940
660,6292
661,6300
662,6262
663,6262
664,6207
665,4969
666,6198
667,6343
668,4845
669,5583
670,6293
671,4832
672,3703
673,5326
674,3729
675,6362
676,5512
677,7663
678,5330
679,6253
680,6332
681,6206
682,6222
683,6326
684,4904
685,6259
686,3781
687,7648
688,4934
689,3687
690,7670
691,3717
692,4898
693,5046
694,3627
695,7669
696,5045
697,4186
698,5316
699,2506
700,2540
701,6224
702,6302
703,6295
704,7239
705,6255
706,5318
707,7639
708,4898
709,6254
710,7639
711,6207
712,6254
713,7640
714,6208
715,5044
716,4831
717,6261
718,3702
719,6336
720,4844
721,6208
722,6086
723,6261
724,5045
725,7592
726,6196
727,6327
728,6209
729,1283
730,6025
731,6290
732,6333
733,6209
734,5318
735,3650
736,1041
737,7685
738,6263
739,7654
740,5879
741,4842
742,4888
743,6208
744,3795
745,6326
746,4944
747,7595
748,6294
749,6269
750,4842
751,4905
752,5802
753,4899
754,5315
755,6293
756,6208
757,7646
758,4900
759,7640
760,7684
761,7650
762,6290
763,4895
764,6293
765,4928
766,3716
767,4905
768,4898
769,7678
770,6355
771,6269
772,4889
773,3634
774,3797
775,4893
776,6208
777,4832
778,7646
779,4925
780,6284
781,6209
782,3702
783,6253
784,6253
785,3766
786,1017
787,7261
788,3773
789,2520
790,6263
791,6283
792,6255
793,3733
794,7685
795,4650
796,2516
797,7648
798,6208
799,6368
800,6255
801,4928
802,7747
803,6254
804,6285
805,5597
806,5857
807,7582
808,5045
809,6292
810,7640
811,7648
812,6226
813,7639
814,6297
815,3702
816,6197
817,5857
818,3724
819,6356
820,4901
821,6262
822,6197
823,6284
824,7655
825,7648
826,4897
827,6196
828,1037
829,4895
830,6356
831,3548
832,6254
833,4927
834,6197
835,6206
836,4905
837,7654
838,6254
839,6225
840,6308
841,7645
842,6302
843,6197
844,7684
845,6263
846,2539
847,6270
848,6209
849,5066
850,7679
851,7244
852,6269
853,4895
854,6269
855,4969
856,6197
857,5309
858,7640
859,6931
860,6196
861,6254
862,2508
863,6209
864,6209
865,7737
866,4844
867,6262
868,3781
869,4904
870,6207
871,3705
872,5579
873,6267
874,4910
875,6210
876,4888
877,5288
878,1044
879,6270
880,7677
881,3585
882,3619
883,6261
884,7594
885,6362
886,6262
887,6253
888,2517
889,4889
890,7654
891,3695
892,6308
893,3599
894,4935
895,7594
896,6262
897,6290
898,6208
899,6208
900,6254
901,5305
902,7646
903,6265
904,7677
905,7583
906,4918
907,6355
908,3716
909,749
910,7684
911,2507
912,6259
913,6294
914,6262
915,2509
916,7640
917,6270
918,6209
919,3721
920,7647
921,2423
922,4831
923,6334
924,5303
925,4856
926,6261
927,4841
928,7740
929,3728
930,4940
931,6261
932,6271
933,2374
934,3774
935,6254
936,6254
937,7645
938,6197
939,4926
940,5564
941,6208
942,6221
943,5801
944,6293
945,6208
946,7595
947,5067
948,3696
949,7656
950,3796
951,6209
952,1012
953,3553
954,4944
955,6196
956,4888
957,6292
958,6197
959,6292
960,2438
961,6705
962,6326
963,4415
964,6285
965,2499
966,6197
967,6254
968,6260
969,6226
970,7638
971,3518
972,3650
973,4888
974,5321
975,7736
976,6196
977,5305
978,6254
979,6263
980,6293
981,6262
982,6283
983,4845
984,6309
985,3697
986,7612
987,4961
988,6253
989,5852
990,6208
991,4928
992,6196
993,4919
994,6342
995,6327
996,6198
997,6207
998,7639
999,4888
1000,6208
1001,6290
1002,6196
1003,6269
1004,6305
1005,1047
1006,5311
1007,3694
1008,6253
1009,6303
1010,3697
1011,4888
1012,6294
1013,6333
1014,4928
1015,2514
1016,6263
1017,4928
1018,5044
1019,6293
1020,6254
1021,6261
1022,6293
1023,6254
1024,4990
1025,6198
1026,6263
1027,2500
1028,6384
1029,5319
1030,6293
1031,6308
1032,6292
1033,3600
1034,6285
1035,6198
1036,6293
1037,6196
1038,4831
1039,6269
1040,6253
1041,6336
1042,6208
1043,6254
1044,5304
1045,6035
1046,2586
1047,6262
1048,6298
1049,7640
1050,1144
1051,6309
1052,6292
1053,7613
1054,4978
1055,6227
1056,6284
1057,4920
1058,4890
1059,4899
1060,6196
1061,6359
1062,3728
1063,1046
1064,6253
1065,7677
1066,5312
1067,6306
1068,7677
1069,3696
1070,6356
1071,6262
1072,6253
1073,6293
1074,6253
1075,7646
1076,6356
1077,6302
1078,6285
1079,6302
1080,6303
1081,6196
1082,6968
1083,6335
1084,6334
1085,2595
1086,7679
1087,3728
1088,6304
1089,6207
1090,6293
1091,6292
1092,7592
1093,6924
1094,4943
1095,6300
1096,7639
1097,7655
1098,5853
1099,6196
1100,7726
1101,5044
1102,6208
1103,5794
1104,6262
1105,5594
1106,6196
1107,3802
1108,2595
1109,6360
1110,4889
1111,2604
1112,7654
1113,7748
1114,2500
1115,2500
1116,6270
1117,6225
1118,2532
1119,6208
1120,7727
1121,3703
1122,2539
1123,6285
1124,6263
1125,6301
1126,6342
1127,2508
1128,6196
1129,6198
1130,6300
1131,6293
1132,7639
1133,6226
1134,6254
1135,4919
1136,7649
1137,6299
1138,6362
1139,7676
1140,5067
1141,6253
1142,6301
1143,6253
1144,6304
1145,6253
1146,5046
1147,6264
1148,1025
1149,7628
1150,2596
1151,6300
1152,2380
1153,4901
1154,6208
1155,6294
1156,5576
1157,7639
1158,3651
1159,6262
1160,5318
1161,6261
1162,2509
1163,6209
1164,4415
1165,3610
1166,7677
1167,6300
1168,6300
1169,4844
1170,2287
1171,6335
1172,4888
1173,4939
1174,3549
1175,5311
1176,6301
1177,7593
1178,6292
1179,7678
1180,7655
1181,6197
1182,6261
1183,7639
1184,6254
1185,4927
1186,6294
1187,6370
1188,479
1189,6210
1190,6263
1191,6270
1192,1035
1193,6269
1194,6255
1195,6301
1196,6197
1197,3695
1198,6335
1199,2516
1200,6327
1201,7639
1202,6294
1203,3696
1204,6259
1205,5538
1206,6253
1207,4890
1208,6198
1209,6305
1210,3704
1211,4889
1212,3592
1213,6296
1214,7646
1215,6358
1216,6297
1217,6266
1218,7583
1219,6260
1220,6263
1221,6254
1222,7639
1223,6262
1224,6302
1225,7641
1226,6208
1227,6291
1228,4990
1229,4844
1230,6278
1231,6253
1232,6327
1233,4919
1234,6308
1235,4905
1236,7412
1237,6299
1238,6218
1239,2491
1240,4890
1241,3550
1242,4841
1243,2595
1244,5562
1245,6260
1246,6260
1247,3802
1248,5046
1249,6209
1250,5044
1251,3772
1252,4898
1253,6326
1254,6357
1255,6208
1256,7639
1257,6294
1258,6335
1259,6208
1260,6270
1261,7712
1262,7677
1263,7678
1264,6254
1265,7678
1266,6253
1267,6292
1268,6305
1269,6302
1270,7639
1271,3695
1272,3795
1273,6260
1274,6264
1275,7679
1276,6263
1277,6253
1278,7740
1279,7582
1280,6198
1281,4944
1282,3778
1283,7646
1284,6297
1285,6269
1286,3735
1287,6225
1288,5046
1289,6257
1290,6967
1291,6284
1292,4927
1293,6262
1294,2306
1295,6313
1296,6197
1297,3687
1298,7647
1299,6254
1300,7720
1301,4998
1302,3797
1303,3774
1304,6357
1305,4896
1306,5045
1307,7639
1308,761
1309,3626
1310,6197
1311,2419
1312,6208
1313,6293
1314,6196
1315,6294
1316,6308
1317,4991
1318,7679
1319,2421
1320,7640
1321,5573
1322,4840
1323,7647
1324,6210
1325,7582
1326,6197
1327,2619
1328,7593
1329,5288
1330,6197
1331,5319
1332,3695
1333,3765
1334,6196
1335,6292
1336,7646
1337,2508
1338,7678
1339,5795
1340,6196
1341,6697
1342,7717
1343,6285
1344,5328
1345,6253
1346,5045
1347,7659
1348,3775
1349,3618
1350,6341
1351,5318
1352,6309
1353,7581
1354,4927
1355,3695
1356,7720
1357,6292
1358,3773
1359,6254
1360,4944
1361,6301
1362,3698
1363,6334
1364,6264
1365,4899
1366,6077
1367,4889
1368,7589
1369,6254
1370,6254
1371,6294
1372,6939
1373,5583
1374,6292
1375,3119
1376,4971
1377,6269
1378,6327
1379,6292
1380,1283
1381,1274
1382,2507
1383,4654
1384,7593
1385,4928
1386,6293
1387,6255
1388,6356
1389,4660
1390,6284
1391,7693
1392,4191
1393,6262
1394,6254
1395,6197
1396,6311
1397,6269
1398,7686
1399,2471
1400,2509
1401,6209
1402,5072
1403,6253
1404,6300
1405,3797
1406,6267
1407,2452
1408,6689
1409,7645
1410,6308
1411,7581
1412,7638
1413,4843
1414,3702
1415,3795
1416,6254
1417,3813
1418,6336
1419,6265
1420,4844
1421,4176
1422,7740
1423,3577
1424,6261
1425,2596
1426,4926
1427,6210
1428,7687
1429,4960
1430,6356
1431,7677
1432,6309
1433,6336
1434,4927
1435,6262
1436,6264
1437,4896
1438,6270
1439,3695
1440,3696
1441,6208
1442,6254
1443,7593
1444,6264
1445,6292
1446,6255
1447,6309
1448,6227
1449,6297
1450,6260
1451,3765
1452,6309
1453,6253
1454,5554
1455,6299
1456,5581
1457,2463
1458,6262
1459,7594
1460,6302
1461,6197
1462,6332
1463,6293
1464,6308
1465,6196
1466,6294
1467,6259
1468,2535
1469,6262
1470,6292
1471,4937
1472,4919
1473,3773
1474,2291
1475,6265
1476,4927
1477,6198
1478,4845
1479,6255
1480,6260
1481,6260
1482,6253
1483,6263
1484,6196
1485,6258
1486,6253
1487,6293
1488,5581
1489,2620
1490,6292
1491,6339
1492,7413
1493,5310
1494,3627
1495,6294
1496,6261
1497,6197
1498,4182
1499,4938
1500,6301
1501,7581
1502,4843
1503,7686
1504,5303
1505,2595
1506,6292
1507,6299
1508,6208
1509,4927
1510,6262
1511,3774
1512,7719
1513,3591
1514,6299
1515,6253
1516,6292
1517,2521
1518,6968
1519,4900
1520,6332
1521,6253
1522,7639
1523,6197
1524,7181
1525,2627
1526,2620
1527,6254
1528,4162
1529,2491
1530,7647
1531,1297
1532,6303
1533,3773
1534,6197
1535,7638
1536,6284
1537,2368
1538,6207
1539,4935
1540,6357
1541,3781
1542,5077
1543,6198
1544,6207
1545,6253
1546,6263
1547,2596
1548,7710
1549,5082
1550,6292
1551,6255
1552,6253
1553,6209
1554,2517
1555,6327
1556,7677
1557,3575
1558,4929
1559,7668
1560,6304
1561,7655
1562,4920
1563,5002
1564,7638
1565,5318
1566,6269
1567,6326
1568,1023
1569,6208
1570,6254
1571,7638
1572,6209
1573,6336
1574,6204
1575,3766
1576,7678
1577,7650
1578,7639
1579,7677
1580,6226
1581,7643
1582,6255
1583,6208
1584,7752
1585,7656
1586,7687
1587,6293
1588,6308
1589,7638
1590,6207
1591,5051
1592,6704
1593,6299
1594,2517
1595,5538
1596,4991
1597,6209
1598,6284
1599,6254
1600,6270
1601,6262
1602,6209
1603,3669
1604,6969
1605,3549
1606,6335
1607,3548
1608,6300
1609,2397
1610,4888
1611,7650
1612,5303
1613,6262
1614,4906
1615,6263
1616,5044
1617,7639
1618,6196
1619,4888
1620,5574
1621,6206
1622,4895
1623,4844
1624,6261
1625,6412
1626,4842
1627,6253
1628,5515
1629,6343
1630,4888
1631,4888
1632,5312
1633,6292
1634,7679
1635,4899
1636,871
1637,6367
1638,6225
1639,6253
1640,3730
1641,6309
1642,5583
1643,6196
1644,6203
1645,7593
1646,4889
1647,4191
1648,6210
1649,4944
1650,6356
1651,4900
1652,2504
1653,6209
1654,6299
1655,2596
1656,7677
1657,6254
1658,7591
1659,2517
1660,7638
1661,3705
1662,7676
1663,2413
1664,6210
1665,7712
1666,5795
1667,4222
1668,7684
1669,6196
1670,4843
1671,3522
1672,7640
1673,6362
1674,6301
1675,7590
1676,6207
1677,6207
1678,3549
1679,7639
1680,4192
1681,7583
1682,6254
1683,6290
1684,6197
1685,6253
1686,6253
1687,6269
1688,3723
1689,6264
1690,2532
1691,4941
1692,3716
1693,6334
1694,6310
1695,4904
1696,4893
1697,5319
1698,6342
1699,6208
1700,5044
1701,4929
1702,6263
1703,2488
1704,7670
1705,4838
1706,7639
1707,6302
1708,6208
1709,4831
1710,5852
1711,7657
1712,6254
1713,5053
1714,6255
1715,6302
1716,6254
1717,6264
1718,5325
1719,7655
1720,6300
1721,6198
1722,6197
1723,5066
1724,6210
1725,4862
1726,6207
1727,6269
1728,2632
1729,6303
1730,4937
1731,3619
1732,6261
1733,6253
1734,6335
1735,6270
1736,7694
1737,5858
1738,6294
1739,7595
1740,3650
1741,4896
1742,5583
1743,6196
1744,6279
1745,6336
1746,4991
1747,6308
1748,5045
1749,5304
1750,6254
1751,4927
1752,6299
1753,2603
1754,6299
1755,4928
1756,6260
1757,6197
1758,4990
1759,7581
1760,3626
1761,4943
1762,6254
1763,6339
1764,6196
1765,6327
1766,7686
1767,6260
1768,6270
1769,6188
1770,4976
1771,3696
1772,6899
1773,5311
1774,7675
1775,6355
1776,6260
1777,4935
1778,6293
1779,7719
1780,6208
1781,7687
1782,6292
1783,6292
1784,4904
1785,4898
1786,6301
1787,6263
1788,6261
1789,3518
1790,6208
1791,4888
1792,3717
1793,6291
1794,6254
1795,6209
1796,6253
1797,6263
1798,6294
1799,4889
1800,3617
1801,5036
1802,4927
1803,5578
1804,6255
1805,6196
1806,3725
1807,6270
1808,4415
1809,6285
1810,4832
1811,4897
1812,6343
1813,4894
1814,6362
1815,6269
1816,6255
1817,5514
1818,6196
1819,4843
1820,6260
1821,4893
1822,6290
1823,1031
1824,6263
1825,4890
1826,6208
1827,6284
1828,3694
1829,7654
1830,7719
1831,4843
1832,7693
1833,7655
1834,4943
1835,6267
1836,3705
1837,7639
1838,7595
1839,6196
1840,6297
1841,6261
1842,4833
1843,6270
1844,5853
1845,6258
1846,5794
1847,5538
1848,5303
1849,6263
1850,4944
1851,2536
1852,7647
1853,6260
1854,4914
1855,5831
1856,1042
1857,7612
1858,4842
1859,6285
1860,6204
1861,6262
1862,6206
1863,6292
1864,6263
1865,6344
1866,6246
1867,4970
1868,6255
1869,6265
1870,6197
1871,3806
1872,6308
1873,6196
1874,6210
1875,4898
1876,3774
1877,871
1878,6262
1879,4893
1880,6262
1881,3717
1882,4898
1883,7676
1884,3730
1885,3778
1886,3695
1887,6308
1888,6048
1889,4843
1890,3781
1891,6292
1892,6253
1893,3597
1894,3615
1895,7649
1896,6255
1897,6209
1898,2532
1899,3778
1900,6334
1901,7611
1902,4920
1903,4416
1904,4967
1905,3696
1906,6197
1907,3724
1908,7647
1909,6253
1910,2520
1911,3627
1912,6253
1913,4888
1914,6356
1915,7594
1916,6210
1917,6285
1918,7753
1919,4899
1920,6208
1921,6362
1922,6262
1923,6334
1924,7638
1925,6299
1926,6261
1927,2421
1928,6290
1929,3687
1930,2539
1931,7640
1932,2421
1933,2422
1934,3577
1935,6696
1936,6293
1937,4213
1938,3807
1939,6198
1940,6299
1941,4895
1942,6263
1943,7687
1944,7638
1945,6228
1946,4896
1947,7581
1948,6254
1949,7670
1950,6264
1951,5305
1952,6279
1953,6300
1954,5854
1955,6209
1956,6196
1957,6210
1958,242
1959,6294
1960,4895
1961,3794
1962,4938
1963,4419
1964,6261
1965,6255
1966,4935
1967,6208
1968,3723
1969,6253
1970,5326
1971,7741
1972,6264
1973,7677
1974,6207
1975,6206
1976,4893
1977,7650
1978,6339
1979,4929
1980,6696
1981,6270
1982,7693
1983,6355
1984,6292
1985,7720
1986,6265
1987,6305
1988,1010
1989,6253
1990,3736
1991,6263
1992,6278
1993,4993
1994,3782
1995,6341
1996,3696
1997,6208
1998,5563
1999,6269
2000,6333
2001,6301
2002,4890
2003,6253
2004,3782
2005,4903
2006,6207
2007,6358
2008,4894
2009,6294
2010,6208
2011,4897
2012,7669
2013,6262
2014,5597
2015,7648
2016,3546
2017,4895
2018,4888
2019,5563
2020,6299
2021,5325
2022,6960
2023,3592
2024,6293
2025,6309
2026,4927
2027,7654
2028,6197
2029,4889
2030,6254
2031,6301
2032,3658
2033,4900
2034,5311
2035,6269
2036,4926
2037,3639
2038,6253
2039,6255
2040,6298
2041,6356
2042,5065
2043,5582
2044,4860
2045,7677
2046,6208
2047,4905
2048,2491
2049,6335
2050,6264
2051,6270
2052,7679
2053,4889
2054,6309
2055,6253
2056,2626
2057,5304
2058,1283
2059,6302
2060,7655
2061,2465
2062,6197
2063,3791
2064,7594
2065,7650
2066,7638
2067,5574
2068,6298
2069,7602
2070,3773
2071,5896
2072,4845
2073,4414
2074,6263
2075,6207
2076,7650
2077,4889
2078,6293
2079,6254
2080,5304
2081,6300
2082,6197
2083,3802
2084,5318
2085,6261
2086,6363
2087,3775
2088,7694
2089,4961
2090,6265
2091,3798
2092,3506
2093,5576
2094,6356
2095,6355
2096,6204
2097,3619
2098,6209
2099,3547
2100,6291
2101,7720
2102,4417
2103,5045
2104,4896
2105,4937
2106,6209
2107,794
2108,6254
2109,3785
2110,7694
2111,6294
2112,3718
2113,4888
2114,6253
2115,3775
2116,6264
2117,4900
2118,6264
2119,7678
2120,6308
2121,6254
2122,3802
2123,6399
2124,7648
2125,4888
2126,6209
2127,6254
2128,6196
2129,5513
2130,4843
2131,2536
2132,3687
2133,2499
2134,6209
2135,6206
2136,765
2137,6265
2138,6336
2139,6208
2140,7742
2141,6269
2142,4898
2143,5325
2144,6285
2145,2586
2146,7646
2147,6265
2148,5577
2149,4893
2150,6253
2151,6362
2152,4937
2153,6293
2154,6334
2155,6270
2156,6198
2157,6335
2158,6308
2159,3704
2160,6269
2161,6261
2162,6263
2163,3597
2164,6308
2165,6301
2166,7688
2167,7678
2168,3723
2169,6292
2170,6437
2171,7592
2172,4998
2173,7687
2174,6225
2175,5576
2176,6341
2177,6197
2178,7661
2179,5051
2180,6351
2181,2499
2182,6259
2183,7643
2184,3794
2185,3717
2186,1282
2187,4890
2188,3802
2189,5073
2190,6335
2191,3575
2192,5303
2193,4831
2194,7648
2195,5795
2196,6196
2197,6293
2198,6269
2199,6339
2200,7626
2201,7590
2202,6255
2203,6257
2204,6326
2205,6266
2206,4845
2207,6261
2208,6196
2209,4991
2210,2632
2211,6208
2212,6258
2213,2596
2214,6253
2215,7721
2216,7638
2217,4898
2218,7647
2219,6326
2220,6385
2221,5538
2222,2595
2223,6333
2224,7694
2225,6222
2226,6278
2227,4896
2228,6254
2229,6284
2230,6308
2231,6292
2232,6196
2233,6253
2234,6299
2235,6253
2236,7593
2237,4159
2238,7677
2239,6336
2240,5073
2241,6205
2242,6336
2243,7582
2244,2490
2245,3716
2246,3697
2247,7592
2248,2516
2249,6362
2250,6196
2251,6309
2252,4905
2253,6208
2254,3772
2255,6196
2256,7677
2257,6706
2258,5046
2259,6308
2260,6326
2261,5002
2262,6308
2263,6301
2264,6292
2265,6254
2266,6254
2267,6255
2268,6208
2269,6302
2270,2464
2271,2603
2272,6253
2273,6262
2274,6255
2275,6196
2276,6302
2277,7638
2278,6334
2279,6293
2280,4856
2281,6335
2282,4895
2283,6358
2284,6209
2285,6299
2286,6260
2287,6261
2288,7244
2289,6294
2290,4888
2291,2607
2292,5582
2293,6308
2294,6196
2295,4919
2296,6264
2297,6198
2298,3723
2299,7594
2300,6198
2301,6358
2302,7647
2303,6254
2304,2604
2305,5303
2306,6208
2307,7638
2308,4126
2309,6363
2310,7582
2311,6334
2312,2619
2313,4824
2314,2499
2315,7594
2316,5852
2317,7693
2318,5574
2319,6226
2320,6261
2321,3800
2322,5044
2323,3723
2324,7594
2325,6263
2326,6293
2327,6270
2328,3703
2329,3547
2330,6283
2331,7719
2332,6284
2333,6033
2334,3702
2335,6291
2336,5319
2337,3765
2338,6362
2339,7654
2340,6344
2341,3717
2342,4928
2343,6293
2344,4833
2345,3165
2346,5852
2347,6292
2348,6269
2349,6196
2350,6298
2351,6208
2352,6302
2353,6197
2354,4478
2355,5574
2356,4832
2357,6255
2358,5795
2359,6326
2360,2627
2361,7594
2362,6272
2363,6206
2364,6291
2365,5036
2366,6284
2367,3668
2368,5304
2369,3712
2370,4970
2371,6207
2372,7670
2373,7638
2374,6254
2375,7239
2376,4904
2377,6292
2378,7638
2379,4971
2380,7669
2381,4193
2382,4902
2383,7592
2384,6263
2385,2463
2386,6269
2387,7646
2388,3576
2389,6292
2390,4844
2391,6327
2392,5036
2393,6265
2394,6292
2395,4831
2396,3632
2397,7688
2398,4927
2399,3131
2400,6302
2401,6196
2402,3635
2403,6210
2404,6197
2405,6253
2406,7648
2407,6294
2408,4842
2409,4832
2410,7650
2411,4896
2412,7638
2413,4895
2414,6261
2415,6284
2416,6207
2417,6297
2418,3603
2419,6688
2420,6268
2421,2607
2422,4944
2423,7747
2424,795
2425,3721
2426,6270
2427,6292
2428,6262
2429,4928
2430,2501
2431,6147
2432,6227
2433,4855
2434,6325
2435,5289
2436,6254
2437,4844
2438,6226
2439,6208
2440,6262
2441,2487
2442,6301
2443,6292
2444,6284
2445,6259
2446,6254
2447,3807
2448,6270
2449,5054
2450,6222
2451,4978
2452,6308
2453,7678
2454,6299
2455,4991
2456,6253
2457,6292
2458,7594
2459,6254
2460,4976
2461,6254
2462,4927
2463,4970
2464,6292
2465,7678
2466,6208
2467,7655
2468,6270
2469,6198
2470,4824
2471,3784
2472,6254
2473,6264
2474,6293
2475,6332
2476,7664
2477,7721
2478,6304
2479,6253
2480,6308
2481,6196
2482,5303
2483,7639
2484,2624
2485,4928
2486,5859
2487,6362
2488,6263
2489,4904
2490,6335
2491,6285
2492,2516
2493,2586
2494,6209
2495,6262
2496,6206
2497,6206
2498,4863
2499,4937
2500,3778
2501,4479
2502,3794
2503,7640
2504,4895
2505,3689
2506,3696
2507,6253
2508,3766
2509,6197
2510,6932
2511,4212
2512,6209
2513,6206
2514,6335
2515,6196
2516,5035
2517,6255
2518,7594
2519,3581
2520,7640
2521,5859
2522,1313
2523,6254
2524,7607
2525,6327
2526,4896
2527,527
2528,6334
2529,6269
2530,6305
2531,6253
2532,4979
2533,1035
2534,7591
2535,6226
2536,6363
2537,6260
2538,6196
2539,6198
2540,6292
2541,6269
2542,6198
2543,3576
2544,6260
2545,4907
2546,4936
2547,6336
2548,6226
2549,6207
2550,6334
2551,7470
2552,6209
2553,6308
2554,6962
2555,4980
2556,6198
2557,6270
2558,3603
2559,3591
2560,6198
2561,6292
2562,6292
2563,7594
2564,6253
2565,7647
2566,6226
2567,6123
2568,6284
2569,3687
2570,6209
2571,6206
2572,5304
2573,7678
2574,7646
2575,6196
2576,6293
2577,3696
2578,6303
2579,2510
2580,6210
2581,4496
2582,5546
2583,6261
2584,4888
2585,4831
2586,7679
2587,6326
2588,6263
2589,6196
2590,6973
2591,6292
2592,6293
2593,7646
2594,4943
2595,6254
2596,3591
2597,4899
2598,6307
2599,2509
2600,6253
2601,6197
2602,7679
2603,4841
2604,3688
2605,4896
2606,3619
2607,7685
2608,6266
2609,7677
2610,4898
2611,4414
2612,6302
2613,7180
2614,3775
2615,5599
2616,6284
2617,6253
2618,7650
2619,6261
2620,2539
2621,3577
2622,1307
2623,7639
2624,4842
2625,6690
2626,6196
2627,6196
2628,3548
2629,2385
2630,6261
2631,6291
2632,6284
2633,6196
2634,6292
2635,4997
2636,4904
2637,3634
2638,5859
2639,6254
2640,4968
2641,6299
2642,6253
2643,6208
2644,6290
2645,6253
2646,1307
2647,6209
2648,4844
2649,4831
2650,5856
2651,6297
2652,5305
2653,2509
2654,6327
2655,7654
2656,6293
2657,6284
2658,6258
2659,7589
2660,4943
2661,4919
2662,6254
2663,6268
2664,3549
2665,6931
2666,6308
2667,6197
2668,4893
2669,6255
2670,5858
2671,3723
2672,6301
2673,3506
2674,6300
2675,6209
2676,6224
2677,6255
2678,7647
2679,6327
2680,7639
2681,5066
2682,3617
2683,6196
2684,7687
2685,6253
2686,6263
2687,7254
2688,7726
2689,4970
2690,7643
2691,6283
2692,6302
2693,6254
2694,6303
2695,6253
2696,7677
2697,7639
2698,7647
2699,6253
2700,6293
2701,5306
2702,4943
2703,6253
2704,5072
2705,7653
2706,6262
2707,2411
2708,7588
2709,6254
2710,3801
2711,6254
2712,6209
2713,6271
2714,6301
2715,6401
2716,7639
2717,6297
2718,6345
2719,4937
2720,5859
2721,6253
2722,6208
2723,6253
2724,4920
2725,3576
2726,6263
2727,6262
2728,6267
2729,7581
2730,6255
2731,2623
2732,6221
2733,2510
2734,2587
2735,7646
2736,6293
2737,3791
2738,5318
2739,6309
2740,4889
2741,3790
2742,6196
2743,6334
2744,3646
2745,5303
2746,6269
2747,6270
2748,4925
2749,7719
2750,6302
2751,6254
2752,6269
2753,3687
2754,6254
2755,5801
2756,7581
2757,6208
2758,6254
2759,6255
2760,5305
2761,6293
2762,6206
2763,3696
2764,3610
2765,5572
2766,7593
2767,6355
2768,6255
2769,6253
2770,7639
2771,6263
2772,4926
2773,6674
2774,6207
2775,6284
2776,6196
2777,6262
2778,6262
2779,3802
2780,2508
2781,6270
2782,6307
2783,7639
2784,6260
2785,6309
2786,6293
2787,7647
2788,6335
2789,2492
2790,6301
2791,6309
2792,7646
2793,2591
2794,3697
2795,6253
2796,6335
2797,6334
2798,6260
2799,5304
2800,4934
2801,6262
2802,6253
2803,1313
2804,3549
2805,2528
2806,6300
2807,5877
2808,4897
2809,6334
2810,4890
2811,7678
2812,6198
2813,6253
2814,7747
2815,6301
2816,3704
2817,6197
2818,6196
2819,6208
2820,4969
2821,1047
2822,4888
2823,2413
2824,4905
2825,7648
2826,7677
2827,2463
2828,4937
2829,4176
2830,6254
2831,6254
2832,6335
2833,6294
2834,7581
2835,4928
2836,4937
2837,7651
2838,7639
2839,6262
2840,6351
2841,7655
2842,6293
2843,6253
2844,6208
2845,3702
2846,7693
2847,6293
2848,6261
2849,6270
2850,7581
2851,3781
2852,6383
2853,6255
2854,6336
2855,3587
2856,6198
2857,6206
2858,6270
2859,6294
2860,6209
2861,4891
2862,6301
2863,6196
2864,5066
2865,6299
2866,6292
2867,4905
2868,6334
2869,3506
2870,6290
2871,6703
2872,5854
2873,6299
2874,6293
2875,4927
2876,6292
2877,3696
2878,7712
2879,5036
2880,7591
2881,6209
2882,6357
2883,2627
2884,6203
2885,7612
2886,6293
2887,4896
2888,6197
2889,7685
2890,4889
2891,7679
2892,6711
2893,4844
2894,6262
2895,6253
2896,4936
2897,6254
2898,6258
2899,6254
2900,6198
2901,6356
2902,2596
2903,7639
2904,6304
2905,7677
2906,7592
2907,6208
2908,6261
2909,7236
2910,6303
2911,4935
2912,6245
2913,6255
2914,3791
2915,6207
2916,4889
2917,5046
2918,6362
2919,5571
2920,6308
2921,6285
2922,6300
2923,4831
2924,2622
2925,6263
2926,6334
2927,7678
2928,2508
2929,7688
2930,5085
2931,6301
2932,6254
2933,4935
2934,6284
2935,6264
2936,6302
2937,7678
2938,7594
2939,6335
2940,4888
2941,6263
2942,5042
2943,7589
2944,7679
2945,5801
2946,6301
2947,6261
2948,6293
2949,6206
2950,7581
2951,7581
2952,1317
2953,6309
2954,6302
2955,5326
2956,6255
2957,4893
2958,2586
2959,4895
2960,4928
2961,6210
2962,6217
2963,6278
2964,4893
2965,3780
2966,7677
2967,6209
2968,6967
2969,7687
2970,5514
2971,6336
2972,6253
2973,5802
2974,6293
2975,6258
2976,6309
2977,6271
2978,2516
2979,4920
2980,5854
2981,6309
2982,2584
2983,6196
2984,7639
2985,6262
2986,6255
2987,4844
2988,5304
2989,4926
2990,5319
2991,7638
2992,4897
2993,3575
2994,7655
2995,6301
2996,6253
2997,3716
2998,6263
2999,6189
3000,6269
3001,3695
3002,5072
3003,6207
3004,4843
3005,4943
3006,6255
3007,4843
3008,6254
3009,3802
3010,7648
3011,6264
3012,5795
3013,5069
3014,6253
3015,4888
3016,4944
3017,7678
3018,6294
3019,3717
3020,6209
3021,6302
3022,6196
3023,4844
3024,6293
3025,6265
3026,3604
3027,2620
3028,4888
3029,4859
3030,5319
3031,6253
3032,6206
3033,6255
3034,7593
3035,6270
3036,7654
3037,6208
3038,6222
3039,4889
3040,6309
3041,2520
3042,7582
3043,4920
3044,7694
3045,7654
3046,6923
3047,7685
3048,6220
3049,6297
3050,6302
3051,5569
3052,4862
3053,4415
3054,6335
3055,4904
3056,6254
3057,6299
3058,6301
3059,7646
3060,6196
3061,3549
3062,6196
3063,6269
3064,4998
3065,6302
3066,2596
3067,7639
3068,6197
3069,6253
3070,6355
3071,6269
3072,7650
3073,3696
3074,4897
3075,6263
3076,6254
3077,6253
3078,4862
3079,6293
3080,4889
3081,6261
3082,4943
3083,4920
3084,6284
3085,5795
3086,6696
3087,6205
3088,2579
3089,1020
3090,6362
3091,1044
3092,2627
3093,6253
3094,3695
3095,6293
3096,6333
3097,7638
3098,2501
3099,5326
3100,7648
3101,2387
3102,6303
3103,6294
3104,3697
3105,6255
3106,3774
3107,4889
3108,4889
3109,4935
3110,1096
3111,3628
3112,6209
3113,7591
3114,6293
3115,2619
3116,2626
3117,7648
3118,7638
3119,3724
3120,6302
3121,2287
3122,4901
3123,6253
3124,5044
3125,6308
3126,2510
3127,5577
3128,5067
3129,6342
3130,6309
3131,6208
3132,4935
3133,6209
3134,6293
3135,7582
3136,6283
3137,6253
3138,6028
3139,6254
3140,2453
3141,3576
3142,6293
3143,6197
3144,6207
3145,4927
3146,6293
3147,6253
3148,3773
3149,3548
3150,6284
3151,7645
3152,6292
3153,6254
3154,4920
3155,6292
3156,6261
3157,6260
3158,4889
3159,7638
3160,3688
3161,7677
3162,7639
3163,7582
3164,6197
3165,4897
3166,3506
3167,6270
3168,538
3169,4935
3170,6292
3171,6197
3172,4831
3173,6341
3174,5326
3175,4841
3176,6208
3177,6293
3178,6284
3179,6326
3180,5045
3181,6933
3182,6254
3183,4970
3184,6264
3185,6253
3186,4935
3187,3795
3188,7594
3189,7687
3190,7638
3191,7654
3192,4967
3193,7720
3194,3713
3195,6261
3196,6355
3197,6197
3198,7639
3199,6262
3200,5072
3201,6254
3202,6294
3203,6308
3204,870
3205,7639
3206,6254
3207,6302
3208,6254
3209,6254
3210,3622
3211,6207
3212,7670
3213,7582
3214,4889
3215,5583
3216,7592
3217,4889
3218,6293
3219,6208
3220,4928
3221,6254
3222,6301
3223,3596
3224,6262
3225,6273
3226,4832
3227,7654
3228,4928
3229,7658
3230,6254
3231,6290
3232,2595
3233,6208
3234,6253
3235,3696
3236,6355
3237,7679
3238,6209
3239,7629
3240,4937
3241,6264
3242,3696
3243,6269
3244,6198
3245,4904
3246,7676
3247,6203
3248,4898
3249,7581
3250,3507
3251,3774
3252,4845
3253,6269
3254,7639
3255,2517
3256,3717
3257,4899
3258,5303
3259,6262
3260,7648
3261,7647
3262,4844
3263,6253
3264,6309
3265,4918
3266,6209
3267,6198
3268,6254
3269,5794
3270,7639
3271,741
3272,6309
3273,4928
3274,6341
3275,7694
3276,4898
3277,6255
3278,6358
3279,5855
3280,4889
3281,6292
3282,2540
3283,6270
3284,6703
3285,7638
3286,5578
3287,7592
3288,4906
3289,6208
3290,6292
3291,7611
3292,7654
3293,7655
3294,6293
3295,2586
3296,3783
3297,3773
3298,5288
3299,6209
3300,6308
3301,1318
3302,5322
3303,4833
3304,6714
3305,7595
3306,6308
3307,6285
3308,7693
3309,3604
3310,7638
3311,4905
3312,6299
3313,2539
3314,2540
3315,6284
3316,5303
3317,6196
3318,6262
3319,6335
3320,6415
3321,4889
3322,6299
3323,6341
3324,6293
3325,6253
3326,6292
3327,7677
3328,3694
3329,6253
3330,3704
3331,6293
3332,6255
3333,3773
3334,6298
3335,6703
3336,6300
3337,5512
3338,6261
3339,6263
3340,7639
3341,1309
3342,6285
3343,3694
3344,4934
3345,6292
3346,3694
3347,4927
3348,5561
3349,6210
3350,6255
3351,6298
3352,6335
3353,7655
3354,2509
3355,5796
3356,5794
3357,4937
3358,6292
3359,6208
3360,6255
3361,6270
3362,6291
3363,3773
3364,3603
3365,4843
3366,4896
3367,3546
3368,6209
3369,6208
3370,2530
3371,7719
3372,4832
3373,6271
3374,6270
3375,7638
3376,4888
3377,6284
3378,3696
3379,7640
3380,3717
3381,6254
3382,6293
3383,7653
3384,6254
3385,6254
3386,6254
3387,6959
3388,6301
3389,6293
3390,7581
3391,7726
3392,6363
3393,4926
3394,4909
3395,7640
3396,2604
3397,6258
3398,4831
3399,6342
3400,6253
3401,4905
3402,6274
3403,6309
3404,6293
3405,6263
3406,3781
3407,6253
3408,6258
3409,4919
3410,4895
3411,3628
3412,7645
3413,6335
3414,5548
3415,6285
3416,1295
3417,6292
3418,4905
3419,6358
3420,6285
3421,2510
3422,3604
3423,6262
3424,1042
3425,6392
3426,4857
3427,2597
3428,6196
3429,6253
3430,7711
3431,6196
3432,6293
3433,5321
3434,4895
3435,4998
3436,6335
3437,6326
3438,6293
3439,2603
3440,4934
3441,6371
3442,4890
3443,6196
3444,3765
3445,6259
3446,5054
3447,5303
3448,6198
3449,4890
3450,3802
3451,3724
3452,3693
3453,6254
3454,5045
3455,6266
3456,4927
3457,3797
3458,7678
3459,5306
3460,6207
3461,5795
3462,5571
3463,6269
3464,7726
3465,6270
3466,7639
3467,7594
3468,6258
3469,6284
3470,4831
3471,5802
3472,6335
3473,6206
3474,7639
3475,6263
3476,1031
3477,4831
3478,6284
3479,4888
3480,6302
3481,6254
3482,5794
3483,6254
3484,3533
3485,4927
3486,7593
3487,6253
3488,7743
3489,3775
3490,7651
3491,7611
3492,6198
3493,4471
3494,7693
3495,6260
3496,3783
3497,6292
3498,2631
3499,3652
3500,7678
3501,6262
3502,6254
3503,6264
3504,7678
3505,3802
3506,4934
3507,5073
3508,7594
3509,6963
3510,6362
3511,7678
3512,7677
3513,5326
3514,3801
3515,6208
3516,6208
3517,4888
3518,6284
3519,7678
3520,4934
3521,7645
3522,7677
3523,6261
3524,4896
3525,7717
3526,6203
3527,4990
3528,7676
3529,6253
3530,7180
3531,6207
3532,6254
3533,4898
3534,7678
3535,6253
3536,5577
3537,2441
3538,7591
3539,6359
3540,3775
3541,2388
3542,6357
3543,4221
3544,4898
3545,2604
3546,4927
3547,6303
3548,6226
3549,3773
3550,6270
3551,6303
3552,5514
3553,6196
3554,6229
3555,6285
3556,5582
3557,6301
3558,6254
3559,6253
3560,7244
3561,4832
3562,3617
3563,5783
3564,5009
3565,3550
3566,4842
3567,6292
3568,753
3569,3604
3570,6264
3571,5318
3572,4898
3573,7582
3574,6270
3575,6304
3576,6261
3577,7655
3578,5045
3579,3597
3580,6254
3581,6265
3582,6263
3583,4946
3584,4832
3585,2608
3586,4997
3587,4843
3588,4895
3589,4832
3590,6302
3591,3576
3592,6293
3593,6292
3594,7640
3595,1305
3596,7655
3597,7679
3598,3547
3599,6279
3600,6343
3601,6261
3602,4831
3603,3794
3604,6290
3605,2289
3606,4472
3607,4907
3608,4888
3609,5801
3610,7583
3611,4944
3612,6269
3613,3802
3614,6263
3615,7668
3616,7638
3617,7612
3618,6253
3619,1228
3620,4898
3621,6299
3622,5303
3623,7639
3624,6254
3625,4844
3626,6203
3627,4832
3628,6197
3629,6258
3630,3723
3631,6028
3632,6335
3633,4844
3634,6259
3635,6197
3636,7646
3637,2607
3638,6217
3639,7582
3640,6254
3641,6209
3642,4933
3643,7638
3644,5513
3645,4889
3646,4897
3647,5305
3648,7677
3649,6198
3650,6254
3651,5073
3652,7655
3653,6300
3654,3687
3655,7686
3656,2421
3657,4844
3658,3693
3659,4889
3660,5561
3661,6334
3662,7664
3663,5045
3664,4888
3665,7682
3666,6363
3667,7657
3668,5514
3669,2514
3670,7679
3671,6226
3672,7684
3673,3796
3674,6208
3675,6196
3676,6254
3677,6334
3678,4943
3679,4920
3680,7607
3681,6299
3682,5067
3683,2532
3684,6218
3685,3696
3686,6896
3687,6197
3688,4890
3689,6253
3690,6264
3691,3518
3692,6209
3693,6285
3694,5598
3695,6260
3696,7645
3697,1010
3698,4992
3699,4889
3700,6196
3701,6260
3702,6292
3703,6291
3704,7648
3705,6209
3706,4935
3707,7658
3708,6270
3709,6335
3710,7720
3711,6302
3712,4971
3713,6209
3714,4971
3715,6285
3716,6220
3717,6222
3718,6341
3719,3597
3720,6392
3721,5832
3722,6254
3723,4976
3724,6266
3725,7595
3726,6254
3727,6285
3728,4833
3729,6263
3730,6253
3731,7693
3732,6204
3733,6303
3734,7678
3735,4898
3736,6309
3737,6208
3738,2535
3739,6674
3740,6264
3741,6293
3742,6358
3743,4860
3744,6261
3745,4913
3746,6265
3747,6356
3748,2423
3749,6208
3750,4969
3751,7611
3752,6292
3753,4889
3754,6258
3755,6034
3756,3802
3757,2595
3758,7803
3759,6197
3760,6383
3761,6352
3762,6293
3763,6356
3764,4473
3765,6334
3766,7646
3767,7712
3768,5044
3769,6263
3770,6263
3771,3586
3772,4888
3773,6266
3774,5561
3775,6967
3776,7581
3777,6258
3778,3596
3779,6269
3780,2389
3781,6302
3782,6335
3783,6305
3784,6300
3785,2603
3786,6196
3787,4920
3788,6270
3789,6306
3790,5859
3791,7737
3792,4935
3793,1001
3794,508
3795,7181
3796,6301
3797,6290
3798,6206
3799,4929
3800,4962
3801,7581
3802,1012
3803,6309
3804,6208
3805,7595
3806,1301
3807,6197
3808,6198
3809,6300
3810,7669
3811,4211
3812,7742
3813,6673
3814,3801
3815,7719
3816,7655
3817,6391
3818,7684
3819,4895
3820,6334
3821,6939
3822,5577
3823,2527
3824,4899
3825,6335
3826,6253
3827,6334
3828,6196
3829,6208
3830,4896
3831,4843
3832,4705
3833,4920
3834,4889
3835,6269
3836,4888
3837,4890
3838,6270
3839,6263
3840,3635
3841,7678
3842,3781
3843,4900
3844,6253
3845,6206
3846,6208
3847,4990
3848,6197
3849,6362
3850,7639
3851,6254
3852,7647
3853,2592
3854,6336
3855,5578
3856,6198
3857,5582
3858,6221
3859,7645
3860,6285
3861,6197
3862,4935
3863,3702
3864,2572
3865,6253
3866,5066
3867,7727
3868,5265
3869,4167
3870,3719
3871,6196
3872,6253
3873,6263
3874,6207
3875,6265
3876,6261
3877,6270
3878,4901
3879,6291
3880,6254
3881,7651
3882,4478
3883,4920
3884,3791
3885,4833
3886,6285
3887,6207
3888,6197
3889,4198
3890,4422
3891,7639
3892,6262
3893,4907
3894,2597
3895,4927
3896,2539
3897,7657
3898,4943
3899,6293
3900,4991
3901,6301
3902,6270
3903,6303
3904,6309
3905,6261
3906,4895
3907,6301
3908,6264
3909,3801
3910,6302
3911,6258
3912,6209
3913,3716
3914,6294
3915,6208
3916,4962
3917,7647
3918,4161
3919,6967
3920,6293
3921,5066
3922,6254
3923,6264
3924,6197
3925,2337
3926,4940
3927,2521
3928,6209
3929,4857
3930,7588
3931,3518
3932,6270
3933,6260
3934,6253
3935,6292
3936,7687
3937,6267
3938,6302
3939,6196
3940,2595
3941,6285
3942,2596
3943,7638
3944,4927
3945,6197
3946,4898
3947,6263
3948,6196
3949,7640
3950,7646
3951,6261
3952,7712
3953,4926
3954,4845
3955,2604
3956,7638
3957,7648
3958,6293
3959,5587
3960,6260
3961,6292
3962,6299
3963,6262
3964,2574
3965,6261
3966,3766
3967,3729
3968,6254
3969,6924
3970,6302
3971,6253
3972,2499
3973,6266
3974,6292
3975,6307
3976,7639
3977,5577
3978,6255
3979,7639
3980,4928
3981,3716
3982,6210
3983,6254
3984,6261
3985,6413
3986,6294
3987,6293
3988,6306
3989,6356
3990,6304
3991,7648
3992,6336
3993,6209
3994,3724
3995,5049
3996,7582
3997,7591
3998,6302
3999,2292
4000,7639
4001,1299
4002,3687
4003,6264
4004,6292
4005,4925
4006,4842
4007,6260
4008,3702
4009,7689
4010,6203
4011,6210
4012,4897
4013,6209
4014,6265
4015,6255
4016,6209
4017,5575
4018,5545
4019,7655
4020,7677
4021,4935
4022,6208
4023,4896
4024,3506
4025,5036
4026,3774
4027,7594
4028,6293
4029,2595
4030,7612
4031,6227
4032,2414
4033,3696
4034,6293
4035,1283
4036,7639
4037,3617
4038,4977
4039,3576
4040,4927
4041,6254
4042,7638
4043,6253
4044,6206
4045,7187
4046,6254
4047,6260
4048,7685
4049,6302
4050,7640
4051,4896
4052,5576
4053,6196
4054,6208
4055,7678
4056,4938
4057,6254
4058,6255
4059,6270
4060,6293
4061,5583
4062,7687
4063,2621
4064,6197
4065,6206
4066,6292
4067,4937
4068,7676
4069,6264
4070,4650
4071,6349
4072,7669
4073,6196
4074,6263
4075,6253
4076,7595
4077,3806
4078,3696
4079,7657
4080,7776
4081,6253
4082,6209
4083,6265
4084,6222
4085,4898
4086,4926
4087,6254
4088,4888
4089,4998
4090,6355
4091,6253
4092,7594
4093,6254
4094,7638
4095,7670
4096,4897
4097,6254
4098,4919
4099,6262
4100,7685
4101,6253
4102,7638
4103,2586
4104,6256
4105,4832
4106,7582
4107,6270
4108,6327
4109,6208
4110,6292
4111,6263
4112,6254
4113,4845
4114,7645
4115,4889
4116,4928
4117,6308
4118,7594
4119,2584
4120,5794
4121,6937
4122,6367
4123,6261
4124,7694
4125,7677
4126,2470
4127,6254
4128,6356
4129,7647
4130,5044
4131,6292
4132,4997
4133,6209
4134,4927
4135,7594
4136,6261
4137,7582
4138,7639
4139,6226
4140,6284
4141,6293
4142,6217
4143,6284
4144,4967
4145,7639
4146,4844
4147,3780
4148,6308
4149,4843
4150,6198
4151,6293
4152,7670
4153,6308
4154,4832
4155,6293
4156,5582
4157,6272
4158,4889
4159,3597
4160,6260
4161,6220
4162,6301
4163,5325
4164,6293
4165,6299
4166,7638
4167,6270
4168,4889
4169,6269
4170,3773
4171,6260
4172,4890
4173,6412
4174,1011
4175,6209
4176,3617
4177,7679
4178,3766
4179,6210
4180,6197
4181,6210
4182,6197
4183,4937
4184,3802
4185,4987
4186,6264
4187,7684
4188,7720
4189,6209
4190,4880
4191,2643
4192,5853
4193,6293
4194,6413
4195,4888
4196,6301
4197,5045
4198,2594
4199,6284
4200,4918
4201,6263
4202,7594
4203,5050
4204,1019
4205,6334
4206,3597
4207,6254
4208,4904
4209,6292
4210,5576
4211,6304
4212,6253
4213,6285
4214,6262
4215,6266
4216,6302
4217,3774
4218,1047
4219,4889
4220,6254
4221,6254
4222,7594
4223,4832
4224,6301
4225,6196
4226,6197
4227,7693
4228,4192
4229,2595
4230,3696
4231,2540
4232,6279
4233,6308
4234,6293
4235,6279
4236,4943
4237,6285
4238,4474
4239,6208
4240,4832
4241,6209
4242,2627
4243,5583
4244,7669
4245,6327
4246,6254
4247,3617
4248,6208
4249,7238
4250,7664
4251,6228
4252,6308
4253,3597
4254,6293
4255,7593
4256,2509
4257,6198
4258,7647
4259,7742
4260,7638
4261,6334
4262,6269
4263,6270
4264,4841
4265,6269
4266,3724
4267,7651
4268,6198
4269,3697
4270,3717
4271,6198
4272,6253
4273,6208
4274,3796
4275,7678
4276,7238
4277,6368
4278,3795
4279,6263
4280,6299
4281,7677
4282,7670
4283,6255
4284,6334
4285,6209
4286,4889
4287,6254
4288,6334
4289,6270
4290,2626
4291,6292
4292,6208
4293,6207
4294,6261
4295,2517
4296,6304
4297,4939
4298,3796
4299,6260
4300,7686
4301,2509
4302,6208
4303,6335
4304,4862
4305,6362
4306,6254
4307,7581
4308,6302
4309,3600
4310,1011
4311,6967
4312,6293
4313,3619
4314,7708
4315,5320
4316,7593
4317,6269
4318,6261
4319,6292
4320,6294
4321,6292
4322,2465
4323,4901
4324,6221
4325,6303
4326,7181
4327,6336
4328,6352
4329,4928
4330,6690
4331,6262
4332,3635
4333,7669
4334,6301
4335,6260
4336,6255
4337,6704
4338,6204
4339,6197
4340,6303
4341,6254
4342,4832
4343,6207
4344,7640
4345,2597
4346,4898
4347,6196
4348,7689
4349,6196
4350,5859
4351,5795
4352,6325
4353,5051
4354,7648
4355,4976
4356,3697
4357,4898
4358,7593
4359,5795
4360,3802
4361,4927
4362,2509
4363,6261
4364,4843
4365,6309
4366,5053
4367,6335
4368,6285
4369,6209
4370,6253
4371,6297
4372,5801
4373,2623
4374,4889
4375,5305
4376,6272
4377,6209
4378,7640
4379,6266
4380,6293
4381,7693
4382,3794
4383,6344
4384,3697
4385,4889
4386,7611
4387,5554
4388,6254
4389,7719
4390,6301
4391,6219
4392,4898
4393,4977
4394,7439
4395,2500
4396,5854
4397,7594
4398,6253
4399,3609
4400,4907
4401,6196
4402,4893
4403,6226
4404,6262
4405,3657
4406,6299
4407,6303
4408,6254
4409,6198
4410,6253
4411,4907
4412,6300
4413,2596
4414,7582
4415,5002
4416,2464
4417,6262
4418,7602
4419,6197
4420,4990
4421,6715
4422,6309
4423,6270
4424,3782
4425,6255
4426,6261
4427,6355
4428,6253
4429,4843
4430,6226
4431,6292
4432,6368
4433,6197
4434,6208
4435,7650
4436,6206
4437,6204
4438,4936
4439,5062
4440,6258
4441,6253
4442,6292
4443,6255
4444,3583
4445,7638
4446,6196
4447,6290
4448,3645
4449,4190
4450,2492
4451,7744
4452,6255
4453,6261
4454,6302
4455,6284
4456,3548
4457,7650
4458,6209
4459,6366
4460,6327
4461,6294
4462,6254
4463,6694
4464,6302
4465,6294
4466,6259
4467,5052
4468,6293
4469,6294
4470,3780
4471,5303
4472,6335
4473,6306
4474,6254
4475,4932
4476,6301
4477,3687
4478,3625
4479,4831
4480,2510
4481,6263
4482,4976
4483,5303
4484,6270
4485,7677
4486,6263
4487,4927
4488,6270
4489,5851
4490,4977
4491,4905
4492,7677
4493,6260
4494,6293
4495,6273
4496,3537
4497,7640
4498,4971
4499,4843
4500,6293
4501,5577
4502,4841
4503,4991
4504,4197
4505,4961
4506,7639
4507,6196
4508,6261
4509,6255
4510,4900
4511,5318
4512,7654
4513,7582
4514,6355
4515,6340
4516,3769
4517,4845
4518,6198
4519,6294
4520,6204
4521,6197
4522,7648
4523,5794
4524,6197
4525,6263
4526,7646
4527,6080
4528,5561
4529,6222
4530,6255
4531,7646
4532,6227
4533,6261
4534,6355
4535,5852
4536,5044
4537,6206
4538,3700
4539,6300
4540,5514
4541,6197
4542,6293
4543,6291
4544,7670
4545,3568
4546,4936
4547,6208
4548,7594
4549,4831
4550,6301
4551,5563
4552,4888
4553,6228
4554,6255
4555,6272
4556,7777
4557,3800
4558,4898
4559,6261
4560,4895
4561,7639
4562,4927
4563,7677
4564,2386
4565,6254
4566,5312
4567,3546
4568,6254
4569,4823
4570,6196
4571,3627
4572,2593
4573,5852
4574,4415
4575,7669
4576,6197
4577,6335
4578,4979
4579,4843
4580,6255
4581,7686
4582,6253
4583,6209
4584,5303
4585,3795
4586,6254
4587,4845
4588,6301
4589,6292
4590,6369
4591,6262
4592,6965
4593,6715
4594,4473
4595,4888
4596,6309
4597,7643
4598,6419
4599,6292
4600,7603
4601,4962
4602,6270
4603,6302
4604,6197
4605,6333
4606,5577
4607,2604
4608,5073
4609,6341
4610,5320
4611,6336
4612,4938
4613,4970
4614,7639
4615,4154
4616,6255
4617,7638
4618,7677
4619,1012
4620,3773
4621,7639
4622,6269
4623,7655
4624,6290
4625,4888
4626,4890
4627,6270
4628,6710
4629,6335
4630,6688
4631,7581
4632,6263
4633,2539
4634,7603
4635,6302
4636,2579
4637,6254
4638,3774
4639,6355
4640,6270
4641,6308
4642,6258
4643,6292
4644,7712
4645,2532
4646,6224
4647,4862
4648,6292
4649,3703
4650,7721
4651,7639
4652,6293
4653,6253
4654,6291
4655,7640
4656,6302
4657,7647
4658,6335
4659,4927
4660,4852
4661,3653
4662,6254
4663,6034
4664,6293
4665,2595
4666,4843
4667,6302
4668,6206
4669,6206
4670,3724
4671,6261
4672,4890
4673,6253
4674,4936
4675,6334
4676,2509
4677,2626
4678,7655
4679,6392
4680,4937
4681,6201
4682,6262
4683,3603
4684,6254
4685,6285
4686,6261
4687,1359
4688,6334
4689,6342
4690,7679
4691,3717
4692,6198
4693,6969
4694,7686
4695,6294
4696,7640
4697,5578
4698,5315
4699,6254
4700,5065
4701,6294
4702,4927
4703,6294
4704,6293
4705,2618
4706,6262
4707,3696
4708,6269
4709,5856
4710,7688
4711,4927
4712,4844
4713,2423
4714,3802
4715,6269
4716,6196
4717,6254
4718,6334
4719,6254
4720,5044
4721,1307
4722,7747
4723,7712
4724,7677
4725,6210
4726,6203
4727,2508
4728,4970
4729,6290
4730,3697
4731,3596
4732,2626
4733,7638
4734,3627
4735,6267
4736,6290
4737,6254
4738,6342
4739,6261
4740,3795
4741,5853
4742,6253
4743,6196
4744,6301
4745,6334
4746,6292
4747,4899
4748,4927
4749,7720
4750,6299
4751,7581
4752,6262
4753,6255
4754,4888
4755,6253
4756,6309
4757,6207
4758,6228
4759,6264
4760,6196
4761,6197
4762,7425
4763,6260
4764,3706
4765,4893
4766,7639
4767,6309
4768,6196
4769,4888
4770,6262
4771,6334
4772,4895
4773,6293
4774,5323
4775,4993
4776,4928
4777,6285
4778,6254
4779,6284
4780,7687
4781,6292
4782,6254
4783,6279
4784,6254
4785,6300
4786,6208
4787,7679
4788,6260
4789,7582
4790,6262
4791,4928
4792,6197
4793,4990
4794,5045
4795,3695
4796,3774
4797,6269
4798,3773
4799,2596
4800,4897
4801,6284
4802,6293
4803,4844
4804,2626
4805,6197
4806,6222
4807,6300
4808,6188
4809,6269
4810,6294
4811,6298
4812,6301
4813,6254
4814,6260
4815,4935
4816,6209
4817,2509
4818,6300
4819,6689
4820,7678
4821,4990
4822,6285
4823,7593
4824,6259
4825,6198
4826,7647
4827,4927
4828,6262
4829,6197
4830,7684
4831,7686
4832,3520
4833,6226
4834,6196
4835,2608
4836,5318
4837,6196
4838,6253
4839,7655
4840,6293
4841,3764
4842,6208
4843,6196
4844,6255
4845,4854
4846,3695
4847,3596
4848,6197
4849,6293
4850,4888
4851,6196
4852,6284
4853,4895
4854,6292
4855,4843
4856,6197
4857,6208
4858,1316
4859,4929
4860,6335
4861,7593
4862,2534
4863,6264
4864,3638
4865,3718
4866,6256
4867,4969
4868,6253
4869,4900
4870,6225
4871,5044
4872,6262
4873,4845
4874,2256
4875,7588
4876,4889
4877,7639
4878,2441
4879,6263
4880,4970
4881,7639
4882,6254
4883,7638
4884,6255
4885,3549
4886,6262
4887,3723
4888,6205
4889,5576
4890,4890
4891,6689
4892,3506
4893,7581
4894,3801
4895,6209
4896,6309
4897,4708
4898,6262
4899,505
4900,6253
4901,6357
4902,6254
4903,4888
4904,6270
4905,6270
4906,6283
4907,6209
4908,5794
4909,4970
4910,7640
4911,6292
4912,4936
4913,4831
4914,7675
4915,4844
4916,7684
4917,6302
4918,6260
4919,3801
4920,7657
4921,5044
4922,6293
4923,6262
4924,4927
4925,2591
4926,7686
4927,6292
4928,6081
4929,6355
4930,6253
4931,6264
4932,3766
4933,6271
4934,6253
4935,6208
4936,6300
4937,5573
4938,6039
4939,1045
4940,4937
4941,3617
4942,3765
4943,6293
4944,7592
4945,6270
4946,7664
4947,3724
4948,4779
4949,4196
4950,7654
4951,6302
4952,7654
4953,6300
4954,6197
4955,6198
4956,7688
4957,6260
4958,6358
4959,4928
4960,4831
4961,6260
4962,3778
4963,6209
4964,5801
4965,7181
4966,6303
4967,7181
4968,5304
4969,4890
4970,6209
4971,6342
4972,1304
4973,6254
4974,7593
4975,4843
4976,6260
4977,2540
4978,6208
4979,7581
4980,4969
4981,4888
4982,7647
4983,4845
4984,6351
4985,7607
4986,3596
4987,4842
4988,4927
4989,2539
4990,6293
4991,4844
4992,4900
4993,4974
4994,6374
4995,2578
4996,6293
4997,3723
4998,6302
4999,6263
5000,7593
5001,6308
5002,6198
5003,6263
5004,4198
5005,6292
5006,6269
5007,6263
5008,5853
5009,6253
5010,7638
5011,6293
5012,5051
5013,7677
5014,7181
5015,4919
5016,2508
5017,4925
5018,2345
5019,6309
5020,6266
5021,7678
5022,6209
5023,4900
5024,7609
5025,7592
5026,538
5027,6253
5028,6292
5029,4888
5030,4832
5031,766
5032,6374
5033,5037
5034,6197
5035,6263
5036,6209
5037,6973
5038,2529
5039,6218
5040,6300
5041,6335
5042,6270
5043,6293
5044,6262
5045,6292
5046,6342
5047,6300
5048,6261
5049,1283
5050,6262
5051,7717
5052,3716
5053,6196
5054,4888
5055,6710
5056,6196
5057,1007
5058,6309
5059,6294
5060,7581
5061,7646
5062,6205
5063,6208
5064,4127
5065,4927
5066,6327
5067,6255
5068,6197
5069,3797
5070,3764
5071,5880
5072,6262
5073,3702
5074,6196
5075,6254
5076,6208
5077,6208
5078,5305
5079,2535
5080,6253
5081,5576
5082,2604
5083,5858
5084,6300
5085,6196
5086,3765
5087,6300
5088,6285
5089,6284
5090,6308
5091,4902
5092,6356
5093,7688
5094,6344
5095,6355
5096,6258
5097,6218
5098,6255
5099,6342
5100,5539
5101,6293
5102,3547
5103,2500
5104,6254
5105,6210
5106,4997
5107,7295
5108,6254
5109,6254
5110,7640
5111,6302
5112,6260
5113,2509
5114,6299
5115,6209
5116,7660
5117,6254
5118,5045
5119,5552
5120,7677
5121,6040
5122,7594
5123,6196
5124,6260
5125,6262
5126,6264
5127,6292
5128,4709
5129,3774
5130,6208
5131,7646
5132,3658
5133,6260
5134,6196
5135,4888
5136,6188
5137,6294
5138,2595
5139,6308
5140,6304
5141,4198
5142,7638
5143,6269
5144,6218
5145,6362
5146,7684
5147,3775
5148,6209
5149,3696
5150,3724
5151,2595
5152,6254
5153,4841
5154,5037
5155,6208
5156,3695
5157,6254
5158,6196
5159,4905
5160,6357
5161,6197
5162,6196
5163,1283
5164,5831
5165,6027
5166,6292
5167,4927
5168,6703
5169,6222
5170,4890
5171,7646
5172,6254
5173,4893
5174,6253
5175,2290
5176,6260
5177,7639
5178,6272
5179,6301
5180,4920
5181,5312
5182,6210
5183,6197
5184,2287
5185,5841
5186,4991
5187,5304
5188,6306
5189,4968
5190,3657
5191,6206
5192,6344
5193,4927
5194,1010
5195,7724
5196,6363
5197,7640
5198,6255
5199,7639
5200,6196
5201,5858
5202,6285
5203,4888
5204,4977
5205,5511
5206,4905
5207,3801
5208,6297
5209,6254
5210,6688
5211,3695
5212,6299
5213,7638
5214,6270
5215,245
5216,4936
5217,4889
5218,6294
5219,4970
5220,4888
5221,6294
5222,4944
5223,7648
5224,4840
5225,4944
5226,6265
5227,6207
5228,4969
5229,7648
5230,6334
5231,6707
5232,7593
5233,6207
5234,4478
5235,7679
5236,4891
5237,6196
5238,6293
5239,6269
5240,6335
5241,6294
5242,6269
5243,4929
5244,6206
5245,2621
5246,6197
5247,6292
5248,6253
5249,6254
5250,2488
5251,6342
5252,6197
5253,6266
5254,6265
5255,6335
5256,4890
5257,6336
5258,6226
5259,6292
5260,4929
5261,1304
5262,6258
5263,2508
5264,6196
5265,6210
5266,6255
5267,5304
5268,6209
5269,6208
5270,6260
5271,6270
5272,6309
5273,1290
5274,6309
5275,7650
5276,6245
5277,6284
5278,4162
5279,6984
5280,4888
5281,7413
5282,6264
5283,6270
5284,6253
5285,6270
5286,5035
5287,6309
5288,6197
5289,6253
5290,2627
5291,4889
5292,4895
5293,5085
5294,6326
5295,6270
5296,4943
5297,4905
5298,6206
5299,1010
5300,6255
5301,6197
5302,6196
5303,3696
5304,3797
5305,6292
5306,2619
5307,5896
5308,6301
5309,6253
5310,7638
5311,6196
5312,7594
5313,4936
5314,2603
5315,6340
5316,5583
5317,6210
5318,7583
5319,6279
5320,6255
5321,6254
5322,6255
5323,6254
5324,7638
5325,6208
5326,3772
5327,6270
5328,6284
5329,6335
5330,7640
5331,4889
5332,6209
5333,7685
5334,5304
5335,6208
5336,7687
5337,6209
5338,6253
5339,6208
5340,7237
5341,7689
5342,7687
5343,6355
5344,4888
5345,7678
5346,6253
5347,6302
5348,6254
5349,3773
5350,3705
5351,6300
5352,4934
5353,7583
5354,7583
5355,7593
5356,5311
5357,6278
5358,2509
5359,6334
5360,6263
5361,7646
5362,4927
5363,3723
5364,7654
5365,6210
5366,7654
5367,4900
5368,6207
5369,2621
5370,6334
5371,6253
5372,5583
5373,6301
5374,7682
5375,5326
5376,6325
5377,6327
5378,6255
5379,5794
5380,6393
5381,4896
5382,6217
5383,6305
5384,6293
5385,6208
5386,1011
5387,6208
5388,2385
5389,6208
5390,2397
5391,6198
5392,4895
5393,6294
5394,4976
5395,4898
5396,7638
5397,6302
5398,6302
5399,3712
5400,6255
5401,7593
5402,6253
5403,6253
5404,6197
5405,6253
5406,7720
5407,3697
5408,6270
5409,7687
5410,6265
5411,6207
5412,6224
5413,3729
5414,6292
5415,7645
5416,6270
5417,7654
5418,6304
5419,3052
5420,5310
5421,4888
5422,5574
5423,5854
5424,5300
5425,6258
5426,7639
5427,6261
5428,5325
5429,4833
5430,6204
5431,6253
5432,6254
5433,4976
5434,5599
5435,7432
5436,3575
5437,6270
5438,4841
5439,4839
5440,4542
5441,4970
5442,3691
5443,6308
5444,4842
5445,2289
5446,4416
5447,3575
5448,7639
5449,3548
5450,6301
5451,6197
5452,6362
5453,7593
5454,6208
5455,7678
5456,6196
5457,2501
5458,7612
5459,7648
5460,3645
5461,6363
5462,3703
5463,4415
5464,4898
5465,6209
5466,6363
5467,6254
5468,4843
5469,4934
5470,4943
5471,7640
5472,7684
5473,7646
5474,6301
5475,7647
5476,4969
5477,6278
5478,6294
5479,6255
5480,6198
5481,5513
5482,4857
5483,6261
5484,5546
5485,7650
5486,5054
5487,2535
5488,7651
5489,3695
5490,2508
5491,2598
5492,6228
5493,5794
5494,6253
5495,2578
5496,6255
5497,6197
5498,4489
5499,3704
5500,6255
5501,3515
5502,6209
5503,7679
5504,4990
5505,7657
5506,6263
5507,6284
5508,5311
5509,6206
5510,6302
5511,6349
5512,6270
5513,6260
5514,6198
5515,4845
5516,2596
5517,7640
5518,4925
5519,6254
5520,6308
5521,6210
5522,5596
5523,4926
5524,2394
5525,7655
5526,4890
5527,6254
5528,2532
5529,4919
5530,6210
5531,6261
5532,6305
5533,6255
5534,3764
5535,6304
5536,4905
5537,2619
5538,6258
5539,6208
5540,6420
5541,7656
5542,4927
5543,4889
5544,6196
5545,7724
5546,3126
5547,6292
5548,6206
5549,5044
5550,5796
5551,6197
5552,4896
5553,2616
5554,6254
5555,6198
5556,6270
5557,6297
5558,6253
5559,6263
5560,6301
5561,6293
5562,6308
5563,4909
5564,6301
5565,5072
5566,4897
5567,7638
5568,5312
5569,7787
5570,4901
5571,6222
5572,6969
5573,7593
5574,6197
5575,6260
5576,3588
5577,4927
5578,6334
5579,775
5580,994
5581,5595
5582,6302
5583,5037
5584,4890
5585,2621
5586,6304
5587,7638
5588,4896
5589,5051
5590,6340
5591,7694
5592,6253
5593,6308
5594,5876
5595,3802
5596,7639
5597,1011
5598,6291
5599,6285
5600,6255
5601,6269
5602,7687
5603,6255
5604,6309
5605,7679
5606,6293
5607,7728
5608,5562
5609,6293
5610,6309
5611,6208
5612,6302
5613,6968
5614,6206
5615,6255
5616,6260
5617,4937
5618,6335
5619,6301
5620,2607
5621,4831
5622,7647
5623,6372
5624,6269
5625,6284
5626,5044
5627,6263
5628,6209
5629,6294
5630,6255
5631,6294
5632,7638
5633,6196
5634,4416
5635,6254
5636,4841
5637,3652
5638,6689
5639,6254
5640,4888
5641,6196
5642,5036
5643,5037
5644,6293
5645,6294
5646,6261
5647,6270
5648,2597
5649,6197
5650,6285
5651,4928
5652,3610
5653,3795
5654,6285
5655,6198
5656,6690
5657,6253
5658,4832
5659,3795
5660,6293
5661,6291
5662,6263
5663,6334
5664,6266
5665,4900
5666,3717
5667,5801
5668,6198
5669,4899
5670,5318
5671,4944
5672,3705
5673,4844
5674,6301
5675,6292
5676,6206
5677,5794
5678,6255
5679,4937
5680,6295
5681,7678
5682,5049
5683,6217
5684,2622
5685,4901
5686,6263
5687,6308
5688,6302
5689,6301
5690,5045
5691,6254
5692,6221
5693,5303
5694,6254
5695,6293
5696,6254
5697,6294
5698,7679
5699,2620
5700,5304
5701,6269
5702,7676
5703,7639
5704,6298
5705,4993
5706,5265
5707,4842
5708,7687
5709,6293
5710,6292
5711,6309
5712,7719
5713,6253
5714,4904
5715,6204
5716,6335
5717,6263
5718,6209
5719,1032
5720,1010
5721,3695
5722,4860
5723,6343
5724,5580
5725,4919
5726,6269
5727,6689
5728,6254
5729,3773
5730,4928
5731,6207
5732,7603
5733,6210
5734,7741
5735,6293
5736,6309
5737,7670
5738,6253
5739,6197
5740,6260
5741,5303
5742,6208
5743,7639
5744,6255
5745,7594
5746,5802
5747,7639
5748,6262
5749,6293
5750,4962
5751,7719
5752,7647
5753,4889
5754,6299
5755,6224
5756,6363
5757,4927
5758,6293
5759,3688
5760,6261
5761,6254
5762,4843
5763,6309
5764,4895
5765,6301
5766,4904
5767,6254
5768,6309
5769,6253
5770,4889
5771,2537
5772,6293
5773,7694
5774,6931
5775,4843
5776,7650
5777,4844
5778,4831
5779,6355
5780,7638
5781,4934
5782,7799
5783,6292
5784,4842
5785,6207
5786,4937
5787,4832
5788,2539
5789,6261
5790,6253
5791,5514
5792,6358
5793,6270
5794,6254
5795,6293
5796,4890
5797,6300
5798,5588
5799,6254
5800,5322
5801,6253
5802,7583
5803,7179
5804,6333
5805,7639
5806,7720
5807,6245
5808,6208
5809,6198
5810,5574
5811,3716
5812,5572
5813,6302
5814,6342
5815,4861
5816,6260
5817,3506
5818,2594
5819,7638
5820,5577
5821,6253
5822,3688
5823,6327
5824,4843
5825,6304
5826,6270
5827,6253
5828,4841
5829,6253
5830,6294
5831,761
5832,7678
5833,4162
5834,4888
5835,6255
5836,6197
5837,4961
5838,6206
5839,7610
5840,4898
5841,6273
5842,6301
5843,6285
5844,6336
5845,4889
5846,6255
5847,4843
5848,6253
5849,6209
5850,7075
5851,6196
5852,7669
5853,6254
5854,6253
5855,3773
5856,6309
5857,3794
5858,6254
5859,3702
5860,4842
5861,6299
5862,4832
5863,6254
5864,7595
5865,6291
5866,4895
5867,7677
5868,7694
5869,5044
5870,6207
5871,2227
5872,4888
5873,5858
5874,6197
5875,7647
5876,6040
5877,2500
5878,4830
5879,6086
5880,2446
5881,3796
5882,6253
5883,3688
5884,6269
5885,6302
5886,5304
5887,6254
5888,6198
5889,6293
5890,7639
5891,3506
5892,3597
5893,6222
5894,6254
5895,4897
5896,6363
5897,7646
5898,7582
5899,3775
5900,6335
5901,6197
5902,2486
5903,6208
5904,5320
5905,6206
5906,6327
5907,4842
5908,5575
5909,6264
5910,4842
5911,6297
5912,6254
5913,6261
5914,4932
5915,4929
5916,6341
5917,5878
5918,6262
5919,2463
5920,7741
5921,2508
5922,3102
5923,4897
5924,3687
5925,6208
5926,6299
5927,6343
5928,3717
5929,6086
5930,4961
5931,4861
5932,6968
5933,6209
5934,6253
5935,6254
5936,6292
5937,4888
5938,1291
5939,6260
5940,7654
5941,5795
5942,6270
5943,7648
5944,2586
5945,3695
5946,6253
5947,6285
5948,7638
5949,2368
5950,7638
5951,6269
5952,7581
5953,3697
5954,6266
5955,7678
5956,6358
5957,5797
5958,4937
5959,6253
5960,6283
5961,6309
5962,3697
5963,7717
5964,6293
5965,6308
5966,4937
5967,6253
5968,7687
5969,7638
5970,5858
5971,6363
5972,7691
5973,7687
5974,3596
5975,7719
5976,6334
5977,2619
5978,4896
5979,4896
5980,4888
5981,6040
5982,5571
5983,7711
5984,6196
5985,3783
5986,3782
5987,6260
5988,4896
5989,4126
5990,3774
5991,6291
5992,6270
5993,6263
5994,7581
5995,6334
5996,4844
5997,4823
5998,6262
5999,2586
6000,6302
6001,6269
6002,6334
6003,6341
6004,7646
6005,6356
6006,6208
6007,2508
6008,4889
6009,2625
6010,3695
6011,5303
6012,6255
6013,6196
6014,3627
6015,7602
6016,5539
6017,6209
6018,6198
6019,6292
6020,5573
6021,4889
6022,6253
6023,7638
6024,3729
6025,6334
6026,6197
6027,6209
6028,6217
6029,7643
6030,2506
6031,6308
6032,2619
6033,6279
6034,6197
6035,6374
6036,7574
6037,4889
6038,7607
6039,6253
6040,6294
6041,6253
6042,4863
6043,6264
6044,3773
6045,5312
6046,6292
6047,6300
6048,4896
6049,5564
6050,7694
6051,4901
6052,3695
6053,6197
6054,3585
6055,7679
6056,6334
6057,6358
6058,6197
6059,7594
6060,6297
6061,6284
6062,3582
6063,4856
6064,4889
6065,1313
6066,3774
6067,2434
6068,3717
6069,7646
6070,6254
6071,6326
6072,4421
6073,7694
6074,7670
6075,5588
6076,3687
6077,7583
6078,6303
6079,6334
6080,6208
6081,6262
6082,7639
6083,4890
6084,4968
6085,7728
6086,7678
6087,3705
6088,6333
6089,6206
6090,3802
6091,3706
6092,6208
6093,4831
6094,2488
6095,6263
6096,7649
6097,6269
6098,6254
6099,7679
6100,6254
6101,7594
6102,7684
6103,4889
6104,6196
6105,7640
6106,6401
6107,6292
6108,4998
6109,4970
6110,6326
6111,6196
6112,6196
6113,3402
6114,7645
6115,6209
6116,1281
6117,4831
6118,4904
6119,6326
6120,7720
6121,6326
6122,7593
6123,6264
6124,7471
6125,2536
6126,5869
6127,2412
6128,3723
6129,6413
6130,5865
6131,5053
6132,4831
6133,5312
6134,1002
6135,4898
6136,4831
6137,2488
6138,4928
6139,6276
6140,3723
6141,2595
6142,7643
6143,3796
6144,6255
6145,4961
6146,4928
6147,3582
6148,6209
6149,3774
6150,6255
6151,6208
6152,6197
6153,5065
6154,6284
6155,7647
6156,4890
6157,3795
6158,6284
6159,6327
6160,6363
6161,6953
6162,6270
6163,6308
6164,4844
6165,6196
6166,6254
6167,2521
6168,6288
6169,4905
6170,4889
6171,2464
6172,4832
6173,3695
6174,6272
6175,6335
6176,3781
6177,6253
6178,3575
6179,6196
6180,3766
6181,4832
6182,6357
6183,2602
6184,6196
6185,6258
6186,7720
6187,6264
6188,6271
6189,4888
6190,5325
6191,6326
6192,5044
6193,6197
6194,6263
6195,1306
6196,3696
6197,3765
6198,3617
6199,7582
6200,6262
6201,6269
6202,3794
6203,6269
6204,4920
6205,4927
6206,4889
6207,5514
6208,6196
6209,6254
6210,4895
6211,7270
6212,6305
6213,6271
6214,3591
6215,6285
6216,2615
6217,1035
6218,6292
6219,6362
6220,6303
6221,7670
6222,6254
6223,6355
6224,6292
6225,5318
6226,4890
6227,6703
6228,6222
6229,4415
6230,6263
6231,6293
6232,4889
6233,6336
6234,1143
6235,2614
6236,6206
6237,5582
6238,3626
6239,6265
6240,7677
6241,3575
6242,6207
6243,6278
6244,6264
6245,5546
6246,3548
6247,3626
6248,7655
6249,6227
6250,5802
6251,5847
6252,6256
6253,6292
6254,6253
6255,6225
6256,6285
6257,6293
6258,4888
6259,6196
6260,2627
6261,7748
6262,4946
6263,3774
6264,7678
6265,6269
6266,6263
6267,5538
6268,4927
6269,2508
6270,6254
6271,6196
6272,7683
6273,6308
6274,6293
6275,1305
6276,2500
6277,2596
6278,6254
6279,6262
6280,7582
6281,6308
6282,6255
6283,6208
6284,4928
6285,6208
6286,7638
6287,5802
6288,6273
6289,6269
6290,6208
6291,5595
6292,6253
6293,6293
6294,7719
6295,5052
6296,6293
6297,4889
6298,7685
6299,3628
6300,6341
6301,3627
6302,6265
6303,3783
6304,6206
6305,4929
6306,4844
6307,4416
6308,6270
6309,2387
6310,7607
6311,4842
6312,7638
6313,6253
6314,6308
6315,4927
6316,6208
6317,6967
6318,3719
6319,6309
6320,6335
6321,6209
6322,4191
6323,6270
6324,2499
6325,4905
6326,6293
6327,6265
6328,5035
6329,6227
6330,1282
6331,1282
6332,6270
6333,4843
6334,3687
6335,3720
6336,6261
6337,3814
6338,1038
6339,3628
6340,7647
6341,6334
6342,6197
6343,3705
6344,6285
6345,4844
6346,4898
6347,6285
6348,2097
6349,3519
6350,6206
6351,6703
6352,7645
6353,3624
6354,4940
6355,3723
6356,3724
6357,6255
6358,7679
6359,6204
6360,7595
6361,5574
6362,6210
6363,6948
6364,3575
6365,6292
6366,6299
6367,7647
6368,4838
6369,5319
6370,4905
6371,7725
6372,4934
6373,6340
6374,6263
6375,4888
6376,6327
6377,3774
6378,6271
6379,6209
6380,6292
6381,2595
6382,6206
6383,5525
6384,7643
6385,6271
6386,2516
6387,6253
6388,4893
6389,6265
6390,6270
6391,6336
6392,6253
6393,7686
6394,6269
6395,6262
6396,6293
6397,6255
6398,7581
6399,2596
6400,7669
6401,6272
6402,7648
6403,3703
6404,6293
6405,6040
6406,7655
6407,3635
6408,6297
6409,6336
6410,6356
6411,6336
6412,6206
6413,6334
6414,6284
6415,4992
6416,6302
6417,6260
6418,6294
6419,6294
6420,7679
6421,1291
6422,6263
6423,7640
6424,5571
6425,5036
6426,6263
6427,6263
6428,6362
6429,7669
6430,4832
6431,6210
6432,6335
6433,3812
6434,6260
6435,6968
6436,7638
6437,6254
6438,6255
6439,6208
6440,3703
6441,6254
6442,2597
6443,7655
6444,6292
6445,6294
6446,6253
6447,5066
6448,2504
6449,4998
6450,6293
6451,4843
6452,4905
6453,6292
6454,6294
6455,6271
6456,6196
6457,7753
6458,6264
6459,3801
6460,6209
6461,7678
6462,5326
6463,5072
6464,3814
6465,4889
6466,7687
6467,6263
6468,6291
6469,3696
6470,4888
6471,4845
6472,7591
6473,6262
6474,4935
6475,6302
6476,5794
6477,4919
6478,6335
6479,5010
6480,7180
6481,6327
6482,6334
6483,6269
6484,4919
6485,6253
6486,6274
6487,3773
6488,4937
6489,7647
6490,4937
6491,5066
6492,6292
6493,6208
6494,7638
6495,6253
6496,4832
6497,6292
6498,6284
6499,2627
6500,4724
6501,5312
6502,7654
6503,6207
6504,6253
6505,6291
6506,6253
6507,6258
6508,3619
6509,6279
6510,4920
6511,6293
6512,5545
6513,4904
6514,3576
6515,6209
6516,3109
6517,6228
6518,3771
6519,4832
6520,6208
6521,6209
6522,6335
6523,4776
6524,6301
6525,4889
6526,6961
6527,6197
6528,3773
6529,6335
6530,6262
6531,2509
6532,3799
6533,4170
6534,2539
6535,7639
6536,6264
6537,6309
6538,6197
6539,3585
6540,6293
6541,3618
6542,6260
6543,5053
6544,6290
6545,7639
6546,6254
6547,6197
6548,6196
6549,6360
6550,6262
6551,4909
6552,3519
6553,7065
6554,6334
6555,4920
6556,2507
6557,4889
6558,6305
6559,2337
6560,6209
6561,3700
6562,6291
6563,6222
6564,5303
6565,6254
6566,5036
6567,7694
6568,3697
6569,4831
6570,6335
6571,6260
6572,6267
6573,6292
6574,6270
6575,4843
6576,2539
6577,4928
6578,4967
6579,6253
6580,6255
6581,7677
6582,7645
6583,6196
6584,6302
6585,6254
6586,6262
6587,6253
6588,4944
6589,6335
6590,7593
6591,3354
6592,4943
6593,3801
6594,3783
6595,3700
6596,3599
6597,4899
6598,2393
6599,6264
6600,6334
6601,4901
6602,6293
6603,4861
6604,6271
6605,6284
6606,4888
6607,4893
6608,6210
6609,6341
6610,6357
6611,4888
6612,4890
6613,3782
6614,4844
6615,4920
6616,6335
6617,6284
6618,6292
6619,2475
6620,6981
6621,3717
6622,7593
6623,3774
6624,6265
6625,4196
6626,4838
6627,6362
6628,6297
6629,6293
6630,6302
6631,6335
6632,6210
6633,6258
6634,6325
6635,2360
6636,6300
6637,7638
6638,5304
6639,3775
6640,6253
6641,6270
6642,2596
6643,4831
6644,3640
6645,4927
6646,7583
6647,7719
6648,7638
6649,5326
6650,6254
6651,6335
6652,7669
6653,3802
6654,6300
6655,5304
6656,6355
6657,5054
6658,5045
6659,6209
6660,2596
6661,2509
6662,6292
6663,3697
6664,6254
6665,6270
6666,5085
6667,3773
6668,4384
6669,6301
6670,4970
6671,6208
6672,6221
6673,7769
6674,3549
6675,6266
6676,7638
6677,6336
6678,6209
6679,6260
6680,6264
6681,4929
6682,3650
6683,7678
6684,6197
6685,6209
6686,7687
6687,2597
6688,7693
6689,6308
6690,6207
6691,6221
6692,6221
6693,4831
6694,6260
6695,3794
6696,6084
6697,3766
6698,3773
6699,4927
6700,6207
6701,7670
6702,6253
6703,6198
6704,7594
6705,6253
6706,6253
6707,6254
6708,6375
6709,6253
6710,5323
6711,6210
6712,4919
6713,4898
6714,7650
6715,6690
6716,4903
6717,6355
6718,5303
6719,5514
6720,4944
6721,4831
6722,7595
6723,6197
6724,6371
6725,3507
6726,3703
6727,2597
6728,6209
6729,7638
6730,1035
6731,7591
6732,3696
6733,6303
6734,3549
6735,7604
6736,4971
6737,6263
6738,7593
6739,6270
6740,2516
6741,3695
6742,6197
6743,7595
6744,4904
6745,3548
6746,3718
6747,4897
6748,7646
6749,3773
6750,7595
6751,6302
6752,6293
6753,6265
6754,6198
6755,2492
6756,6261
6757,6284
6758,6263
6759,7594
6760,6265
6761,6261
6762,7638
6763,6293
6764,6301
6765,6254
6766,7694
6767,7638
6768,6265
6769,6293
6770,1273
6771,7654
6772,4471
6773,6362
6774,6203
6775,5851
6776,6198
6777,6355
6778,1302
6779,3717
6780,7694
6781,6270
6782,6208
6783,1011
6784,4890
6785,3802
6786,7679
6787,3658
6788,6254
6789,3695
6790,7655
6791,7717
6792,6284
6793,6265
6794,6302
6795,7640
6796,6300
6797,3585
6798,2607
6799,6254
6800,6263
6801,4832
6802,7638
6803,7591
6804,2464
6805,6197
6806,6327
6807,6263
6808,5564
6809,6285
6810,5574
6811,6263
6812,1307
6813,5802
6814,4845
6815,2595
6816,6363
6817,7639
6818,5576
6819,6931
6820,6301
6821,6253
6822,6222
6823,6254
6824,6284
6825,7734
6826,6279
6827,2620
6828,6292
6829,7685
6830,7677
6831,6197
6832,6208
6833,2532
6834,6196
6835,6292
6836,7639
6837,3549
6838,6196
6839,6209
6840,6937
6841,7647
6842,6293
6843,2508
6844,6196
6845,2532
6846,4927
6847,6264
6848,3696
6849,4832
6850,4831
6851,7582
6852,7654
6853,6303
6854,7649
6855,7719
6856,7638
6857,4895
6858,2338
6859,6209
6860,6270
6861,5311
6862,1274
6863,6362
6864,4974
6865,4937
6866,6209
6867,6309
6868,6343
6869,4191
6870,6262
6871,3723
6872,6260
6873,7727
6874,4843
6875,4962
6876,6254
6877,6254
6878,3653
6879,4927
6880,6208
6881,6253
6882,7638
6883,5045
6884,4832
6885,6198
6886,6958
6887,6208
6888,4889
6889,6332
6890,5581
6891,2595
6892,7236
6893,4889
6894,6300
6895,6293
6896,6293
6897,6208
6898,6261
6899,6197
6900,4943
6901,5859
6902,6290
6903,6263
6904,6196
6905,6292
6906,6209
6907,6254
6908,6196
6909,7679
6910,6279
6911,7652
6912,6262
6913,4928
6914,6254
6915,6318
6916,4898
6917,4944
6918,2596
6919,4898
6920,6301
6921,6197
6922,6356
6923,6264
6924,6367
6925,6263
6926,4934
6927,6264
6928,4832
6929,3724
6930,6254
6931,3576
6932,6291
6933,7236
6934,184
6935,4832
6936,2499
6937,6208
6938,4897
6939,5547
6940,6304
6941,6254
6942,4899
6943,6355
6944,7669
6945,6284
6946,6325
6947,7640
6948,6299
6949,4905
6950,6253
6951,6260
6952,6254
6953,6305
6954,4895
6955,4831
6956,6309
6957,6254
6958,2510
6959,3703
6960,6197
6961,6269
6962,6269
6963,4893
6964,5564
6965,6254
6966,7688
6967,4890
6968,6284
6969,3781
6970,4890
6971,4992
6972,7677
6973,2619
6974,6262
6975,6253
6976,6270
6977,6335
6978,6309
6979,6269
6980,2532
6981,6334
6982,3773
6983,7582
6984,6253
6985,3635
6986,6196
6987,4961
6988,6254
6989,4890
6990,6292
6991,6196
6992,5577
6993,6262
6994,6294
6995,6294
6996,6254
6997,3775
6998,7640
6999,6260
7000,4969
7001,3695
7002,6253
7003,4990
7004,3697
7005,4654
7006,6207
7007,7582
7008,7759
7009,6254
7010,6261
7011,4928
7012,7644
7013,7726
7014,6197
7015,6309
7016,6344
7017,7670
7018,6197
7019,6255
7020,7670
7021,3773
7022,7594
7023,5046
7024,6218
7025,6261
7026,7693
7027,6263
7028,6196
7029,5044
7030,6309
7031,2604
7032,4927
7033,6341
7034,2595
7035,4843
7036,4944
7037,4927
7038,4969
7039,4928
7040,4906
7041,6208
7042,5065
7043,3773
7044,6258
7045,6255
7046,6208
7047,6334
7048,6196
7049,6245
7050,3765
7051,4934
7052,6302
7053,4895
7054,6196
7055,6260
7056,6308
7057,4928
7058,4919
7059,6196
7060,6263
7061,6284
7062,4991
7063,6197
7064,4904
7065,6033
7066,4890
7067,4997
7068,6284
7069,7678
7070,6255
7071,6198
7072,6253
7073,3583
7074,6300
7075,6262
7076,6254
7077,6260
7078,3705
7079,6293
7080,6218
7081,5042
7082,6208
7083,6336
7084,5577
7085,6269
7086,2622
7087,6292
7088,6306
7089,6293
7090,6254
7091,5066
7092,6262
7093,6258
7094,6261
7095,5319
7096,7243
7097,6254
7098,3656
7099,6210
7100,6197
7101,6293
7102,6196
7103,6261
7104,6383
7105,6196
7106,4841
7107,4934
7108,5576
7109,7639
7110,6255
7111,6254
7112,3694
7113,6197
7114,6308
7115,4937
7116,4889
7117,6345
7118,4889
7119,7591
7120,6293
7121,3695
7122,6261
7123,6261
7124,4911
7125,6264
7126,4832
7127,6209
7128,7669
7129,4985
7130,6714
7131,6210
7132,5044
7133,7693
7134,5304
7135,7647
7136,6269
7137,6362
7138,4898
7139,4969
7140,6363
7141,4860
7142,6931
7143,6253
7144,3765
7145,4899
7146,2533
7147,6334
7148,6254
7149,6196
7150,6198
7151,2337
7152,6265
7153,6309
7154,4889
7155,3801
7156,6208
7157,6300
7158,7743
7159,6262
7160,6255
7161,7638
7162,6209
7163,6291
7164,6368
7165,6294
7166,3765
7167,7655
7168,7639
7169,6209
7170,7741
7171,4905
7172,4905
7173,6958
7174,6196
7175,6197
7176,5554
7177,7648
7178,3704
7179,6263
7180,6203
7181,4831
7182,6326
7183,7646
7184,6267
7185,7641
7186,1280
7187,6262
7188,6341
7189,6269
7190,6254
7191,7645
7192,6255
7193,5044
7194,6300
7195,4889
7196,7694
7197,6261
7198,5044
7199,6298
7200,3795
7201,4901
7202,6292
7203,6363
7204,6197
7205,5318
7206,7648
7207,4888
7208,6339
7209,6953
7210,6292
7211,7646
7212,6369
7213,4925
7214,6196
7215,7651
7216,6262
7217,3775
7218,4890
7219,6336
7220,4919
7221,3696
7222,5319
7223,6300
7224,2538
7225,6269
7226,3773
7227,3697
7228,6279
7229,6284
7230,3695
7231,5304
7232,3774
7233,7582
7234,7638
7235,6253
7236,6339
7237,6339
7238,6263
7239,5597
7240,1283
7241,4831
7242,6254
7243,6261
7244,7654
7245,6261
7246,7638
7247,4937
7248,4937
7249,4932
7250,6375
7251,6218
7252,6334
7253,6283
7254,6342
7255,4997
7256,7747
7257,3609
7258,6086
7259,7595
7260,6363
7261,5304
7262,6269
7263,6196
7264,7588
7265,4927
7266,7594
7267,6197
7268,5794
7269,6264
7270,4889
7271,7670
7272,6207
7273,6262
7274,6258
7275,6255
7276,6262
7277,7675
7278,6253
7279,6341
7280,6262
7281,6291
7282,5304
7283,4918
7284,5576
7285,6254
7286,6344
7287,6208
7288,6265
7289,4889
7290,7436
7291,3802
7292,6203
7293,6198
7294,4895
7295,6284
7296,4844
7297,6301
7298,6209
7299,6259
7300,6263
7301,3717
7302,6363
7303,6253
7304,6269
7305,5511
7306,6285
7307,6254
7308,752
7309,6309
7310,6197
7311,7638
7312,6263
7313,4977
7314,4890
7315,6204
7316,4844
7317,5045
7318,6299
7319,7694
7320,7592
7321,4928
7322,6202
7323,7646
7324,3598
7325,7639
7326,7647
7327,4904
7328,6196
7329,4939
7330,6269
7331,6270
7332,6302
7333,6292
7334,3548
7335,6197
7336,3697
7337,6284
7338,4944
7339,3778
7340,3723
7341,6217
7342,6254
7343,6264
7344,2595
7345,6208
7346,5312
7347,6201
7348,2573
7349,6294
7350,6336
7351,7638
7352,3773
7353,6304
7354,6253
7355,6269
7356,6285
7357,5852
7358,3782
7359,3626
7360,3797
7361,2500
7362,3506
7363,6255
7364,4852
7365,6253
7366,4889
7367,6264
7368,6228
7369,1304
7370,6263
7371,4929
7372,4935
7373,7593
7374,6208
7375,7255
7376,4844
7377,6196
7378,6335
7379,5303
7380,2521
7381,3774
7382,6285
7383,7743
7384,7582
7385,4422
7386,6293
7387,6253
7388,5858
7389,4898
7390,4176
7391,5303
7392,5319
7393,6255
7394,4905
7395,7595
7396,2621
7397,5319
7398,7651
7399,4927
7400,5304
7401,6209
7402,4889
7403,6209
7404,7582
7405,4920
7406,3766
7407,7581
7408,6292
7409,6253
7410,4937
7411,4890
7412,6254
7413,3697
7414,4907
7415,6292
7416,4990
7417,6271
7418,5326
7419,6197
7420,6417
7421,6342
7422,3794
7423,6226
7424,3796
7425,6294
7426,6210
7427,6047
7428,3716
7429,6079
7430,3773
7431,4928
7432,7754
7433,6196
7434,6253
7435,6221
7436,5072
7437,6335
7438,3702
7439,3583
7440,4899
7441,4899
7442,6209
7443,4451
7444,4979
7445,6197
7446,2467
7447,6253
7448,7644
7449,6254
7450,2588
7451,4938
7452,6254
7453,2091
7454,4889
7455,1031
7456,6262
7457,4845
7458,4831
7459,6226
7460,3516
7461,6209
7462,3599
7463,6302
7464,6208
7465,7582
7466,6253
7467,3627
7468,7640
7469,4192
7470,6284
7471,6210
7472,7655
7473,7655
7474,6293
7475,6312
7476,6342
7477,6293
7478,6335
7479,6362
7480,2516
7481,6294
7482,6201
7483,7581
7484,6269
7485,6339
7486,7687
7487,6310
7488,6294
7489,6343
7490,7655
7491,6301
7492,4977
7493,2521
7494,4928
7495,4895
7496,6300
7497,6294
7498,4843
7499,6334
7500,3627
7501,6260
7502,6419
7503,4888
7504,6203
7505,6290
7506,6267
7507,6351
7508,7678
7509,6299
7510,6254
7511,6339
7512,2516
7513,6314
7514,6196
7515,7582
7516,3585
7517,6209
7518,6220
7519,6254
7520,6357
7521,5794
7522,6253
7523,4888
7524,7639
7525,6210
7526,6206
7527,5044
7528,7654
7529,5067
7530,7594
7531,6254
7532,4888
7533,3695
7534,6208
7535,6204
7536,4935
7537,6362
7538,6253
7539,6208
7540,6975
7541,6335
7542,6358
7543,4895
7544,6299
7545,6209
7546,6253
7547,6255
7548,6253
7549,3576
7550,6294
7551,6342
7552,7654
7553,2539
7554,6262
7555,6197
7556,6254
7557,4889
7558,4888
7559,6197
7560,6207
7561,6254
7562,6285
7563,6203
7564,5859
7565,6197
7566,6254
7567,6209
7568,6253
7569,3550
7570,7655
7571,3716
7572,2534
7573,2429
7574,6285
7575,6263
7576,7631
7577,2492
7578,7640
7579,5795
7580,6254
7581,6204
7582,6197
7583,3773
7584,6292
7585,4889
7586,4842
7587,7682
7588,6283
7589,4862
7590,4919
7591,5319
7592,7650
7593,7640
7594,6343
7595,7676
7596,6301
7597,6335
7598,7640
7599,4904
7600,6254
7601,7742
7602,7694
7603,6302
7604,6261
7605,6302
7606,6264
7607,5077
7608,6416
7609,6284
7610,6392
7611,6254
7612,6302
7613,3180
7614,6261
7615,3507
7616,2508
7617,6225
7618,3774
7619,5869
7620,6264
7621,7693
7622,6375
7623,3592
7624,7711
7625,6266
7626,6206
7627,4936
7628,6285
7629,6341
7630,6263
7631,7678
7632,4842
7633,3781
7634,4991
7635,6198
7636,6929
7637,6285
7638,6197
7639,7581
7640,6270
7641,6302
7642,6263
7643,5045
7644,4904
7645,6262
7646,6293
7647,4929
7648,6263
7649,6260
7650,4990
7651,6254
7652,5304
7653,2417
7654,3576
7655,6291
7656,6196
7657,7686
7658,6293
7659,3695
7660,6269
7661,6301
7662,7646
7663,4895
7664,6209
7665,5303
7666,4889
7667,4888
7668,6336
7669,1018
7670,6197
7671,6196
7672,7719
7673,6206
7674,3576
7675,6208
7676,4832
7677,6273
7678,4998
7679,3696
7680,3774
7681,6308
7682,1281
7683,6217
7684,6327
7685,6260
7686,6264
7687,4889
7688,4845
7689,6196
7690,7639
7691,6254
7692,6209
7693,3807
7694,2504
7695,6401
7696,6302
7697,7593
7698,6254
7699,4943
7700,6254
7701,6253
7702,4844
7703,4977
7704,6341
7705,6302
7706,6302
7707,6253
7708,5045
7709,6253
7710,6265
7711,6254
7712,4845
7713,5036
7714,6269
7715,4899
7716,7646
7717,7591
7718,7721
7719,4993
7720,4926
7721,7639
7722,5548
7723,6266
7724,6208
7725,6254
7726,6264
7727,6308
7728,6292
7729,6207
7730,6254
7731,7677
7732,6356
7733,6264
7734,4927
7735,6253
7736,710
7737,3627
7738,6207
7739,6254
7740,3600
7741,6293
7742,6293
7743,6300
7744,6294
7745,4895
7746,6259
7747,6253
7748,6210
7749,3603
7750,6208
7751,4832
7752,4904
7753,4890
7754,6253
7755,4853
7756,6262
7757,7654
7758,7651
7759,6270
7760,6299
7761,6254
7762,4913
7763,7654
7764,6208
7765,6034
7766,6292
7767,5555
7768,7639
7769,2525
7770,3717
7771,5847
7772,6292
7773,7677
7774,3741
7775,6208
7776,4927
7777,6302
7778,3602
7779,5304
7780,7669
7781,7645
7782,5304
7783,4990
7784,6270
7785,6301
7786,6292
7787,6304
7788,6197
7789,6292
7790,4905
7791,7581
7792,1033
7793,6933
7794,6253
7795,7643
7796,6269
7797,6302
7798,6254
7799,7645
7800,6292
7801,4930
7802,6255
7803,2595
7804,6254
7805,6254
7806,6292
7807,6309
7808,6303
7809,4937
7810,4934
7811,7687
7812,4927
7813,6263
7814,6260
7815,4933
7816,6264
7817,6265
7818,6254
7819,4962
7820,2228
7821,6264
7822,4843
7823,6269
7824,6265
7825,6355
7826,7677
7827,6285
7828,4888
7829,6269
7830,6270
7831,7720
7832,5073
7833,5309
7834,4932
7835,7727
7836,5597
7837,6265
7838,7639
7839,3549
7840,3615
7841,5311
7842,7593
7843,6293
7844,6253
7845,6292
7846,6221
7847,4904
7848,6253
7849,4890
7850,3802
7851,5066
7852,6226
7853,7646
7854,6308
7855,6355
7856,4990
7857,4944
7858,6292
7859,4889
7860,6197
7861,6208
7862,6197
7863,6254
7864,6262
7865,6242
7866,5795
7867,6309
7868,5304
7869,5044
7870,6196
7871,7581
7872,5801
7873,3639
7874,4889
7875,6302
7876,7594
7877,6302
7878,6390
7879,6254
7880,6271
7881,6285
7882,3791
7883,6279
7884,4198
7885,6222
7886,4900
7887,4935
7888,6326
7889,4469
7890,1011
7891,5054
7892,6208
7893,6290
7894,6293
7895,6254
7896,6292
7897,6255
7898,4944
7899,4889
7900,6198
7901,4888
7902,6263
7903,7640
7904,6198
7905,6196
7906,7593
7907,3696
7908,7594
7909,6196
7910,6209
7911,3597
7912,3535
7913,3575
7914,6270
7915,6294
7916,6688
7917,3796
7918,7687
7919,6263
7920,6302
7921,4844
7922,6308
7923,6309
7924,6382
7925,6285
7926,6253
7927,6302
7928,6294
7929,6264
7930,6312
7931,4889
7932,6198
7933,870
7934,6384
7935,6260
7936,6196
7937,6396
7938,7640
7939,6197
7940,6293
7941,6339
7942,6262
7943,7638
7944,6197
7945,6208
7946,7639
7947,6261
7948,6265
7949,7640
7950,7638
7951,6254
7952,3695
7953,5042
7954,4927
7955,7743
7956,5598
7957,4845
7958,6209
7959,6253
7960,6209
7961,3718
7962,7646
7963,6301
7964,6293
7965,3697
7966,2597
7967,7646
7968,6253
7969,6264
7970,4888
7971,6207
7972,7650
7973,4935
7974,6255
7975,6299
7976,3795
7977,483
7978,7643
7979,6254
7980,3124
7981,795
7982,6208
7983,3783
7984,7797
7985,3702
7986,4890
7987,6294
7988,7650
7989,6197
7990,4843
7991,4841
7992,6209
7993,4932
7994,6254
7995,3592
7996,7648
7997,6204
7998,7645
7999,6209
8000,3802
8001,2255
8002,6222
8003,5801
8004,6293
8005,6197
8006,6292
8007,6209
8008,7179
8009,7594
8010,5795
8011,6272
8012,6200
8013,6293
8014,7586
8015,3774
8016,5045
8017,3724
8018,6270
8019,2586
8020,4970
8021,5311
8022,4889
8023,5009
8024,6253
8025,6269
8026,2609
8027,6253
8028,3695
8029,6299
8030,7687
8031,4843
8032,6341
8033,6270
8034,4928
8035,4888
8036,4890
8037,2338
8038,6312
8039,4990
8040,4831
8041,3775
8042,2595
8043,6254
8044,6261
8045,6196
8046,3794
8047,6255
8048,6208
8049,4938
8050,3580
8051,6308
8052,3548
8053,7581
8054,6327
8055,7748
8056,4893
8057,6293
8058,6336
8059,6253
8060,7640
8061,3596
8062,7649
8063,1282
8064,2604
8065,6342
8066,7582
8067,2499
8068,6260
8069,6339
8070,7655
8071,6255
8072,3802
8073,6344
8074,6198
8075,4896
8076,5068
8077,5858
8078,6255
8079,6197
8080,6270
8081,6958
8082,6351
8083,6197
8084,5562
8085,7582
8086,1290
8087,5568
8088,7589
8089,6207
8090,4897
8091,7655
8092,7678
8093,2412
8094,6342
8095,2338
8096,5044
8097,3774
8098,6198
8099,7639
8100,6279
8101,5304
8102,6254
8103,5065
8104,6292
8105,5577
8106,6308
8107,4893
8108,6201
8109,6260
8110,3618
8111,6208
8112,6327
8113,6292
8114,7639
8115,3443
8116,6196
8117,7676
8118,6293
8119,6285
8120,6209
8121,7594
8122,4944
8123,5795
8124,4929
8125,6196
8126,7679
8127,6253
8128,1317
8129,6334
8130,5577
8131,2596
8132,2596
8133,2497
8134,50
8135,5303
8136,7688
8137,1011
8138,6255
8139,3575
8140,3695
8141,6263
8142,6260
8143,7678
8144,6254
8145,7595
8146,6264
8147,5325
8148,3687
8149,6210
8150,6263
8151,6258
8152,2516
8153,6254
8154,4934
8155,6254
8156,6297
8157,4927
8158,6306
8159,7639
8160,6285
8161,6269
8162,2603
8163,6253
8164,6291
8165,6306
8166,3799
8167,7647
8168,6254
8169,6210
8170,4842
8171,4197
8172,6208
8173,6226
8174,6255
8175,7679
8176,6284
8177,6256
8178,6254
8179,6392
8180,7720
8181,6293
8182,6204
8183,3717
8184,4195
8185,6334
8186,6263
8187,4929
8188,4898
8189,6293
8190,6332
8191,6301
8192,6301
8193,6197
8194,6206
8195,4927
8196,2596
8197,7724
8198,6334
8199,6253
8200,3795
8201,4192
8202,6207
8203,7627
8204,7593
8205,3703
8206,6278
8207,6309
8208,6300
8209,4890
8210,5514
8211,4937
8212,2596
8213,4927
8214,6309
8215,3650
8216,7677
8217,6197
8218,6340
8219,6293
8220,6209
8221,2521
8222,4897
8223,5311
8224,5851
8225,6355
8226,7638
8227,5045
8228,6362
8229,7638
8230,6301
8231,4969
8232,4219
8233,6302
8234,6253
8235,6254
8236,6355
8237,6253
8238,7678
8239,5309
8240,6196
8241,7638
8242,3801
8243,6253
8244,6285
8245,4895
8246,6268
8247,3704
8248,3775
8249,7647
8250,4865
8251,6254
8252,6197
8253,6293
8254,3686
8255,3773
8256,6292
8257,6271
8258,5046
8259,3516
8260,6293
8261,6196
8262,6209
8263,6300
8264,6352
8265,6221
8266,7581
8267,6335
8268,3729
8269,7677
8270,6297
8271,6262
8272,6334
8273,6285
8274,6292
8275,4934
8276,5903
8277,6196
8278,6253
8279,6253
8280,6197
8281,6309
8282,4897
8283,6294
8284,5045
8285,6300
8286,4889
8287,4889
8288,6360
8289,2619
8290,6334
8291,6363
8292,7678
8293,5794
8294,6341
8295,6283
8296,6255
8297,6336
8298,6292
8299,6197
8300,7638
8301,6197
8302,6255
8303,6218
8304,4899
8305,6291
8306,4978
8307,6209
8308,7583
8309,6335
8310,6969
8311,6254
8312,7687
8313,6345
8314,6222
8315,3717
8316,5318
8317,6335
8318,7216
8319,4843
8320,6198
8321,6260
8322,5311
8323,7694
8324,4944
8325,7685
8326,4223
8327,7669
8328,6255
8329,6196
8330,6197
8331,7594
8332,6197
8333,6966
8334,4953
8335,3538
8336,7639
8337,4897
8338,6254
8339,6285
8340,6299
8341,5051
8342,3695
8343,6221
8344,6210
8345,6270
8346,7640
8347,7677
8348,5561
8349,6258
8350,7747
8351,4961
8352,6300
8353,6207
8354,4842
8355,6358
8356,7677
8357,3773
8358,4928
8359,6292
8360,7583
8361,6253
8362,3782
8363,7719
8364,7654
8365,6290
8366,6689
8367,4844
8368,6704
8369,6253
8370,7640
8371,4937
8372,6262
8373,5010
8374,1282
8375,3775
8376,7687
8377,2508
8378,6332
8379,6299
8380,5546
8381,2595
8382,7747
8383,3775
8384,6968
8385,2515
8386,4927
8387,6196
8388,4831
8389,6284
8390,2510
8391,2585
8392,4936
8393,3651
8394,6302
8395,2595
8396,7678
8397,6207
8398,6265
8399,6711
8400,7180
8401,6208
8402,5303
8403,6253
8404,7581
8405,7594
8406,6958
8407,6299
8408,6210
8409,7587
8410,5879
8411,2508
8412,6363
8413,6292
8414,5303
8415,6196
8416,6262
8417,1048
8418,6254
8419,6284
8420,7655
8421,3774
8422,6342
8423,4414
8424,6204
8425,6261
8426,6253
8427,6292
8428,6309
8429,6335
8430,6355
8431,6263
8432,6203
8433,3724
8434,6198
8435,4841
8436,4198
8437,6301
8438,6309
8439,6299
8440,2535
8441,7593
8442,6254
8443,7678
8444,3688
8445,6209
8446,6228
8447,6249
8448,6301
8449,7675
8450,6208
8451,6033
8452,6204
8453,4961
8454,6308
8455,6254
8456,6208
8457,7648
8458,2430
8459,5305
8460,6265
8461,7638
8462,3798
8463,7670
8464,4889
8465,6302
8466,6254
8467,6262
8468,6299
8469,4991
8470,6689
8471,3696
8472,2500
8473,6196
8474,7588
8475,6341
8476,6254
8477,6208
8478,6254
8479,4971
8480,6707
8481,4831
8482,4651
8483,4895
8484,6197
8485,6196
8486,6222
8487,7592
8488,7638
8489,6263
8490,6208
8491,6293
8492,6294
8493,6254
8494,3773
8495,6990
8496,3695
8497,5089
8498,1306
8499,6326
8500,7720
8501,6253
8502,7677
8503,6292
8504,3775
8505,6254
8506,5581
8507,4932
8508,6292
8509,6292
8510,6263
8511,2509
8512,3696
8513,4927
8514,7593
8515,6355
8516,5584
8517,6254
8518,6270
8519,6196
8520,7179
8521,4831
8522,5045
8523,4894
8524,6335
8525,6309
8526,6362
8527,3519
8528,6255
8529,6197
8530,4198
8531,6253
8532,6254
8533,4928
8534,6264
8535,6255
8536,6356
8537,4832
8538,7648
8539,6306
8540,6292
8541,6299
8542,6254
8543,7639
8544,5049
8545,5045
8546,6302
8547,6284
8548,3778
8549,7655
8550,4831
8551,6210
8552,6224
8553,5538
8554,7638
8555,6253
8556,4970
8557,6253
8558,7730
8559,6704
8560,2574
8561,7694
8562,7581
8563,6269
8564,4889
8565,5303
8566,7670
8567,6253
8568,7670
8569,6197
8570,6210
8571,6265
8572,6292
8573,6326
8574,6301
8575,5514
8576,7638
8577,6360
8578,6308
8579,7655
8580,2412
8581,7582
8582,6301
8583,6292
8584,1272
8585,5303
8586,6336
8587,6334
8588,3774
8589,6273
8590,4990
8591,6263
8592,6196
8593,7593
8594,1305
8595,5547
8596,1290
8597,6302
8598,6335
8599,6261
8600,3696
8601,1282
8602,6293
8603,4927
8604,7638
8605,6208
8606,7688
8607,2422
8608,6309
8609,7179
8610,5318
8611,6198
8612,6031
8613,6254
8614,6254
8615,4898
8616,3716
8617,5044
8618,4889
8619,6255
8620,6263
8621,2529
8622,6302
8623,6209
8624,6293
8625,6309
8626,3696
8627,7685
8628,6209
8629,6210
8630,6344
8631,6253
8632,6266
8633,6326
8634,4904
8635,4889
8636,6197
8637,7647
8638,2423
8639,6279
8640,3724
8641,7720
8642,3584
8643,6196
8644,6222
8645,6196
8646,4839
8647,7677
8648,5851
8649,7678
8650,6342
8651,7586
8652,6265
8653,6253
8654,6342
8655,6272
8656,5037
8657,4833
8658,6208
8659,7638
8660,6253
8661,6263
8662,6203
8663,7594
8664,6375
8665,3687
8666,6204
8667,6254
8668,6209
8669,6254
8670,3724
8671,6254
8672,6293
8673,3577
8674,740
8675,6293
8676,5794
8677,6260
8678,7187
8679,3795
8680,6218
8681,6254
8682,7654
8683,6263
8684,4929
8685,6291
8686,2323
8687,4904
8688,7639
8689,6301
8690,5547
8691,6269
8692,4890
8693,3546
8694,7639
8695,7687
8696,6254
8697,6269
8698,6254
8699,6262
8700,6208
8701,6357
8702,6301
8703,7670
8704,6292
8705,6303
8706,2533
8707,3697
8708,6283
8709,4978
8710,6362
8711,6702
8712,4909
8713,6304
8714,6201
8715,6197
8716,3766
8717,6253
8718,6301
8719,6262
8720,6355
8721,6302
8722,6272
8723,6266
8724,6358
8725,6299
8726,2463
8727,4888
8728,7254
8729,6357
8730,5583
8731,7592
8732,6292
8733,4863
8734,6263
8735,7684
8736,4197
8737,6253
8738,6206
8739,6262
8740,6196
8741,6270
8742,6263
8743,6341
8744,6261
8745,7664
8746,6263
8747,6327
8748,6262
8749,5577
8750,7752
8751,6259
8752,6705
8753,6255
8754,7657
8755,2421
8756,5077
8757,3596
8758,7721
8759,6209
8760,3781
8761,6278
8762,7663
8763,4979
8764,6263
8765,4937
8766,6254
8767,4927
8768,6334
8769,3549
8770,6270
8771,6341
8772,6327
8773,6197
8774,6299
8775,4845
8776,2412
8777,6262
8778,2528
8779,4843
8780,3724
8781,7747
8782,7687
8783,6254
8784,4927
8785,4898
8786,4927
8787,4919
8788,6270
8789,6197
8790,6258
8791,7639
8792,6308
8793,6260
8794,6197
8795,2626
8796,6303
8797,6292
8798,2609
8799,3702
8800,6301
8801,6284
8802,6210
8803,6962
8804,7647
8805,6334
8806,5832
8807,6335
8808,6196
8809,1034
8810,6198
8811,7583
8812,6208
8813,6221
8814,1034
8815,6309
8816,4928
8817,5537
8818,6254
8819,6255
8820,7593
8821,6253
8822,5857
8823,6196
8824,2596
8825,6209
8826,4671
8827,4843
8828,6253
8829,3723
8830,6197
8831,6292
8832,6302
8833,6253
8834,3548
8835,4843
8836,3791
8837,3696
8838,6292
8839,6266
8840,6259
8841,6253
8842,4888
8843,6198
8844,2587
8845,7638
8846,7686
8847,6285
8848,6335
8849,7645
8850,993
8851,7237
8852,6308
8853,6266
8854,6343
8855,6334
8856,7694
8857,6210
8858,3771
8859,6293
8860,6197
8861,6327
8862,4905
8863,6196
8864,7638
8865,6197
8866,6196
8867,4844
8868,4926
8869,2594
8870,6204
8871,4845
8872,1011
8873,6339
8874,5304
8875,6383
8876,2368
8877,5801
8878,7679
8879,6335
8880,7685
8881,3599
8882,6292
8883,6264
8884,6208
8885,6335
8886,3719
8887,6261
8888,3703
8889,5569
8890,5580
8891,7685
8892,6258
8893,7684
8894,4888
8895,6265
8896,4889
8897,3720
8898,6303
8899,4942
8900,7647
8901,6293
8902,6253
8903,6209
8904,6261
8905,5312
8906,7655
8907,2488
8908,7784
8909,7655
8910,2227
8911,6278
8912,6208
8913,6196
8914,3703
8915,4896
8916,6208
8917,6262
8918,6326
8919,3548
8920,6284
8921,7647
8922,4944
8923,5303
8924,4170
8925,6272
8926,4998
8927,6028
8928,6327
8929,6269
8930,6262
8931,4843
8932,3628
8933,7648
8934,4833
8935,6226
8936,6290
8937,5304
8938,4990
8939,2501
8940,6335
8941,6303
8942,4415
8943,6269
8944,5583
8945,6253
8946,4844
8947,4888
8948,6196
8949,6197
8950,6292
8951,3736
8952,5796
8953,6254
8954,4843
8955,6253
8956,3716
8957,6253
8958,6384
8959,6292
8960,6291
8961,6208
8962,3774
8963,6294
8964,6360
8965,6294
8966,6284
8967,6253
8968,6304
8969,6209
8970,6327
8971,7179
8972,6294
8973,6254
8974,7640
8975,2463
8976,6355
8977,4843
8978,7639
8979,2595
8980,6253
8981,6260
8982,4895
8983,6210
8984,4939
8985,7639
8986,6227
8987,6260
8988,5858
8989,7647
8990,6264
8991,6197
8992,6293
8993,4889
8994,6302
8995,6196
8996,6261
8997,6270
8998,6196
8999,6262
9000,6254
9001,2404
9002,4888
9003,4919
9004,6270
9005,7638
9006,6198
9007,5321
9008,6206
9009,4919
9010,3696
9011,6291
9012,6254
9013,5052
9014,6334
9015,6262
9016,2596
9017,6263
9018,4898
9019,6363
9020,4888
9021,6260
9022,3652
9023,4838
9024,6254
9025,4919
9026,6209
9027,6270
9028,6260
9029,6301
9030,4888
9031,6253
9032,6304
9033,7581
9034,4961
9035,5853
9036,6284
9037,6209
9038,7638
9039,4993
9040,2535
9041,6224
9042,3716
9043,6265
9044,2828
9045,4898
9046,6114
9047,7595
9048,1319
9049,6291
9050,5073
9051,3781
9052,6262
9053,3773
9054,6261
9055,6270
9056,6261
9057,6263
9058,6208
9059,4843
9060,6254
9061,6196
9062,2367
9063,6221
9064,7640
9065,6208
9066,761
9067,6255
9068,6260
9069,7179
9070,3627
9071,5042
9072,3651
9073,4895
9074,7648
9075,4895
9076,6254
9077,6197
9078,6300
9079,6264
9080,6360
9081,7638
9082,3796
9083,4898
9084,4845
9085,6209
9086,992
9087,6309
9088,4995
9089,3618
9090,5574
9091,6269
9092,6253
9093,4897
9094,5847
9095,7594
9096,7646
9097,5580
9098,4978
9099,6335
9100,7684
9101,1318
9102,3773
9103,4895
9104,6292
9105,6334
9106,4970
9107,6269
9108,6196
9109,3609
9110,5545
9111,4992
9112,7591
9113,6209
9114,6273
9115,6205
9116,4708
9117,4897
9118,7645
9119,6308
9120,6203
9121,7694
9122,5311
9123,6293
9124,5584
9125,6261
9126,7649
9127,7663
9128,6207
9129,6357
9130,3627
9131,6341
9132,5072
9133,4927
9134,6260
9135,6262
9136,7679
9137,2521
9138,6300
9139,6253
9140,6335
9141,4414
9142,6208
9143,6285
9144,6293
9145,3773
9146,6196
9147,3695
9148,4962
9149,6302
9150,6197
9151,6333
9152,6335
9153,6254
9154,3635
9155,6196
9156,6293
9157,6254
9158,5323
9159,4970
9160,4969
9161,7720
9162,7595
9163,4422
9164,6207
9165,6260
9166,4910
9167,6362
9168,6262
9169,6363
9170,6197
9171,6300
9172,6327
9173,7748
9174,3695
9175,6027
9176,6300
9177,4831
9178,6301
9179,6293
9180,7639
9181,4998
9182,6254
9183,4844
9184,7740
9185,6292
9186,6254
9187,6254
9188,6254
9189,3781
9190,6261
9191,4927
9192,6264
9193,5545
9194,6335
9195,6253
9196,7639
9197,6301
9198,6335
9199,7657
9200,3700
9201,6260
9202,6309
9203,6255
9204,4919
9205,1303
9206,6197
9207,7639
9208,7664
9209,3508
9210,3723
9211,4890
9212,7639
9213,4844
9214,7776
9215,6254
9216,2507
9217,6297
9218,6270
9219,6254
9220,6269
9221,6270
9222,4969
9223,7592
9224,4907
9225,5547
9226,6254
9227,6308
9228,2508
9229,6254
9230,6363
9231,6293
9232,3658
9233,5577
9234,6265
9235,6197
9236,2627
9237,5853
9238,4929
9239,4971
9240,4889
9241,6270
9242,4889
9243,6355
9244,6196
9245,7663
9246,6335
9247,6222
9248,772
9249,6306
9250,6262
9251,6269
9252,6302
9253,6696
9254,5321
9255,6253
9256,6210
9257,4938
9258,5577
9259,7688
9260,6334
9261,6209
9262,6355
9263,6301
9264,6260
9265,6254
9266,5577
9267,6335
9268,1283
9269,5311
9270,7640
9271,3794
9272,7648
9273,3773
9274,3774
9275,3781
9276,7719
9277,7677
9278,5312
9279,6362
9280,7669
9281,6254
9282,6263
9283,6209
9284,5077
9285,6209
9286,6254
9287,7647
9288,3731
9289,2449
9290,1011
9291,4928
9292,7684
9293,7719
9294,7679
9295,7589
9296,6294
9297,6254
9298,5856
9299,4832
9300,6297
9301,4154
9302,4929
9303,6254
9304,6335
9305,6262
9306,4841
9307,6302
9308,3773
9309,5303
9310,1031
9311,6292
9312,2421
9313,4890
9314,2509
9315,3596
9316,6710
9317,3695
9318,6360
9319,4913
9320,6292
9321,3694
9322,6253
9323,2521
9324,7595
9325,6300
9326,6196
9327,6208
9328,6278
9329,4904
9330,6292
9331,4928
9332,7648
9333,7677
9334,5562
9335,6302
9336,6198
9337,6286
9338,6274
9339,6294
9340,2501
9341,6285
9342,4928
9343,2530
9344,6931
9345,2430
9346,5305
9347,5073
9348,6363
9349,6270
9350,7686
9351,6254
9352,5795
9353,6308
9354,6226
9355,4904
9356,6270
9357,3696
9358,6254
9359,3519
9360,4943
9361,7639
9362,6297
9363,6302
9364,6262
9365,6204
9366,4844
9367,6326
9368,7646
9369,2380
9370,4890
9371,2587
9372,7179
9373,3802
9374,7581
9375,6292
9376,4833
9377,6293
9378,4161
9379,6254
9380,5896
9381,6260
9382,6957
9383,7678
9384,6255
9385,6303
9386,5513
9387,7589
9388,4845
9389,6285
9390,6309
9391,6253
9392,7243
9393,4928
9394,4937
9395,7677
9396,6301
9397,3688
9398,4845
9399,4904
9400,7638
9401,6274
9402,5036
9403,4897
9404,4936
9405,6197
9406,6342
9407,4905
9408,7581
9409,4928
9410,3723
9411,6293
9412,7717
9413,6710
9414,4889
9415,6197
9416,4845
9417,6027
9418,7676
9419,6300
9420,4919
9421,6258
9422,7640
9423,4978
9424,6254
9425,6308
9426,5858
9427,5318
9428,6361
9429,6208
9430,7677
9431,6292
9432,2626
9433,2522
9434,7678
9435,6196
9436,2533
9437,6081
9438,6198
9439,6334
9440,5304
9441,6688
9442,5303
9443,6196
9444,3696
9445,4991
9446,4919
9447,5580
9448,6341
9449,7669
9450,1016
9451,4943
9452,6300
9453,6291
9454,4905
9455,4897
9456,4925
9457,6196
9458,7720
9459,6292
9460,6262
9461,6253
9462,2338
9463,6301
9464,6253
9465,5794
9466,6254
9467,3576
9468,6309
9469,3696
9470,6697
9471,3520
9472,6300
9473,6264
9474,3675
9475,2604
9476,6198
9477,6255
9478,4920
9479,2579
9480,2596
9481,6309
9482,6309
9483,6301
9484,6309
9485,4898
9486,2626
9487,6264
9488,6254
9489,7639
9490,7649
9491,7639
9492,6301
9493,6933
9494,6254
9495,6254
9496,6253
9497,6285
9498,6292
9499,6302
9500,6265
9501,5045
9502,2522
9503,6253
9504,7694
9505,6255
9506,4471
9507,6308
9508,6254
9509,6208
9510,7639
9511,6263
9512,7638
9513,6209
9514,6260
9515,5587
9516,7726
9517,3704
9518,6270
9519,6363
9520,4889
9521,3711
9522,6333
9523,3592
9524,4895
9525,4888
9526,6270
9527,6336
9528,7639
9529,6269
9530,6392
9531,6688
9532,7583
9533,6355
9534,6254
9535,6253
9536,4843
9537,7639
9538,3774
9539,6336
9540,4195
9541,6245
9542,4897
9543,7719
9544,3628
9545,2508
9546,5303
9547,5859
9548,7639
9549,5320
9550,4992
9551,6198
9552,7646
9553,6292
9554,7594
9555,5303
9556,6196
9557,3696
9558,4897
9559,6227
9560,2615
9561,3695
9562,4971
9563,6254
9564,6254
9565,5853
9566,7646
9567,6292
9568,5303
9569,5552
9570,2604
9571,2466
9572,6299
9573,5796
9574,7686
9575,6254
9576,3802
9577,6293
9578,4927
9579,6210
9580,6383
9581,6302
9582,6271
9583,6263
9584,6209
9585,6261
9586,4843
9587,6228
9588,6334
9589,6207
9590,6303
9591,5329
9592,6335
9593,4888
9594,6254
9595,5309
9596,7677
9597,6208
9598,3783
9599,4893
9600,6209
9601,6226
9602,6206
9603,6206
9604,4944
9605,1306
9606,4531
9607,3640
9608,6263
9609,7678
9610,6335
9611,6262
9612,6335
9613,3782
9614,6263
9615,7648
9616,6208
9617,4899
9618,3669
9619,5072
9620,6253
9621,6207
9622,4968
9623,5539
9624,6271
9625,7593
9626,4419
9627,6267
9628,6197
9629,4898
9630,7643
9631,6285
9632,7740
9633,5574
9634,2509
9635,6254
9636,6210
9637,6342
9638,3626
9639,7648
9640,6258
9641,6356
9642,7433
9643,6197
9644,3797
9645,2595
9646,7645
9647,7694
9648,4129
9649,6208
9650,6293
9651,2510
9652,6260
9653,2436
9654,5595
9655,6302
9656,4888
9657,7648
9658,3703
9659,6336
9660,6263
9661,6253
9662,4890
9663,5801
9664,6255
9665,7712
9666,3697
9667,1284
9668,6198
9669,7639
9670,5850
9671,6335
9672,782
9673,5858
9674,6297
9675,4831
9676,4939
9677,6206
9678,6263
9679,4905
9680,7646
9681,3639
9682,4920
9683,4833
9684,6300
9685,6196
9686,2586
9687,6254
9688,4944
9689,6253
9690,4896
9691,3723
9692,6341
9693,7657
9694,3716
9695,3784
9696,5577
9697,6254
9698,6253
9699,5870
9700,6043
9701,6253
9702,6284
9703,6254
9704,3735
9705,5801
9706,3774
9707,7677
9708,6301
9709,6196
9710,6208
9711,6301
9712,7581
9713,7640
9714,7639
9715,6363
9716,6226
9717,6294
9718,6355
9719,4905
9720,6196
9721,6253
9722,4944
9723,3721
9724,6258
9725,3507
9726,6292
9727,3575
9728,6335
9729,3635
9730,7676
9731,6197
9732,4992
9733,4979
9734,4991
9735,7639
9736,7688
9737,6196
9738,3765
9739,6271
9740,4197
9741,5045
9742,6253
9743,6298
9744,4928
9745,6209
9746,6196
9747,6269
9748,6264
9749,7727
9750,6228
9751,7727
9752,7648
9753,6210
9754,1283
9755,3807
9756,4889
9757,6309
9758,6209
9759,3765
9760,5045
9761,4927
9762,7741
9763,3627
9764,3766
9765,6688
9766,3765
9767,4905
9768,7658
9769,6197
9770,6356
9771,2509
9772,7582
9773,3687
9774,6270
9775,6269
9776,6209
9777,4897
9778,3696
9779,6293
9780,6196
9781,4900
9782,6264
9783,7179
9784,2527
9785,6028
9786,6208
9787,6263
9788,3627
9789,3597
9790,3774
9791,6253
9792,6299
9793,7643
9794,6355
9795,4889
9796,7654
9797,6218
9798,5332
9799,7646
9800,5851
9801,6291
9802,3617
9803,6363
9804,2622
9805,3781
9806,6401
9807,5304
9808,2584
9809,3695
9810,6326
9811,4888
9812,5573
9813,4970
9814,4920
9815,6294
9816,6269
9817,6269
9818,4895
9819,3703
9820,6226
9821,3773
9822,5795
9823,6196
9824,6269
9825,6226
9826,6253
9827,4897
9828,5514
9829,6344
9830,6309
9831,3548
9832,6254
9833,6262
9834,7655
9835,3705
9836,6304
9837,6341
9838,7612
9839,6255
9840,6227
9841,7689
9842,6356
9843,4939
9844,4979
9845,5597
9846,2517
9847,4937
9848,6254
9849,4896
9850,6262
9851,6197
9852,6258
9853,7736
9854,5304
9855,6255
9856,1273
9857,4899
9858,6208
9859,5832
9860,6285
9861,3628
9862,6209
9863,6227
9864,6362
9865,4990
9866,6206
9867,3693
9868,7582
9869,4845
9870,3772
9871,4895
9872,6210
9873,7639
9874,4900
9875,6947
9876,6253
9877,2595
9878,5852
9879,6298
9880,6269
9881,5304
9882,7670
9883,3697
9884,7638
9885,7648
9886,7648
9887,3724
9888,6203
9889,3794
9890,4937
9891,6291
9892,6254
9893,6270
9894,6334
9895,2255
9896,4928
9897,4421
9898,6342
9899,6349
9900,7645
9901,3517
9902,7216
9903,4925
9904,5255
9905,3101
9906,5309
9907,4898
9908,4893
9909,6209
9910,6254
9911,6253
9912,4896
9913,6335
9914,4890
9915,2624
9916,2509
9917,4904
9918,6205
9919,3693
9920,7657
9921,7593
9922,6271
9923,6271
9924,5325
9925,1012
9926,3548
9927,6300
9928,7654
9929,6206
9930,7678
9931,4902
9932,5801
9933,4936
9934,6197
9935,6208
9936,6253
9937,6197
9938,6208
9939,4840
9940,6290
9941,4935
9942,4895
9943,2596
9944,4888
9945,4842
9946,7582
9947,6254
9948,4897
9949,6326
9950,2500
9951,5303
9952,6375
9953,4860
9954,5037
9955,6374
9956,6339
9957,6254
9958,4888
9959,6208
9960,6208
9961,6297
9962,5878
9963,4845
9964,4927
9965,6266
9966,6309
9967,2287
9968,3705
9969,3638
9970,6363
9971,6197
9972,4890
9973,7677
9974,6254
9975,6254
9976,6301
9977,6255
9978,4937
9979,6356
9980,6291
9981,7669
9982,6227
9983,6253
9984,5794
9985,2528
9986,3696
9987,6254
9988,6308
9989,6334
9990,6302
9991,6291
9992,3723
9993,3508
9994,4127
9995,6326
9996,5289
9997,3520
9998,4833
9999,5304
10000,4842
10001,5073
