"beta","gamma","elbo","gradient_gamma","mean_rf","sd_rf","mean_log_likelihood","ess","max_weight"
1e-04,-9.21034037197618,-4642.31259286972,0.0714106644418787,13.707349122249,3.44349858698425,-4654.76161555616,255000.96976245,3.9269325773426e-06
0.000104486480405217,-9.16645286904172,-4642.30938898844,0.074616624668209,13.7072959220891,3.44355255364337,-4654.75841166939,255000.966987843,3.92717408182188e-06
0.000109174245874697,-9.12256536610726,-4642.30604129116,0.0779666155317007,13.7072403334314,3.4436089422765,-4654.75506396623,255000.963957871,3.9274264362376e-06
0.000114072327023409,-9.0786778631728,-4642.30254326144,0.081467116997634,13.7071822487932,3.44366786159633,-4654.75156592996,255000.960652404,3.92769012868809e-06
0.000119190159623089,-9.03479036023833,-4642.2988882021,0.0851249012593943,13.7071215561459,3.44372942522082,-4654.74791086357,255000.957039072,3.92796566939042e-06
0.000124537602779525,-8.99090285730387,-4642.29506902502,0.0889470463138221,13.7070581381046,3.44379375186273,-4654.74409167872,255000.953095426,3.92825359151379e-06
0.000130124957925355,-8.9470153543694,-4642.29107838171,0.0929409494146616,13.7069918724682,3.44386096559163,-4654.74010102707,255000.948787851,3.92855445234616e-06
0.000135962988664972,-8.90312785143494,-4642.2869085111,0.0971143421738446,13.7069226309567,3.44393119601549,-4654.73593114718,255000.944089619,3.9288688342731e-06
0.000142062941509773,-8.85924034850048,-4642.28255141185,0.101475305205519,13.7068502798999,3.44400457859184,-4654.73157403791,255000.93895738,3.92919734607892e-06
0.000148436567543684,-8.81535284556602,-4642.27799865384,0.106032284223022,13.7067746795868,3.44408125487536,-4654.72702126894,255000.93335515,3.9295406239957e-06
0.000155096145060707,-8.77146534263156,-4642.27324142241,0.110794106791457,13.706695683807,3.44416137273407,-4654.72226402545,255000.927237915,3.92989933301123e-06
0.000162054503218102,-8.72757783969709,-4642.26827056171,0.115769999358973,13.7066131400755,3.44424508673434,-4654.71729315169,255000.920557773,3.93027416822501e-06
0.000169325046750753,-8.68369033676263,-4642.26307644556,0.120969605850582,13.7065268887503,3.4443325583723,-4654.71209902125,255000.913265304,3.93066585612568e-06
0.00017692178179435,-8.63980283382817,-4642.25764903334,0.126403006539191,13.7064367629704,3.44442395639241,-4654.70667159345,255000.905303329,3.931075156092e-06
0.000184859342867114,-8.5959153308937,-4642.25197784037,0.132080737644666,13.7063425886979,3.44451945712207,-4654.7010003834,255000.896609899,3.93150286187573e-06
0.000193153021062059,-8.55202782795924,-4642.24605190414,0.138013812654575,13.7062441837654,3.44461924485599,-4654.69507442856,255000.88711748,3.93194980317014e-06
0.000201818793504092,-8.50814032502478,-4642.23985978332,0.144213743950316,13.7061413577614,3.44472351212153,-4654.68888228748,255000.876753612,3.93241684726213e-06
0.000210873354128698,-8.46425282209032,-4642.2333894675,0.150692565450954,13.7060339118404,3.44483246013778,-4654.6824119495,255000.86543889,3.93290490070005e-06
0.000220334145841505,-8.42036531915585,-4642.22662848892,0.157462856585517,13.7059216382165,3.44494629917223,-4654.67565094674,255000.853081741,3.93341491120342e-06
0.000230219394120686,-8.37647781622139,-4642.21956371794,0.164537767623836,13.7058043194298,3.44506524891877,-4654.66858614935,255000.83959395,3.93394786939556e-06
0.000240548142126919,-8.33259031328693,-4642.2121815214,0.171931045239293,13.705681728524,3.44518953899271,-4654.6612039239,255000.824864451,3.93450481093182e-06
0.000251340287388556,-8.28870281035247,-4642.20446759447,0.179657060387353,13.7055536281167,3.44531940932524,-4654.65348996543,255000.808784215,3.93508681844312e-06
0.000262616620132659,-8.244815307418,-4642.1964070329,0.1877308366338,13.7054197702559,3.44545511063554,-4654.64542936951,255000.791223787,3.93569502378157e-06
0.000274398863335753,-8.20092780448354,-4642.18798421133,0.19616808063412,13.7052798955436,3.44559690493042,-4654.63700651039,255000.772052184,3.93633061020655e-06
0.000286709714571448,-8.15704030154908,-4642.17918281395,0.204985212972767,13.705133733127,3.44574506600248,-4654.62820507197,255000.75111925,3.93699481480375e-06
0.000299572889735549,-8.11315279861462,-4642.16998583395,0.214199401452923,13.7049809998513,3.44589987998921,-4654.61900804721,255000.728259935,3.93768893099625e-06
0.000313013168732876,-8.06926529568015,-4642.16037538791,0.223828596071696,13.7048213993681,3.44606164587242,-4654.60939755226,255000.703304288,3.9384143110114e-06
0.000327056443213824,-8.02537779274569,-4642.15033292545,0.233891563815832,13.7046546225093,3.44623067613251,-4654.59935503649,255000.676050985,3.93917236881381e-06
0.000341729766452611,-7.98149028981123,-4642.13983892273,0.244407927678051,13.704480345809,3.44640729728932,-4654.58886097544,255000.646296334,3.93996458272566e-06
0.0003570614054633,-7.93760278687677,-4642.12887306645,0.255398206108741,13.7042982310419,3.44659185060372,-4654.5778950555,255000.613806031,3.94079249860571e-06
0.000373080895454002,-7.8937152839423,-4642.11741409133,0.266883854035715,13.7041079248717,3.44678469268665,-4654.56643601097,255000.578327709,3.9416577328734e-06
0.000389819096724152,-7.84982778100784,-4642.10543977714,0.278887306509402,13.7039090580442,3.44698619621248,-4654.5544616209,255000.539586305,3.94256197582481e-06
0.000407308254114474,-7.80594027807338,-4642.09292683472,0.291432025127787,13.7037012442017,3.44719675064499,-4654.5419485956,255000.497287843,3.94350699501248e-06
0.00042558205912415,-7.76205277513892,-4642.07985105239,0.304542544803618,13.7034840797232,3.4474167630366,-4654.52887272287,255000.451096409,3.94449463901012e-06
0.000444675714814873,-7.71816527220445,-4642.06618697824,0.318244524535735,13.7032571425474,3.44764665875865,-4654.51520854997,255000.400658893,3.94552684096593e-06
0.000464626003626799,-7.67427776926999,-4642.05190810234,0.332564799458665,13.7030199915947,3.4478868823726,-4654.50092956636,255000.345580635,3.94660562275806e-06
0.000485471358237056,-7.63039026633553,-4642.0369866453,0.347531436709258,13.7027721655157,3.44813789846916,-4654.48600799152,255000.285440608,3.94773309901818e-06
0.000507251935597301,-7.58650276340106,-4642.02139364052,0.363173792137582,13.7025131822776,3.44840019264805,-4654.47041485816,255000.219766216,3.94891148160284e-06
0.000530009694292956,-7.5426152604666,-4642.00509873196,0.379522572022919,13.7022425376926,3.44867427236435,-4654.45411980924,255000.148049312,3.95014308404371e-06
0.000553788475373159,-7.49872775753214,-4641.98807022684,0.396609896001453,13.701959704714,3.44896066800219,-4654.4370911508,255000.069737033,3.95143032643753e-06
0.000578634086807123,-7.45484025459768,-4641.97027499069,0.414469363875935,13.7016641323304,3.44925993390285,-4654.41929574734,254999.984216705,3.95277574044376e-06
0.000604594391729629,-7.41095275166321,-4641.95167837161,0.433136125896785,13.7013552443582,3.44957264941236,-4654.40069894554,254999.890824105,3.95418197455763e-06
0.000631719400645617,-7.36706524872875,-4641.93224412651,0.452646956136626,13.7010324383358,3.44989942007133,-4654.3812645009,254999.78883583,3.95565179965013e-06
0.000660061367771535,-7.32317774579429,-4641.91193437302,0.473040329560671,13.7006950843411,3.4502408787601,-4654.36095452946,254999.677459837,3.95718811480928e-06
0.00068967489169901,-7.27929024285983,-4641.89070951531,0.494356502848026,13.700342523774,3.45059768698081,-4654.33972943389,254999.55582704,3.95879395345571e-06
0.000720617020574786,-7.23540273992536,-4641.8685281006,0.516637600808122,13.6999740676072,3.45097053612238,-4654.31754775935,254999.4229966,3.96047248970416e-06
0.00075294736199953,-7.1915152369909,-4641.84534688495,0.539927703378035,13.6995889957422,3.45136014887611,-4654.29436625994,254999.277927966,3.96222704524176e-06
0.000786728197857234,-7.14762773405644,-4641.82112051774,0.564272942194341,13.6991865547229,3.4517672805918,-4654.27013958297,254999.11949781,3.96406109621414e-06
0.000822024604296413,-7.10374023112198,-4641.79580167529,0.589721596904348,13.6987659569095,3.45219272084781,-4654.24482040219,254998.946470481,3.96597828087097e-06
0.000858904577094231,-7.05985272818751,-4641.76934082689,0.616324200791278,13.6983263783275,3.45263729494308,-4654.21835918433,254998.757497406,3.96798240727788e-06
0.000897439162645074,-7.01596522525305,-4641.74168616796,0.644133649543668,13.697866957097,3.45310186556565,-4654.19070412195,254998.551106062,3.97007746157999e-06
0.000937702594825885,-6.97207772231859,-4641.71278351483,0.673205315078268,13.697386791887,3.4535873345011,-4654.16180102816,254998.325687724,3.97226761666329e-06
0.000979772438001956,-6.92819021938412,-4641.68257625251,0.703597165935834,13.6968849400934,3.45409464441725,-4654.13159328472,254998.079482564,3.97455724131846e-06
0.00102372973644863,-6.88430271644966,-4641.65100507321,0.735369897871355,13.6963604150892,3.4546247807325,-4654.10002158003,254997.810570263,3.97695090970494e-06
0.00106965917047677,-6.8404152135152,-4641.61800803261,0.768587061584289,13.6958121855019,3.45517877359002,-4654.06702396559,254997.516844963,3.97945341159943e-06
0.00111764921956281,-6.79652771058074,-4641.58352025248,0.803315209276494,13.6952391717921,3.4557576998811,-4654.03253555878,254997.196018034,3.9820697628808e-06
0.00116779233279756,-6.75264020764627,-4641.54747391293,0.839624038905148,13.6946402448409,3.4563626854271,-4653.99648853486,254996.84557902,3.98480521683581e-06
0.00122018510698214,-6.70875270471181,-4641.50979805868,0.877586553045594,13.6940142230395,3.45699490720288,-4653.95881193315,254996.462783816,3.98766527590954e-06
0.00127492847271427,-6.66486520177735,-4641.47041842154,0.91727922160457,13.6933598701569,3.45765559570302,-4653.91943147958,254996.044638778,3.99065570411462e-06
0.00133212788882312,-6.62097769884289,-4641.42925738938,0.958782154663089,13.6926758928042,3.45834603743455,-4653.87826955592,254995.587860699,3.99378254025115e-06
0.0013918935455276,-6.57709019590842,-4641.38623361598,1.00217928954945,13.6919609369938,3.45906757741727,-4653.83524480871,254995.088875328,3.99705211153336e-06
0.00145434057670917,-6.53320269297396,-4641.34126207226,1.0475585790685,13.6912135860562,3.45982162198552,-4653.79027220134,254994.543765496,4.00047104837289e-06
0.00151958928170834,-6.4893151900395,-4641.29425380852,1.09501219650255,13.6904323573424,3.46060964156887,-4653.74326277601,254993.94824413,4.00404629972754e-06
0.00158776535707196,-6.44542768710504,-4641.24511562709,1.14463675303539,13.6896156986769,3.4614331736575,-4653.69412332578,254993.297638255,4.00778514923723e-06
0.00165900013869781,-6.40154018417057,-4641.19375008317,1.19653352054143,13.6887619856095,3.46229382592639,-4653.64275639592,254992.586826483,4.01169523257226e-06
0.001733430854843,-6.35765268123611,-4641.1400550985,1.2508086772747,13.6878695170833,3.46319327947507,-4653.58905989743,254991.81021464,4.01578455542656e-06
0.00181120089048351,-6.31376517830165,-4641.08392392266,1.30757355202441,13.6869365129226,3.46413329228238,-4653.53292706803,254990.961678355,4.02006151285713e-06
0.00189246006353417,-6.26987767536719,-4641.02524470657,1.36694490379211,13.6859611084355,3.46511570272076,-4653.47424604568,254990.034529379,4.02453490940473e-06
0.00197736491346118,-6.22599017243272,-4640.96390039014,1.42904519573165,13.6849413514842,3.46614243335225,-4653.41289975604,254989.021445488,4.02921398067476e-06
0.00206607900284324,-6.18210266949826,-4640.89976844517,1.49400289834926,13.6838751977212,3.46721549483988,-4653.34876565557,254987.914417438,4.03410841606083e-06
0.0021587732324621,-6.1382151665638,-4640.83272050569,1.56195280893372,13.6827605058238,3.4683369900766,-4653.28171536141,254986.704683771,4.03922838272079e-06
0.00225562617052957,-6.09432766362933,-4640.76262219508,1.63303638448109,13.6815950330426,3.46950911847703,-4653.21161447838,254985.382659915,4.04458455117321e-06
0.00235682439668532,-6.05044016069487,-4640.68933272606,1.70740209974035,13.6803764299345,3.47073418054397,-4653.13832219896,254983.937863946,4.05018812223882e-06
0.00246256286142798,-6.00655265776041,-4640.61270468174,1.78520582582735,13.6791022349439,3.47201458257866,-4653.06169108424,254982.358816957,4.0560508557913e-06
0.00257304526167208,-5.96266515482595,-4640.53258357476,1.86661123039594,13.6777698688162,3.47335284166971,-4652.98156662258,254980.632966983,4.06218510108179e-06
0.00268848443315436,-5.91877765189148,-4640.44880764735,1.95179019839332,13.6763766290105,3.4747515909857,-4652.89778702985,254978.74656634,4.06860382916759e-06
0.00280910276044513,-5.87489014895702,-4640.36120734221,2.04092329102337,13.674919682762,3.4762135851386,-4652.81018271988,254976.684572734,4.0753206670812e-06
0.0029351326053549,-5.83100264602256,-4640.26960498753,2.13420021984141,13.6733960609093,3.4777417060271,-4652.71857598917,254974.430516475,4.08234993435958e-06
0.00306681675456127,-5.7871151430881,-4640.17381437643,2.23182035854068,13.6718026507038,3.4793389688201,-4652.6227805963,254971.966373189,4.08970668181563e-06
0.00320440888731856,-5.74322764015363,-4640.07364034903,2.33399328188118,13.670136188612,3.48100852833623,-4652.52260134352,254969.272397494,4.0974067328179e-06
0.00334817406415113,-5.69934013721917,-4639.9688782738,2.4409393477288,13.6683932520957,3.48275368563126,-4652.41783355784,254966.326972937,4.10546672717367e-06
0.00349838923747182,-5.65545263428471,-4639.85931367543,2.5528903056219,13.6665702517006,3.48457789507836,-4652.30826271881,254963.106415157,4.1139041680334e-06
0.0036553437851092,-5.61156513135025,-4639.74472155468,2.6700899528484,13.6646634221229,3.48648477158306,-4652.19366377757,254959.584791716,4.12273747164153e-06
0.00381934006777143,-5.56767762841578,-4639.62486598908,2.7927948304129,13.6626688129875,3.48847809837585,-4652.07380075743,254955.733684719,4.13198602068985e-06
0.00399069401152058,-5.52379012548132,-4639.49949948647,2.92127496815063,13.6605822789046,3.49056183504396,-4651.94842610682,254951.521956226,4.14167022106296e-06
0.00416973571637961,-5.47990262254686,-4639.36836241404,3.05581467283452,13.6583994693249,3.49274012605358,-4651.81728012802,254946.915483051,4.15181156255435e-06
0.0043568100922443,-5.4360151196124,-4639.23118232341,3.1967133794287,13.6561158172345,3.49501730968137,-4651.68009030155,254941.876861497,4.16243268369401e-06
0.00455227752332534,-5.39212761667793,-4639.08767323241,3.344286556134,13.6537265274375,3.49739792735173,-4651.53657056723,254936.365095439,4.17355744108269e-06
0.00475651456240041,-5.34824011374347,-4638.93753503103,3.49886666666929,13.6512265643679,3.49988673358574,-4651.38642072997,254930.335218998,4.18521098374951e-06
0.00496991465621378,-5.30435261080901,-4638.78045257729,3.66080420492734,13.6486106388532,3.50248870624302,-4651.22932555438,254923.737930972,4.19741983254639e-06
0.00519288890342081,-5.26046510787454,-4638.61609489593,3.83046881200309,13.6458731936731,3.50520905752332,-4651.06495396284,254916.519155718,4.2102119653875e-06
0.00542586684653745,-5.21657760494008,-4638.44411443613,4.00825044679655,13.643008389345,3.50805324538293,-4650.8929582927,254908.619554321,4.22361690877605e-06
0.0056692972994205,-5.17269010200562,-4638.26414593499,4.19456066993663,13.6400100877169,3.51102698553942,-4650.71297315807,254899.974031319,4.2376658357289e-06
0.00592364921187248,-5.12880259907116,-4638.07580572233,4.3898339965873,13.6368718355426,3.51413626424578,-4650.52461475452,254890.511123955,4.25239167144656e-06
0.00618941257303691,-5.08491509613669,-4637.87869041221,4.59452936959108,13.633586846131,3.51738735154405,-4650.32747954863,254880.152390229,4.26782920638619e-06
0.00646709935532422,-5.04102759320223,-4637.67237596946,4.80913172686406,13.6301479803944,3.52078681527636,-4650.12114334376,254868.811693669,4.28401521833514e-06
0.00675724450068674,-4.99714009026777,-4637.45641642711,5.0341536863945,13.6265477265799,3.52434153590448,-4649.90515999566,254856.394430709,4.30098860359322e-06
0.00706040695114263,-4.95325258733331,-4637.23034275197,5.27013736459292,13.6227781784346,3.52805872201195,-4649.6790602772,254842.796666903,4.31879051854416e-06
0.0073771707255342,-4.90936508439884,-4636.99366135667,5.5176563393223,13.6188310117301,3.53194592659773,-4649.44235038791,254827.904194331,4.33746453208759e-06
0.00770814604459467,-4.86547758146438,-4636.74585280918,5.77731774249545,13.6146974598608,3.53601106432183,-4649.19451066215,254811.591479869,4.3570567904365e-06
0.00805397050649089,-4.82159007852992,-4636.48637024878,6.04976453181603,13.6103682872168,3.54026242960123,-4648.93499398304,254793.720497837,4.37761619496694e-06
0.00841531031510654,-4.77770257559546,-4636.21463771011,6.33567794955868,13.6058337605074,3.54470871562461,-4648.66322410382,254774.139457422,4.39919459451222e-06
0.00879286156343196,-4.73381507266099,-4635.93004850447,6.63578014390876,13.6010836189437,3.54935903442052,-4648.37859402712,254752.681362936,4.42184699362234e-06
0.00918735157453316,-4.68992756972653,-4635.63196331994,6.95083703090438,13.5961070414446,3.55422293795839,-4648.08046410216,254729.162440801,4.44563177795986e-06
0.00959954030268296,-4.64604006679207,-4635.31970811801,7.28166138709737,13.5908926115642,3.5593104403455,-4647.76815991825,254703.380400947,4.47061095857709e-06
0.0100302217973537,-4.6021525638576,-4634.99257216778,7.62911616343751,13.5854282806063,3.5646320411864,-4647.44097033565,254675.112482695,4.49685043722143e-06
0.0104802257328918,-4.55826506092314,-4634.64980573092,7.99411809234088,13.5797013274901,3.57019875019733,-4647.09814516702,254644.113299391,4.52442029426605e-06
0.0109504190068204,-4.51437755798868,-4634.2906175037,8.37764162260637,13.5736983150872,3.57602211301661,-4646.7388926148,254610.112461851,4.55339510159732e-06
0.0114417074098505,-4.47049005505422,-4633.91417210186,8.7807231290894,13.5674050444762,3.58211423846838,-4646.36237675224,254572.81190818,4.58385426326275e-06
0.0119550373708157,-4.42660255211975,-4633.51958724962,9.20446550699886,13.5608065050792,3.58848782710918,-4645.96771470681,254531.882953298,4.61588238632633e-06
0.0124913977798937,-4.38271504918529,-4633.10593069143,9.65004316319023,13.5538868209063,3.59515620132275,-4645.55397356669,254486.963005593,4.64956968504559e-06
0.0130518218936263,-4.33882754625083,-4632.67221694722,10.1187074336099,13.5466291927346,3.60213333690292,-4645.12016712953,254437.651914308,4.68501242193067e-06
0.0136373893254076,-4.29494004331637,-4632.2174038703,10.6117924472975,13.5390158361573,3.60943389619019,-4644.66525245384,254383.507895154,4.72231338948978e-06
0.0142492281252751,-4.2510525403819,-4631.74038878551,11.1307215489153,13.5310279139685,3.61707326288151,-4644.1881259893,254324.04300475,4.76158243670393e-06
0.0148885169530102,-4.20716503744744,-4631.24000447321,11.6770142564535,13.5226454637147,3.6250675785144,-4643.68761955218,254258.718087607,4.80293704528431e-06
0.0155564873487344,-4.16327753451298,-4630.71501479416,12.2522938222553,13.5138473195887,3.63343378071725,-4643.1624959411,254186.937142319,4.84650296083741e-06
0.0162544261053753,-4.11939003157852,-4630.1641099294,12.8582955157935,13.504611027296,3.6421896431611,-4642.61144416628,254108.041041518,4.89241488485555e-06
0.0169836777475734,-4.07550252864405,-4629.58590128988,13.4968756230498,13.494912752392,3.65135381744066,-4642.03307434768,254021.300520904,4.94081723428712e-06
0.0177456471218034,-4.03161502570959,-4628.97891599667,14.1700212743106,13.4847271808412,3.66094587666113,-4641.42591218206,253925.908352659,4.99186497604115e-06
0.018541802102702,-3.98772752277513,-4628.34159086779,14.8798611516864,13.4740274114617,3.67098636092562,-4640.78839291567,253820.970603743,5.0457245447484e-06
0.0193736764208138,-3.94384001984067,-4627.67226598926,15.6286772381885,13.4627848385808,3.68149682461326,-4640.11885489891,253705.496860626,5.10257485326043e-06
0.0202428726172037,-3.8999525169062,-4626.96917772452,16.4189175733021,13.4509690256261,3.6924998854528,-4639.4155325782,253578.389319146,5.16260840631223e-06
0.0211510651306275,-3.85606501397174,-4626.23045103407,17.2532102742333,13.438547566871,3.70401927522926,-4638.6765487953,253438.430577217,5.22603252907794e-06
0.0221000035232077,-3.81217751103728,-4625.45409143428,18.1343788054293,13.4254859378451,3.71607989212252,-4637.89990672414,253284.26997397,5.29307072436478e-06
0.0230915158508287,-3.76829000810281,-4624.63797579442,19.0654587376456,13.4117473319758,3.72870785441043,-4637.08348064232,253114.408349644,5.36396417261892e-06
0.0241275121847436,-3.72440250516835,-4623.77984287254,20.0497160723575,13.3972924829427,3.74193055543577,-4636.22500643967,252927.180958607,5.43897339273666e-06
0.0252099882911783,-3.68051500223389,-4622.87728259943,21.0906672530096,13.3820794715248,3.75577671932997,-4635.32207087045,252720.738401784,5.51838008173488e-06
0.0263410294760195,-3.63662749929943,-4621.92772475986,22.1921011562192,13.3660635142552,3.77027645744845,-4634.37210019982,252493.025280039,5.60248915567602e-06
0.0275228146019934,-3.59273999636496,-4620.92842636207,23.358103094211,13.3491967335249,3.78546132455194,-4633.37234753377,252241.756378189,5.69163101547847e-06
0.028757620286076,-3.5488524934305,-4619.87645820993,24.5930811402499,13.3314279062212,3.8013643746761,-4632.31987934763,251964.390026639,5.78616406593267e-06
0.0300478252852174,-3.50496499049604,-4618.76869002385,25.9017949604837,13.3127021891022,3.81802021542919,-4631.2115605569,251658.098419562,5.8864775184483e-06
0.0313959150788324,-3.46107748756158,-4617.60177428859,27.2893873107663,13.2929608191281,3.83546505990812,-4630.04403830958,251319.73452384,5.9929945132713e-06
0.0328044866568827,-3.41718998462711,-4616.37212883934,28.7614185711267,13.2721407852512,3.85373677532306,-4628.81372450988,250945.795218571,6.10617560140332e-06
0.0342762535227756,-3.37330248169265,-4615.07591758252,30.323904444446,13.250174469854,3.87287492630527,-4627.51677646802,250532.38038609,6.2265226311358e-06
0.0358140509207173,-3.32941497875819,-4613.7090296663,31.9833571880157,13.2269892561025,3.89292081166377,-4626.14907599177,250075.14754682,6.35458309133819e-06
0.0374208412975896,-3.28552747582373,-4612.26705676432,33.7468306021281,13.2025070982866,3.91391749207112,-4624.7062065804,249569.261700394,6.49095496986854e-06
0.0390997200098732,-3.24163997288926,-4610.74526815369,35.6219690626098,13.1766440514826,3.93590980608178,-4623.18342840181,249009.340098009,6.63629219339997e-06
0.0408539212866108,-3.1977524699548,-4609.13858374488,37.6170608848777,13.1493097565808,3.95894437146466,-4621.57565120815,248389.391635703,6.7913107246196e-06
0.0426868244598972,-3.15386496702034,-4607.44154445168,39.7410963479768,13.1204068761244,3.98306956766227,-4619.87740457723,247702.750758083,6.95679540200755e-06
0.0446019604748997,-3.10997746408588,-4605.6482801463,42.0038303314909,13.0898304779305,4.00833549503037,-4618.08280572186,246942.005792166,7.1336076201546e-06
0.0466030186919486,-3.06608996115141,-4603.752474506,44.4158503085441,13.0574673587575,4.03479390495602,-4616.18552417171,246098.921941081,7.32269396041982e-06
0.0486938539938023,-3.02220245821695,-4601.74732703353,46.9886490988489,13.023195306624,4.06249809439796,-4614.17874360782,245164.359353658,7.52509589796531e-06
0.050878494211779,-2.97831495528249,-4599.62551150343,49.7347029740412,12.9868822934447,4.09150275653105,-4612.05512009767,244128.187190496,7.74196072630067e-06
0.0531611478850598,-2.93442745234803,-4597.37913105865,52.6675547776876,12.9483855936583,4.12186377796158,-4609.80673695317,242979.195047035,7.97455386062781e-06
0.0555462123681113,-2.89053994941356,-4594.99966948117,55.8019015276576,12.9075508240852,4.15363797111428,-4607.42505573105,241705.003873415,8.22427270096845e-06
0.0580382823018466,-2.8466524464791,-4592.47793854138,59.1536861650274,12.8642108983564,4.18688272791965,-4604.90086327594,240291.979435751,8.4926622595984e-06
0.0606421584648433,-2.80276494354464,-4589.80402124483,62.7401922583492,12.8181848917207,4.22165557861703,-4602.22421462082,238725.152555371,8.78143278244433e-06
0.0633628570216689,-2.75887744061018,-4586.96721091363,66.5801401487855,12.769276811843,4.2580136365738,-4599.38437167593,236988.15184187,9.09247962162334e-06
0.0662056191861315,-2.71498993767571,-4583.95594592732,70.6937826894829,12.7172742712061,4.29601290609744,-4596.36973752564,235063.156503488,9.42790564536898e-06
0.0691759213180696,-2.67110243474125,-4580.75774056739,75.1029968670378,12.6619470619328,4.33570742681202,-4593.16778677241,232930.878972085,9.79004650351819e-06
0.0722794854731329,-2.62721493180679,-4577.35911179918,79.8313680849394,12.6030456305737,4.37714822304549,-4589.76499175139,230570.589696483,1.01814990969173e-05
0.0755222904258765,-2.58332742887232,-4573.74550261238,84.9042609035654,12.5402994592872,4.42038202160051,-4586.14674523356,227960.199309568,1.06051536315007e-05
0.0789105831874042,-2.53943992593786,-4569.90120280993,90.3488693333576,12.4734153606138,4.46544969554742,-4582.29728049616,225076.416410112,1.10642296668647e-05
0.0824508910397493,-2.4955524230034,-4565.80926817871,96.19423697754,12.4020757010208,4.51238438494393,-4578.19958968847,221895.002224839,1.15623165928005e-05
0.0861500341101742,-2.45166492006894,-4561.45143957009,102.471234798484,12.3259365756244,4.56120923822082,-4573.83534201119,218391.145934528,1.21034189832079e-05
0.0900151385096146,-2.40777741713447,-4556.80806416284,109.212480928108,12.2446259669636,4.6119347108471,-4569.18480397592,214539.985873618,1.26920072793971e-05
0.0940536500605771,-2.36388991420001,-4551.85802207708,116.452182126048,12.1577419360043,4.66455534977349,-4564.22676490756,210317.301337875,1.33330742371517e-05
0.0982733486409359,-2.32000241126555,-4546.57866183182,124.225872476472,12.0648509083734,4.71904598508562,-4558.93847117728,205700.396368766,1.40321975222708e-05
0.102682363171262,-2.27611490833109,-4540.9457502992,132.570018024397,11.965486143523,4.77535724396581,-4553.29557482002,200669.189008311,1.47956087524877e-05
0.107289187274554,-2.23222740539662,-4534.93344344808,141.521449585898,11.8591465010334,4.83341029728958,-4547.27210283253,195207.506331467,1.5630269134303e-05
0.112102695638543,-2.18833990246216,-4528.514286793,151.116578008619,11.745295652981,4.89309074877069,-4540.84045608065,189304.56533438,1.65439516217153e-05
0.117132161112086,-2.1444523995277,-4521.65925573267,161.390338569933,11.623361931203,4.95424158046033,-4533.97144802128,182956.592597891,1.75453291952105e-05
0.122387272568586,-2.10056489659324,-4514.33784966722,172.374800505899,11.4927390522352,5.01665508105451,-4526.63439716455,176168.501663092,1.86440684063812e-05
0.127878153570855,-2.05667739365877,-4506.51825530799,184.097373498348,11.3527880130495,5.08006370744032,-4518.79728874342,168955.509460697,1.98509267065803e-05
0.133615381873364,-2.01278989072431,-4498.16759939169,196.578532714838,11.2028405248966,5.14412987000396,-4510.42702588083,161344.536114786,2.11778512587077e-05
0.139610009799468,-1.96890238778985,-4489.2523128905,209.828986832205,11.0422044150814,5.20843469385599,-4501.4897924539,153375.204127563,2.26380758594205e-05
0.145873585532842,-1.92501488485538,-4479.73863315235,223.846215253238,10.8701715064879,5.27246589732884,-4491.95155423477,145100.241865962,2.42462112617779e-05
0.15241817536416,-1.88112738192092,-4469.59327306721,238.610319403314,10.6860285492882,5.33560505501189,-4481.77872759518,136585.112257033,2.60183225518061e-05
0.159256386935862,-1.83723987898646,-4458.78428769163,254.079164711038,10.4890718349154,5.39711467878258,-4470.93904644789,127906.737280187,2.79719853043952e-05
0.166401393529796,-1.793352376052,-4447.28216928229,270.182845206426,10.2786261460752,5.45612576685565,-4459.40265867542,119151.273454954,3.01263100833465e-05
0.173866959444517,-1.74946487311753,-4435.0611982187,286.817587201517,10.0540686695675,5.51162673775267,-4447.14347988274,110411.005781861,3.2501922568845e-05
0.181667466511142,-1.70557737018307,-4422.10106962439,303.839328455884,9.81485839400827,5.56245498080027,-4434.14082468966,101780.5513954,3.51208844209096e-05
0.189817941798818,-1.66168986724861,-4408.3888020907,321.057368985106,9.56057129865484,5.60729260492437,-4420.38132241008,93352.6760630335,3.80065382777422e-05
0.198334086563207,-1.61780236431415,-4393.92091296809,338.228688938058,9.29094127518141,5.64466832183249,-4405.86110202489,85214.1021047155,4.11832595537669e-05
0.207232306493731,-1.57391486137968,-4378.70581378959,355.053753572595,9.00590618176598,5.67296771247473,-4390.58820040519,77441.7058458155,4.46760986378241e-05
0.216529743317851,-1.53002735844522,-4362.76633840064,371.1748567826,8.70565767762132,5.69045431991114,-4374.58510662357,70099.4590441055,4.85103005271102e-05
0.226244307823272,-1.48613985551076,-4346.14226565539,386.178241226406,8.39069253824717,5.69530399189943,-4357.89130424852,63236.3692395799,5.27106957457613e-05
0.236394714361681,-1.4422523525763,-4328.89264198382,399.601316640703,8.06186204406435,5.68565454183598,-4340.5656166111,56885.5393148124,5.73009673520723e-05
0.247000516900486,-1.39836484964183,-4311.09765251576,410.946192649023,7.72041487777121,5.65967198707218,-4322.6881029414,51064.3242340776,6.23028142809511e-05
0.25808214669201,-1.35447734670737,-4292.85974350055,419.700362483929,7.36802793733435,5.6156332657114,-4304.36120674268,45775.4398289057,6.77350507842065e-05
0.269660951632709,-1.31058984377291,-4274.30367604277,425.364653679172,7.00681882469679,5.55202339906543,-4285.70983441709,41008.7937076674,7.36127037260132e-05
0.281759237388232,-1.26670234083845,-4255.57520890377,427.487490214412,6.63933380763558,5.46764265332519,-4266.88005929658,36743.7697998968,7.99461909729569e-05
0.294400310363542,-1.22281483790398,-4236.83817843416,425.703174558393,6.26850606475548,5.36171661544898,-4248.03621613777,32951.7027932746,8.67406806443142e-05
0.3076085226009,-1.17892733496952,-4218.26987518079,419.770503223301,5.89758120642167,5.23399966166056,-4229.35628254755,29598.3161988303,9.39957372672144e-05
0.321409318692166,-1.13503983203506,-4200.05480510904,409.606902887046,5.53001040188504,5.08486062762941,-4211.02563261693,26645.9540274937,0.000101705351863348
0.33582928479583,-1.09115232910059,-4182.37714788303,395.312791372472,5.16931563323928,4.91533916999527,-4193.22947351725,24055.497834463,0.00010985842547691
0.350896199853174,-1.04726482616613,-4165.41245056333,377.181356658856,4.8189360155589,4.72716278629006,-4176.14450323251,21787.9178917101,0.000118439730041358
0.366639089102237,-1.00337732323167,-4149.31927522434,355.690536817419,4.48206791394244,4.52271785130644,-4159.93050959107,19805.4533112641,0.000127431311806118
0.383088279992674,-0.959489820297206,-4134.23160685526,331.476510546081,4.16151384699132,4.30497299937877,-4144.72272049952,18072.4486049589,0.000136814240297327
0.400275460609226,-0.915602317362744,-4120.25279427213,305.290986243409,3.8595552087108,4.07735894624043,-4130.62568317158,16555.8937423799,0.00014657055219075
0.418233740716349,-0.871714814428282,-4107.45163282491,277.947326574039,3.57786143306412,3.843614310477,-4117.70928701809,15225.7233703868,0.000156685206079601
0.436997715541594,-0.827827311493818,-4095.86093306817,250.262376171217,3.31744372146518,3.60761106850224,-4106.00728015162,14054.9312092436,0.000167147858711807
0.456603532420611,-0.783939808559357,-4085.47860154465,223.001335874319,3.07865571056318,3.37317516498958,-4095.51831041643,13019.5506241277,0.000177954296969006
0.477088960432189,-0.740052305624893,-4076.27095372586,196.8320768643,2.86123762421745,3.14391725739459,-4086.20921402222,12098.5443927388,0.000189107407119336
0.498493463157431,-0.696164802690431,-4068.17774123372,172.293241473885,2.66439562594441,2.92308594786009,-4078.02003487123,11273.6376739518,0.000200617623022007
0.520858274703276,-0.652277299755967,-4061.11823877448,149.777915228053,2.48690503258073,2.71345195933632,-4070.87011897177,10529.1194535469,0.000212502855360729
0.544226479136787,-0.608389796821505,-4054.99771461583,129.532189732713,2.32722505441454,2.51722754505098,-4064.66460514033,9851.63005620874,0.000224787953964217
0.568643093483259,-0.564502293887044,-4049.71368156557,111.666054946919,2.18361359765841,2.33602185792687,-4059.30070534272,9229.94608382286,0.000237503787801541
0.594155154448004,-0.52061479095258,-4045.16146488486,96.1729954305989,2.05423288366858,2.17083055474109,-4054.67330717774,8654.76940744032,0.000250686040453894
0.620811809028898,-0.476727288018118,-4041.23879037458,82.9544104894535,1.93723955267981,2.0220565799205,-4050.67959805695,8118.52350329918,0.000264373814805462
0.648664409194251,-0.432839785083654,-4037.84926000287,71.8453606848376,1.83085591662635,1.88955842900337,-4047.22257541043,7615.15825466414,0.000278608124258422
0.677766610808365,-0.388952282149193,-4034.90472012212,62.6389046011881,1.73342165732291,1.77272157863875,-4044.21344578562,7139.96310358013,0.000293430324618975
0.708174476995384,-0.345064779214729,-4032.32662789431,55.1071959822827,1.64342727398155,1.67054768366643,-4041.57301717898,6689.38790226956,0.000308880516293364
0.739946586140527,-0.301177276280267,-4030.04658178084,49.0183750848939,1.55953189176027,1.58175457530426,-4039.2322499953,6260.87080520151,0.00032499592468687
0.773144144736791,-0.257289773345805,-4028.0062086319,44.1489973810601,1.48056870194028,1.50487863804331,-4037.13215937756,5852.67289708381,0.00034180925073939
0.807831105294488,-0.213402270411342,-4026.15659971348,40.2922605547851,1.40554143493527,1.43837068546683,-4035.22326193652,5463.71984647267,0.000359346974997203
0.844074289540769,-0.16951476747688,-4024.4574669264,37.2626135019,1.33361502091281,1.3806776257677,-4033.46473911588,5093.45159000727,0.000377627598084654
0.881943517146488,-0.125627264542416,-4022.87616328064,34.8974899654758,1.26410311128963,1.33030493516503,-4031.82346237444,4741.68173435439,0.000396659808655077
0.921511740228343,-0.0817397616079543,-4021.38667562119,33.056944937144,1.1964545371369,1.28585847218,-4030.27298928125,4408.46889985102,0.000416440585883786
0.96285518388546,-0.0378522586734907,-4019.96866630346,31.6219205859216,1.13024015893447,1.24606743226936,-4028.79260820776,4094.0024745063,0.000436953267386546
1.00605349304109,0.0060352442609713,-4018.60660896361,30.491769181473,1.06514097679938,1.20979246487369,-4027.36647753682,3798.50513296205,0.000458165643176057
1.05118988587238,0.0499227471954332,-4017.28904025528,29.5815329574311,1.00093786158117,1.17602387344123,-4025.98288177895,3522.15396499248,0.000480028170528922
1.09835131412366,0.0938102501298968,-4016.00792910391,28.819351281323,0.937502853386703,1.14387457734764,-4024.63360636063,3265.021217166,0.000502472439811187
1.14762863061226,0.137697753064359,-4014.75815217058,28.1442426270303,0.874791664611874,1.1125715570607,-4023.3134196765,3027.03459001845,0.000525410053591503
1.19911676424934,0.181585255998822,-4013.53705606236,27.5043962589683,0.812836821279572,1.08144826662231,-4022.01964252585,2807.95591752533,0.000548732105052242
1.25291490291305,0.225472758933284,-4012.34408196906,26.8560213633336,0.751740774471759,1.04993929953987,-4020.75177990444,2607.37605504139,0.000572309450238555
1.30912668452629,0.269360261867748,-4011.18042936871,26.1627190302355,0.691668313934608,1.01757760982989,-4019.51119084738,2424.72304772278,0.000595993955891851
1.36786039670702,0.31324776480221,-4010.04873715948,25.3952878909845,0.632837707826318,0.983993876046746,-4018.30077357359,2259.28023321013,0.000619620864406842
1.429229185376,0.357135267736673,-4008.95276629723,24.5318294634914,0.575510171370074,0.948917144191054,-4017.12464886156,2110.21086145223,0.000643012347501043
1.49335127272353,0.401022770671135,-4007.89707425406,23.5579903420563,0.51997751646456,0.912175658380352,-4015.98783092196,1976.58605500946,0.000665982221725516
1.56035018495532,0.444910273605597,-4006.88667866295,22.4671732090975,0.466548129154374,0.873696748359533,-4014.89588233871,1857.41340411784,0.000688341679480941
1.63035499025611,0.488797776540061,-4005.92671570338,21.260556783535,0.415531730712093,0.833504757921351,-4013.85455825984,1751.66409477424,0.000709905762453062
1.70350054742942,0.532685279474522,-4005.02210390021,19.9467982879295,0.367223656908959,0.79171623947907,-4012.86945066985,1658.29711543974,0.00073050018825662
1.7799277656926,0.576572782408986,-4004.17722963319,18.5413414511751,0.321889595847468,0.74853197679806,-4011.94564980565,1576.27969772096,0.000749968056777438
1.85978387612741,0.620460285343448,-4003.39567199975,17.0653151276792,0.279751818485554,0.704225790467882,-4011.08744169946,1504.60367078071,0.000768175927820336
1.94322271530924,0.664347788277912,-4002.67998419282,15.5440732947195,0.240977894264558,0.659130480408147,-4010.2980608174,1442.29781721463,0.000785018788121474
2.03040502166131,0.708235291212374,-4002.03154498606,14.0054841857908,0.205672706075018,0.613621612843424,-4009.57951345868,1388.43660394975,0.00080042351439042
2.12149874510468,0.752122794146835,-4001.45048803874,12.4781172002352,0.173874287313561,0.568100116612649,-4008.93248171868,1342.14583242933,0.000814350579285508
2.21667937060072,0.796010297081299,-4000.93571016194,10.9894898211518,0.145553644127231,0.522974780827981,-4008.35631100774,1302.60582470377,0.000826793918582029
2.3161302562092,0.839897800015761,-4000.48495226703,9.56452704500725,0.120618353665078,0.478645730710796,-4007.84907623635,1269.05275756366,0.000837779054019886
2.42004298631332,0.883785302950225,-4000.09494109849,8.22435177960234,0.0989194007773253,0.435489813505755,-4007.40771555341,1240.77869730044,0.000847359721411489
2.52861774069209,0.927672805884686,-3999.76157534013,6.98547712325355,0.0802604747381763,0.393848585367978,-4007.0282153583,1217.13079395115,0.000855613367042658
2.64206368015107,0.97156030881915,-3999.48013793106,5.85941960167871,0.0644088185010085,0.354019298796589,-4006.70582794565,1197.50998389543,0.000862635935975936
2.76059934945439,1.01544781175361,-3999.24551656893,4.85270555942703,0.0511067083470439,0.316248996458916,-4006.43530279672,1181.36943849889,0.000868536382489263
2.8844530983342,1.05933531468807,-3999.05241639529,3.96720700180758,0.0400827252281245,0.28073156061037,-4006.21111422446,1168.21289536025,0.000873431293366589
3.01386352138863,1.10322281762254,-3998.89555224161,3.20072267037627,0.0310621323709385,0.247607374419592,-4006.02767131583,1157.59292565693,0.000877439942495402
3.1490799177157,1.147110320557,-3998.76981166356,2.54771337727581,0.0237758642165117,0.216965132827741,-4005.8794999753,1149.10913062089,0.000880680005644622
3.29036277116863,1.19099782349146,-3998.67038390019,2.00010597759209,0.0179678292825212,0.188845293280457,-4005.76139091693,1142.40622377352,0.000883264071644718
3.43798425215766,1.23488532642592,-3998.59285339578,1.54809359210844,0.0134004105911172,0.16324466817447,-4005.66851117066,1137.17194182071,0.000885297001542464
3.59222874196515,1.27877282936039,-3998.5332593234,1.18087693918716,0.00985819701962346,0.140121713781074,-4005.5964797271,1133.13473261749,0.000886874117583642
3.75339338058397,1.32266033229485,-3998.48812458216,0.887309711918882,0.00715009058208294,0.119402146674252,-4005.54141024235,1130.06118818527,0.000888080152228282
3.92178863913457,1.36654783522931,-3998.45445897283,0.656427437945669,0.0051100080416971,0.100984602580363,-4005.49992520478,1127.75321876392,0.000888988853778091
4.09773891796336,1.41043533816378,-3998.42974187196,0.477852965984114,0.0035964344671185,0.0847461323489052,-4005.46914679661,1126.04499435543,0.000889663127635807
4.28158317157472,1.45432284109824,-3998.41188976079,0.342082160154379,0.0024910976865314,0.0705473979705774,-4005.44666989568,1124.79970823973,0.000890155587626287
4.47367556160047,1.4982103440327,-3998.39921366366,0.240660629712977,0.00169702297872867,0.0582374848482497,-4005.43052249679,1123.90623850225,0.000890509396899415
4.67438613906464,1.54209784696716,-3998.39037093837,0.166266814909235,0.0011362032597565,0.0476582845005459,-4005.4191183157,1123.27579642092,0.000890759289600523
4.88410155725794,1.58598534990163,-3998.38431516672,0.112718988490462,0.000747087029387395,0.0386484263720322,-4005.41120570441,1122.83865368757,0.000890932680126468
5.1032258165952,1.62987285283609,-3998.38024706273,0.0749242407334891,0.000482048893382552,0.0310467514059994,-4005.40581620225,1122.54103454272,0.000891050784289547
5.33218104289071,1.67376035577055,-3998.37756858517,0.048786743840533,0.000304969013408318,0.0246953268987179,-4005.40221531561,1122.34224554394,0.000891129694529411
5.57140830055067,1.71764785870501,-3998.37584167783,0.0310909113723351,0.000189010926277322,0.0194420050970549,-4005.3998573302,1122.21209726509,0.000891181368285412
5.82136844224949,1.76153536163948,-3998.37475243444,0.019372792318399,0.000114653675347308,0.0151425296734256,-4005.39834529004,1122.12865136032,0.000891214503932586
6.08254299672648,1.80542286457394,-3998.37408097058,0.0117904305471736,6.80053741628774e-05,0.0116621964948063,-4005.39739670545,1122.07630552568,0.000891235291801076
6.35543509641349,1.8493103675084,-3998.37367685673,0.00700120840293566,3.94019245283775e-05,0.00887707906351575,-4005.39681506032,1122.04421013269,0.000891248038384398
6.64057044668035,1.89319787044287,-3998.37343967023,0.0040515774229822,2.22769212407354e-05,0.00667483495723917,-4005.39646682629,1122.02499508101,0.000891255669829503
6.93849833856526,1.93708537337733,-3998.37330406698,0.00228222445209599,1.22766572708827e-05,0.00495511722875523,-4005.39626347297,1122.01377452366,0.000891260126269297
7.24979270694129,1.98097287631179,-3998.37322864241,0.00124974884431952,6.58710105928708e-06,0.00362962330395502,-4005.39614777716,1122.00739076009,0.000891262661720434
7.57505323615703,2.02486037924625,-3998.37318788064,0.000664407281373159,3.43698154665031e-06,0.00262182247249654,-4005.39608372053,1122.00385630216,0.000891264065516445
7.91490651528194,2.06874788218071,-3998.37316650524,0.000342434976032208,1.74174553126283e-06,0.00186641058995387,-4005.39604924795,1122.00195424072,0.00089126482096911
8.27000724518128,2.11263538511518,-3998.37315564475,0.000170845665325821,8.56146908841937e-07,0.00130854621477003,-4005.39603123925,1122.00096059745,0.000891265215620799
8.64103949974633,2.15652288804964,-3998.37315030669,8.23804270716421e-05,4.07637241488409e-07,0.000902925435506368,-4005.396022119,1122.00045736908,0.000891265415491438
9.02871804370949,2.2004103909841,-3998.37314777244,3.83273552866993e-05,1.87732986784397e-07,0.000612752759019428,-4005.39601764738,1122.00021063642,0.000891265513487968
9.43378970958277,2.24429789391857,-3998.37314661223,1.71744499212479e-05,8.35025677308813e-08,0.000408662610902561,-4005.39601552781,1122.00009368998,0.000891265559936435
9.85703483637256,2.28818539685303,-3998.3731461013,7.3980765705395e-06,3.58157288148274e-08,0.000267640536059085,-4005.39601455833,1122.00004018521,0.000891265581187295
10.2992687728418,2.33207289978749,-3998.37314588452,3.05725119543177e-06,1.47895268539028e-08,0.000171985620103377,-4005.39601413032,1122.00001659394,0.000891265590557218
10.7613434482159,2.37596040272195,-3998.37314579696,1.20939083201468e-06,5.86950285822022e-09,0.000108346692091764,-4005.39601394914,1122.00000658563,0.000891265594532281
11.2441490133582,2.41984790565642,-3998.37314576276,4.56870805473892e-07,2.23481580221801e-09,6.6855303456052e-05,-4005.39601387509,1122.00000250751,0.000891265596152017
11.7486155555759,2.46373540859088,-3998.37314575036,1.64393511356133e-07,8.14831224019795e-10,4.0369077862604e-05,-4005.39601384643,1122.00000091422,0.000891265596784852
12.275714890361,2.50762291152534,-3998.373145746,5.61820579141364e-08,2.8394550483289e-10,2.38304638980732e-05,-4005.39601383571,1122.00000031853,0.00089126559702143
12.8264624335173,2.5515104144598,-3998.37314574407,1.81778519362053e-08,9.43760420525963e-11,1.37387075119062e-05,-4005.39601383142,1122.00000010599,0.000891265597105846
13.4019191572796,2.59539791739427,-3998.37314574396,5.54801030242851e-09,2.98556410423869e-11,7.72730755722932e-06,-4005.39601383046,1122.00000003341,0.000891265597134668
14.0031936341939,2.63928542032873,-3998.37314574368,1.59051279858986e-09,8.96945438708362e-12,4.23543489787043e-06,-4005.39601382989,1122.00000001006,0.000891265597143962
14.6314441726966,2.68317292326319,-3998.37314574385,4.26110622576834e-10,2.55313948070119e-12,2.25970771592237e-06,-4005.39601382997,1122.00000000293,0.000891265597146785
15.2878810485048,2.72706042619765,-3998.37314574374,1.0599967147972e-10,6.86911386803105e-13,1.1721018614462e-06,-4005.39601382984,1122.00000000061,0.0008912655971477
15.9737688361188,2.77094792913212,-3998.37314574381,2.42757661538622e-11,1.7423931415089e-13,5.90320784236683e-07,-4005.3960138299,1122.00000000014,0.000891265597147895
16.6904288449259,2.81483543206658,-3998.37314574368,5.05572593317235e-12,4.1558817181814e-14,2.88301290950331e-07,-4005.39601382976,1122.00000000002,0.000891265597147938
17.4392416646001,2.85872293500104,-3998.3731457437,9.38734666328428e-13,9.29506919975436e-15,1.36345657794844e-07,-4005.39601382978,1121.99999999999,0.000891265597147947
18.2216498247008,2.90261043793551,-3998.37314574369,1.4969594095769e-13,1.94384456347402e-15,6.23513362082004e-08,-4005.39601382977,1121.99999999999,0.00089126559714795
19.0391605735931,2.94649794086997,-3998.37314574369,1.86957709522435e-14,3.78948960435514e-16,2.75299458929913e-08,-4005.39601382977,1121.99999999999,0.00089126559714795
19.8933487820452,2.99038544380443,-3998.37314574369,1.20577137312878e-15,6.86502730806351e-17,1.17175315728728e-08,-4005.39601382977,1121.99999999999,0.00089126559714795
20.785859977093,3.03427294673889,-3998.37314574369,-2.15996711414849e-16,1.15190561441381e-17,4.79980335933423e-09,-4005.39601382977,1121.99999999999,0.00089126559714795
21.718413512021,3.07816044967336,-3998.37314574369,-1.07221877699806e-16,1.78406710814323e-18,1.88895055951352e-09,-4005.39601382977,1121.99999999999,0.00089126559714795
22.6928058785618,3.12204795260782,-3998.37314574369,-2.71974017725151e-17,2.54135145908016e-19,7.12930776314244e-10,-4005.39601382977,1121.99999999999,0.00089126559714795
23.7109141676973,3.16593545554228,-3998.37314574369,-5.31058362661833e-18,3.31701248784238e-20,2.57566010484395e-10,-4005.39601382977,1121.99999999999,0.00089126559714795
24.7746996857288,3.20982295847674,-3998.37314574369,-8.69292815792517e-19,3.95143412124409e-21,8.8898077833484e-11,-4005.39601382977,1121.99999999999,0.00089126559714795
25.8862117325803,3.25371046141121,-3998.37314574369,-1.2297290043231e-19,4.27865873574008e-22,2.92528929705767e-11,-4005.39601382977,1121.99999999999,0.00089126559714795
27.0475915496154,3.29759796434567,-3998.37314574369,-1.52267625769506e-20,4.19320366614854e-23,9.15773297945353e-12,-4005.39601382977,1121.99999999999,0.00089126559714795
28.261076444572,3.34148546728013,-3998.37314574369,-1.6588769155293e-21,3.70276687035959e-24,2.72131103343943e-12,-4005.39601382977,1121.99999999999,0.00089126559714795
29.5290041015609,3.38537297021459,-3998.37314574369,-1.59224991933624e-22,2.93236751397875e-25,7.65815580146911e-13,-4005.39601382977,1121.99999999999,0.00089126559714795
30.8538170844331,3.42926047314906,-3998.37314574369,-1.34528541118159e-23,2.07252827162806e-26,2.03594119346707e-13,-4005.39601382977,1121.99999999999,0.00089126559714795
32.2380675421876,3.47314797608352,-3998.37314574369,-9.98207680061754e-25,1.30063606650577e-27,5.10026679009201e-14,-4005.39601382977,1121.99999999999,0.00089126559714795
33.6844221254884,3.51703547901798,-3998.37314574369,-6.48330069378278e-26,7.20888610374428e-29,1.2007402803058e-14,-4005.39601382977,1121.99999999999,0.00089126559714795
35.1956671237589,3.56092298195244,-3998.37314574369,-3.67096905102571e-27,3.50927527772129e-30,2.64925471698034e-15,-4005.39601382977,1121.99999999999,0.00089126559714795
36.7747138327516,3.60481048488691,-3998.37314574369,-1.80365583258845e-28,1.49167733887151e-31,5.46200940839819e-16,-4005.39601382977,1121.99999999999,0.00089126559714795
38.4246041629325,3.64869798782137,-3998.37314574369,-7.6501785617915e-30,5.50298539028531e-33,1.04909345534946e-16,-4005.39601382977,1121.99999999999,0.00089126559714795
40.1485164994845,3.69258549075583,-3998.37314574369,-2.78543177895656e-31,1.75076207241996e-34,1.87123599389279e-17,-4005.39601382977,1121.99999999999,0.00089126559714795
41.9497718252191,3.7364729936903,-3998.37314574369,-8.65348136012205e-33,4.77173846999261e-36,3.08925184146344e-18,-4005.39601382977,1121.99999999999,0.00089126559714795
43.8318401181906,3.78036049662476,-3998.37314574369,-2.27911218223193e-34,1.10645278019203e-37,4.70415301662696e-19,-4005.39601382977,1121.99999999999,0.00089126559714795
45.7983470363391,3.82424799955922,-3998.37314574369,-5.05411758086755e-36,2.16693896038567e-39,6.58321951690154e-20,-4005.39601382977,1121.99999999999,0.00089126559714795
47.8530809020376,3.86813550249368,NA,-9.3689017462256e-38,3.55735755333163e-41,8.43487706292348e-21,-4005.39601382977,1121.99999999999,0.00089126559714795
50,3.91202300542815,NA,-1.44073641639508e-39,4.8566553383916e-43,9.85561295748935e-22,-4005.39601382977,1121.99999999999,0.00089126559714795
