"iteration","beta","gamma","gradient_gamma","raw_gamma_step","gamma_step","sampler_is_too_sticky","acceptance_rate","mean_rf","sd_rf","mean_log_likelihood","cov_rf_loglik","var_rf","beta_covariance_estimate"
1,1,0,775.558236407703,0.775558236407703,0.25,FALSE,0.565272727272727,10.335,3.86285738368837,-4383.47650096467,-790.478411407564,14.920175,52.9805053498073
2,1.28402541668774,0.25,751.523664765054,0.751523664765054,0.25,FALSE,0.240272727272727,4.31179999999998,3.83174229103397,-4100.56778235133,-604.137714248337,14.6807807599999,41.1516065885546
3,1.64872127070013,0.5,110.164135384443,0.110164135384443,0.110164135384443,FALSE,0.0857272727272727,1.57800000000002,1.92309277690469,-4004.71881061981,-72.9147584779618,3.69791600000007,19.7177973966852
4,1.84073350348917,0.610164135384443,125.312348304753,0.125312348304753,0.125312348304753,FALSE,0.0665454545454545,1.1146,1.58818105765919,-4001.61178145779,-72.7198514605322,2.52206683999997,28.8334354614221
5,2.08647592743665,0.735476483689196,62.4240227391876,0.0624240227391876,0.0624240227391876,FALSE,0.0335454545454545,0.67,1.18660895162651,-3955.80784789641,-32.8559501061136,1.4079,23.3368492834105
6,2.22087332114006,0.797900506428383,44.6186347525222,0.0446186347525223,0.0446186347525223,FALSE,0.0277272727272727,0.437799999999999,0.970785971540648,-3956.09374555081,-22.1833788643227,0.942331159999995,23.5409586416763
7,2.32220958831425,0.842519141180906,47.5444989421989,0.0475444989421989,0.0475444989421989,FALSE,0.0259090909090909,0.448,0.902982578876097,-3942.27008441736,-22.3671072535344,0.815295999999999,27.4343394957592
8,2.43528462817198,0.890063640123105,19.2177154689822,0.0192177154689822,0,TRUE,0.0172727272727273,0.205200000000004,0.633981981853748,-3934.89014741211,-8.87008693646229,0.401892960000002,22.0707696309541
9,2.43528462817198,0.890063640123105,25.8571641849413,0.0258571641849413,0,TRUE,0.0168181818181818,0.241,0.684664791403568,-3934.44463762611,-11.7591816636975,0.468718999999997,25.0879133632252
10,2.43528462817198,0.890063640123105,22.302643168266,0.022302643168266,0,TRUE,0.0166363636363636,0.25,0.69853331694307,-3973.49502976393,-10.3463012458778,0.487900000000004,21.2057824264761
11,2.43528462817198,0.890063640123105,24.9481086874241,0.0249481086874241,0.0249481086874241,FALSE,0.0212727272727273,0.305199999999993,0.757172563573962,-3934.52739027782,-11.6404664966209,0.573252960000003,20.3059858541695
12,2.49680458621658,0.915011748810529,21.2838709113734,0.0212838709113734,0,TRUE,0.0131818181818182,0.200799999999999,0.623953757765104,-3933.53007857067,-9.49639850627762,0.38927936,24.3948163762847
13,2.49680458621658,0.915011748810529,16.3919819915857,0.0163919819915857,0,TRUE,0.0113636363636364,0.128799999999998,0.502230807078149,-3932.39562120904,-7.19490467154608,0.252210559999997,28.5273728092359
14,2.49680458621658,0.915011748810529,28.7504533476898,0.0287504533476898,0,TRUE,0.0154545454545455,0.2488,0.763516113572927,-3964.3448088214,-12.9702830841672,0.582898559999991,22.2513555088682
15,2.49680458621658,0.915011748810529,53.3630660249834,0.0533630660249834,0,TRUE,0.0193636363636364,0.281000000000023,0.790886559599454,-3941.67413397663,-22.9341430224872,0.62543900000002,36.6688726198502
16,2.49680458621658,0.915011748810529,26.0734404180365,0.0260734404180365,0,TRUE,0.0187272727272727,0.274399999999992,0.732637915911839,-3933.3571084224,-11.7827703030855,0.53670463999999,21.9539192042121
17,2.49680458621658,0.915011748810529,16.3958017705169,0.0163958017705168,0,TRUE,0.0126363636363636,0.168799999999998,0.571611086249575,-3932.33194689067,-7.38243649298153,0.326706560000006,22.5965358423822
18,2.49680458621658,0.915011748810529,14.0936805282464,0.0140936805282464,0,TRUE,0.0144545454545455,0.172399999999998,0.58370567174831,-3930.48328344211,-6.49529404768726,0.340678240000004,19.065773169684
19,2.49680458621658,0.915011748810529,27.8408120272578,0.0278408120272578,0,TRUE,0.0179090909090909,0.228800000000005,0.704627710227985,-3934.32317280395,-12.3901171290733,0.496450559999991,24.9574038733555
20,2.49680458621658,0.915011748810529,22.2486156286097,0.0222486156286097,0,TRUE,0.0159090909090909,0.201399999999995,0.617637585982932,-3935.83558875545,-9.86321202204784,0.381438040000004,25.8579664001203
21,2.49680458621658,0.915011748810529,16.0254890850884,0.0160254890850884,0,TRUE,0.015,0.17900000000001,0.582746050433544,-3940.0587817476,-7.26621187935236,0.339559000000003,21.3989671289888
22,2.49680458621658,0.915011748810529,40.2272477750836,0.0402272477750836,0,TRUE,0.0174545454545455,0.265799999999991,0.775248644659291,-3935.46053085409,-17.6119478786955,0.600950359999982,29.3068264052559
23,2.49680458621658,0.915011748810529,16.7562156843098,0.0167562156843098,0,TRUE,0.0160909090909091,0.217400000000002,0.639044660260809,-3935.305195987,-7.73060241800935,0.408337240000001,18.9319064261916
24,2.49680458621658,0.915011748810529,22.5089152586042,0.0225089152586042,0,TRUE,0.0161818181818182,0.240399999999993,0.66200578937539,-3934.94106462318,-10.1092082237281,0.438207840000003,23.069437150481
25,2.49680458621658,0.915011748810529,34.2232700439001,0.0342232700439001,0,TRUE,0.0151818181818182,0.242600000000001,0.68526797621072,-3933.59701355836,-14.8791903205731,0.469545240000003,31.6885127417605
26,2.49680458621658,0.915011748810529,28.5427734949971,0.0285427734949971,0,TRUE,0.0185454545454545,0.238399999999999,0.665740010046059,-3945.50170821169,-12.5382185326185,0.443165440000003,28.2924104655328
27,2.49680458621658,0.915011748810529,28.3019015224238,0.0283019015224238,0,TRUE,0.0198181818181818,0.325400000000004,0.821329591716925,-3980.08863546422,-13.0193806792338,0.674514840000005,19.3018446847421
28,2.49680458621658,0.915011748810529,22.2788971948122,0.0222788971948122,0,TRUE,0.0158181818181818,0.226999999999999,0.640087471520165,-3935.83036446009,-9.94583233430692,0.409670999999994,24.2776089454882
29,2.49680458621658,0.915011748810529,13.8864036506394,0.0138864036506394,0,TRUE,0.0167272727272727,0.193799999999992,0.616830291053133,-3931.88585751169,-6.5115584270056,0.380441560000002,17.1157915213195
30,2.49680458621658,0.915011748810529,29.8657986961656,0.0298657986961656,0,TRUE,0.0180909090909091,0.217799999999993,0.647614932278491,-3957.16146693474,-13.0086762549562,0.419363159999988,31.0200739973357
31,2.49680458621658,0.915011748810529,27.8177720784829,0.0278177720784829,0,TRUE,0.017,0.2202,0.734279154400854,-3933.92189647347,-12.4874065340927,0.539111960000009,23.1629187638361
32,2.49680458621658,0.915011748810529,22.8527967208825,0.0228527967208825,0,TRUE,0.0174545454545455,0.246200000000007,0.693277450493171,-3934.42612063467,-10.3527457343459,0.480585559999994,21.5419409071425
33,2.49680458621658,0.915011748810529,36.2130510200744,0.0362130510200744,0,TRUE,0.0178181818181818,0.261800000000004,0.758365526528755,-3937.28766732117,-15.9395729550263,0.575060759999992,27.7180674873844
34,2.49680458621658,0.915011748810529,62.1005955003716,0.0621005955003716,0.0621005955003716,FALSE,0.0201818181818182,0.325200000000004,0.921265343418149,-3939.96646319253,-26.9909293977972,0.848644959999998,31.8047365741703
35,2.65677330787688,0.9771123443109,13.5169046250058,0.0135169046250058,0,TRUE,0.0112727272727273,0.134799999999999,0.529393035181394,-3931.41198379431,-5.83221952550221,0.280228959999998,20.8123369030176
36,2.65677330787688,0.9771123443109,19.9309926667467,0.0199309926667467,0,TRUE,0.0126363636363636,0.159200000000001,0.57644478387698,-3934.94937733652,-8.38468174497936,0.332255359999991,25.2356553254087
37,2.65677330787688,0.9771123443109,15.8977631809641,0.0158977631809641,0,TRUE,0.0125454545454545,0.150400000000006,0.534984542623489,-3943.259448142,-6.74417633586378,0.286179840000012,23.5662174381798
38,2.65677330787688,0.9771123443109,23.0893743519177,0.0230893743519177,0,TRUE,0.0108181818181818,0.113199999999997,0.470752504817592,-3933.33671112213,-9.27946131033264,0.221585759999995,41.877516453823
39,2.65677330787688,0.9771123443109,38.8344396371933,0.0388344396371933,0,TRUE,0.012,0.186600000000001,0.645617628486236,-3935.27971315088,-15.724435758238,0.416780440000004,37.7283438691074
40,2.65677330787688,0.9771123443109,18.1041208309849,0.0181041208309849,0,TRUE,0.011,0.108199999999996,0.452452463053447,-3932.39519802305,-7.3581487891459,0.204692760000005,35.9472840619556
41,2.65677330787688,0.9771123443109,21.7910633332296,0.0217910633332296,0,TRUE,0.0147272727272727,0.164200000000004,0.593863306967829,-3940.84585022291,-9.13895872185313,0.352638359999993,25.9159517468642
42,2.65677330787688,0.9771123443109,7.54864169046171,0.00754864169046171,0,TRUE,0.00909090909090909,0.0860000000000012,0.42310979921316,-3931.02008289494,-3.31685486578647,0.179003999999997,18.5295013842513
43,2.65677330787688,0.9771123443109,16.5989609380314,0.0165989609380314,0,TRUE,0.0124545454545455,0.174199999999997,0.56823115777376,-3932.30940244704,-7.10554055720311,0.32285436,22.0085011619577
44,2.65677330787688,0.9771123443109,19.9143465274609,0.0199143465274609,0,TRUE,0.0106363636363636,0.157599999999998,0.538879651803603,-3932.99284673908,-8.2671156744653,0.290362239999993,28.4717312914568
45,2.65677330787688,0.9771123443109,8.02370208245836,0.00802370208245836,0,TRUE,0.0126363636363636,0.1518,0.534214655854614,-3942.58125943483,-3.77822107743137,0.285356759999998,13.2403419404937
46,2.65677330787688,0.9771123443109,26.8275145235411,0.0268275145235411,0,TRUE,0.0115454545454545,0.178199999999997,0.621517005671499,-3933.35532837826,-11.1239455782,0.386244760000012,28.8002498162036
47,2.65677330787688,0.9771123443109,12.6484884931442,0.0126484884931442,0,TRUE,0.0113636363636364,0.100200000000008,0.440884789871163,-3931.19646820527,-5.27721632277744,0.194359960000007,27.1517668699729
48,2.65677330787688,0.9771123443109,18.9146838882573,0.0189146838882573,0,TRUE,0.0121818181818182,0.2094,0.614971104155253,-3951.23199065751,-8.12408275616423,0.378151640000002,21.483663950695
49,2.65677330787688,0.9771123443109,18.8809177286146,0.0188809177286146,0,TRUE,0.0129090909090909,0.1364,0.513635495407236,-3935.04903023648,-7.80755373161296,0.263795039999998,29.597045234865
50,2.65677330787688,0.9771123443109,15.249993872409,0.015249993872409,0,TRUE,0.0116363636363636,0.131,0.538950876058951,-3930.91204630159,-6.51167390041013,0.290439000000007,22.4201085267818
51,2.65677330787688,0.9771123443109,26.8476413118584,0.0268476413118584,0,TRUE,0.0177272727272727,0.223399999999995,0.747360886606687,-3977.73188312486,-11.5891442680717,0.558492440000048,20.7507630149312
52,2.65677330787688,0.9771123443109,12.7441084325931,0.0127441084325931,0,TRUE,0.0110909090909091,0.141800000000001,0.516448866726619,-3931.44432081937,-5.50537917936462,0.266692760000002,20.6431519901949
53,2.65677330787688,0.9771123443109,30.3401481555193,0.0303401481555193,0,TRUE,0.0130909090909091,0.182,0.634126337271356,-3933.94053468044,-12.4881483683863,0.402075999999992,31.0591738088981
54,2.65677330787688,0.9771123443109,3.93348149681654,0.00393348149681654,0,TRUE,0.0116363636363636,0.103799999999997,0.445472114211923,-3929.5635299804,-2.00772014143021,0.198425559999997,10.1182536233247
55,2.65677330787688,0.9771123443109,19.8771754095711,0.0198771754095711,0,TRUE,0.0128181818181818,0.156400000000002,0.577903484367137,-3932.05022147328,-8.36889827729619,0.333939039999989,25.0611557046354
56,2.65677330787688,0.9771123443109,13.9231948631899,0.0139231948631899,0,TRUE,0.0118181818181818,0.1118,0.459480001944773,-3934.28066310634,-5.80148776591196,0.211100759999998,27.4820790124678
57,2.65677330787688,0.9771123443109,10.5945507990059,0.0105945507990059,0,TRUE,0.00981818181818182,0.136600000000008,0.504545237406542,-3931.00865744796,-4.66400739126615,0.254540439999996,18.3232471479433
58,2.65677330787688,0.9771123443109,18.4962420050776,0.0184962420050776,0,TRUE,0.0125454545454545,0.198400000000005,0.612433627011716,-3933.72087152468,-7.95830899992685,0.375037439999996,21.2200387244723
59,2.65677330787688,0.9771123443109,14.5796676066292,0.0145796676066292,0,TRUE,0.0131818181818182,0.1618,0.56342923712793,-3931.81174488948,-6.33104990389518,0.317420760000005,19.9452925003868
60,2.65677330787688,0.9771123443109,6.09310142390496,0.00609310142390496,0,TRUE,0.0103636363636364,0.104799999999998,0.483570412695437,-3939.45109726399,-2.91462030843068,0.23381696,12.4653930511742
61,2.65677330787688,0.9771123443109,13.5295031979038,0.0135295031979038,0,TRUE,0.0127272727272727,0.126999999999996,0.497489446697123,-3931.35509861083,-5.74993110968668,0.247471000000009,23.2347673452101
62,2.65677330787688,0.9771123443109,22.1684044111499,0.0221684044111499,0,TRUE,0.0142727272727273,0.209800000000002,0.633422514920492,-3933.65170011954,-9.40996321238935,0.401183960000006,23.4554821493592
63,2.65677330787688,0.9771123443109,18.4248987583371,0.0184248987583371,0,TRUE,0.0162727272727273,0.248999999999998,0.715576833764558,-3932.03720700416,-8.29533147303011,0.511998999999993,16.2018509275022
64,2.65677330787688,0.9771123443109,12.4145007539799,0.0124145007539799,0,TRUE,0.0110909090909091,0.102799999999998,0.4416465387236,-3931.24180248584,-5.1909300550833,0.195032160000001,26.6157645748438
65,2.65677330787688,0.9771123443109,6.12418958318118,0.00612418958318118,0,TRUE,0.00727272727272727,0.0782000000000003,0.409757916525177,-3936.93283129987,-2.75115487165629,0.167884760000002,16.3871626683462
66,2.65677330787688,0.9771123443109,15.2448414094395,0.0152448414094395,0,TRUE,0.0129090909090909,0.167200000000001,0.569979515127242,-3943.90440169117,-6.60114124248208,0.324844160000002,20.3209478738421
67,2.65677330787688,0.9771123443109,34.0697969289948,0.0340697969289948,0,TRUE,0.0159090909090909,0.239999999999993,0.73976666961455,-3938.6918469302,-14.2775364376394,0.547199999999976,26.0919891038743
68,2.65677330787688,0.9771123443109,16.515246764351,0.016515246764351,0,TRUE,0.0104545454545455,0.159200000000001,0.553792405692718,-3932.20416828556,-7.0309937699425,0.306655359999993,22.9279989429914
69,2.65677330787688,0.9771123443109,17.4954413657741,0.0174954413657741,0,TRUE,0.0112727272727273,0.203600000000004,0.604800478142815,-3935.38333723467,-7.55692872104491,0.365747039999991,20.6616264646874
70,2.65677330787688,0.9771123443109,22.678237696276,0.022678237696276,0,TRUE,0.0130909090909091,0.212000000000002,0.691016461725153,-3943.91252701873,-9.80450016303528,0.47745600000001,20.5348768536474
71,2.65677330787688,0.9771123443109,16.0792814290663,0.0160792814290663,0,TRUE,0.0110909090909091,0.151800000000004,0.551894209719459,-3932.06640505673,-6.86132246775132,0.304556760000008,22.5288792399523
72,2.65677330787688,0.9771123443109,29.1613435735875,0.0291613435735875,0,TRUE,0.0146363636363636,0.244600000000004,0.693843629284113,-3939.57811054574,-12.2551189412833,0.481370840000011,25.4587896127714
73,2.65677330787688,0.9771123443109,8.60504560859419,0.0086050456085942,0,TRUE,0.012,0.142799999999997,0.570999793411767,-3942.54812204654,-4.10503826225584,0.326008159999987,12.5918267268402
74,2.65677330787688,0.9771123443109,10.2399096222321,0.0102399096222321,0,TRUE,0.0110909090909091,0.147000000000004,0.521937009440921,-3930.97626130912,-4.57794660817442,0.272390999999993,16.8065266773665
75,2.65677330787688,0.9771123443109,14.6591123946148,0.0146591123946148,0,TRUE,0.00927272727272727,0.0953999999999985,0.42628278372598,-3931.65616406568,-6.00037026446485,0.181698840000001,33.0237125590059
76,2.65677330787688,0.9771123443109,25.7113540398019,0.0257113540398019,0,TRUE,0.0154545454545455,0.1678,0.566635039092004,-3933.77568430114,-10.530600881445,0.321043159999989,32.8011999428529
77,2.65677330787688,0.9771123443109,36.3323977230557,0.0363323977230557,0,TRUE,0.0141818181818182,0.189399999999998,0.655873964314645,-3937.15919489681,-14.8181365877799,0.430127639999984,34.4505565552134
78,2.65677330787688,0.9771123443109,21.8867047135986,0.0218867047135986,0,TRUE,0.0148181818181818,0.247600000000001,0.741045987045095,-3948.19289529928,-9.69689653454784,0.549094240000008,17.6598037789428
79,2.65677330787688,0.9771123443109,13.9514107568242,0.0139514107568242,0,TRUE,0.00909090909090909,0.0904000000000057,0.415505841728422,-3931.49580154231,-5.70989430073725,0.172627839999998,33.0763236146458
80,2.65677330787688,0.9771123443109,18.6990309067971,0.0186990309067971,0,TRUE,0.0146363636363636,0.184999999999998,0.588395802977984,-3933.57088710916,-7.95795705923015,0.346174999999993,22.9882488892332
81,2.65677330787688,0.9771123443109,16.7944355476742,0.0167944355476742,0,TRUE,0.0106363636363636,0.133400000000005,0.527856328209091,-3931.74291939639,-7.06155449697547,0.278604440000009,25.3461664034329
82,2.65677330787688,0.9771123443109,14.0827452763449,0.0140827452763449,0,TRUE,0.0114545454545455,0.140999999999999,0.520524826122144,-3931.69914539297,-6.02046547587641,0.270919000000002,22.222381877522
83,2.65677330787688,0.9771123443109,25.5017491640764,0.0255017491640764,0,TRUE,0.0109090909090909,0.155600000000003,0.563400729532986,-3950.78457755916,-10.4419971223962,0.317388639999985,32.8997191657418
84,2.65677330787688,0.9771123443109,29.9778941904001,0.0299778941904001,0,TRUE,0.0133636363636364,0.173199999999997,0.661245404179549,-3933.02027104147,-12.4451184491365,0.437201759999995,28.4653896387257
85,2.65677330787688,0.9771123443109,22.600435610703,0.022600435610703,0,TRUE,0.011,0.1572,0.540478835605178,-3933.49937988908,-9.28273540599814,0.29208816,31.7805946190977
86,2.65677330787688,0.9771123443109,10.5425431331147,0.0105425431331147,0,TRUE,0.014,0.134000000000002,0.500069002139381,-3943.99113758767,-4.63248586943402,0.250044000000004,18.5266827815662
87,2.65677330787688,0.9771123443109,16.8930814191737,0.0168930814191737,0,TRUE,0.0120909090909091,0.143000000000001,0.544775805325321,-3946.07287019298,-7.14689574748903,0.296750999999996,24.0838135254443
88,2.65677330787688,0.9771123443109,8.72112232537567,0.00872112232537567,0,TRUE,0.0102727272727273,0.102199999999998,0.440425427803325,-3930.50691078149,-3.79789423892717,0.193955160000007,19.5813003321337
89,2.65677330787688,0.9771123443109,8.54373053791071,0.00854373053791071,0,TRUE,0.0112727272727273,0.109000000000004,0.500143993667253,-3930.83823891023,-3.88033919363629,0.250118999999993,15.5139721238147
90,2.65677330787688,0.9771123443109,19.0201781666808,0.0190201781666808,0,TRUE,0.0116363636363636,0.144399999999999,0.517663440416448,-3932.74745982975,-7.87100603755085,0.267948639999998,29.3750550014022
91,2.65677330787688,0.9771123443109,16.3142064057299,0.0163142064057299,0,TRUE,0.0120909090909091,0.143999999999998,0.526964675454504,-3932.1430458852,-6.87829942435068,0.277663999999997,24.7720245489179
92,2.65677330787688,0.9771123443109,27.2226403694447,0.0272226403694447,0,TRUE,0.0158181818181818,0.23060000000001,0.689399134839039,-3958.54304050237,-11.509066251135,0.475223640000011,24.2182107168211
93,2.65677330787688,0.9771123443109,20.7862775052732,0.0207862775052732,0,TRUE,0.0129090909090909,0.192999999999998,0.630547983166935,-3952.04055601107,-8.88008362201691,0.39755100000001,22.3369671363339
94,2.65677330787688,0.9771123443109,18.8749780736715,0.0188749780736715,0,TRUE,0.011,0.1524,0.611891886829812,-3931.72861020521,-8.09910193362857,0.374374240000012,21.6337051759446
95,2.65677330787688,0.9771123443109,29.3995096212817,0.0293995096212817,0,TRUE,0.0134545454545455,0.184400000000005,0.701174589228931,-3939.12695125675,-12.371931424895,0.491596640000019,25.1668347954829
96,2.65677330787688,0.9771123443109,10.1500052604621,0.0101500052604621,0,TRUE,0.0116363636363636,0.144799999999998,0.535781360413537,-3933.0941088873,-4.58300729542674,0.287032960000004,15.9668328523201
97,2.65677330787688,0.9771123443109,15.3920907568781,0.0153920907568781,0,TRUE,0.0107272727272727,0.164999999999995,0.552454089089806,-3932.06107954606,-6.60430887254326,0.30517499999999,21.6410547146505
98,2.65677330787688,0.9771123443109,33.0107938117124,0.0330107938117124,0,TRUE,0.014,0.254599999999999,0.730227473611052,-3946.17705038995,-13.8416803967027,0.533178840000002,25.9606709011608
99,2.65677330787688,0.9771123443109,29.1252404698349,0.0291252404698349,0,TRUE,0.0124545454545455,0.167000000000001,0.604439852055969,-3935.70946451458,-11.9331851767334,0.365311000000008,32.6658249456851
100,2.65677330787688,0.9771123443109,7.83635926236664,0.00783635926236664,0,TRUE,0.0106363636363636,0.147399999999997,0.527163191149624,-3930.4555604331,-3.68782389174712,0.277873240000003,13.2716050374159
101,2.65677330787688,0.9771123443109,17.0263123109344,0.0170263123109344,0,TRUE,0.0112727272727273,0.135000000000007,0.514394265273267,-3932.10116113658,-7.11155904215681,0.264575,26.879179976025
102,2.65677330787688,0.9771123443109,17.705373865895,0.017705373865895,0,TRUE,0.0118181818181818,0.139199999999999,0.519856119554691,-3932.19592236917,-7.38216180222708,0.270223359999997,27.3187403273616
103,2.65677330787688,0.9771123443109,13.3011927950178,0.0133011927950178,0,TRUE,0.0132727272727273,0.158599999999997,0.540439864855193,-3942.67816596407,-5.78242166456834,0.292046040000007,19.7996920778936
104,2.65677330787688,0.9771123443109,4.65298661693196,0.00465298661693196,0,TRUE,0.0106363636363636,0.105,0.45232229609645,-3929.7015412186,-2.29487697121246,0.204574999999996,11.2177781801907
105,2.65677330787688,0.9771123443109,10.533122448933,0.010533122448933,0,TRUE,0.0117272727272727,0.132400000000003,0.49728761245069,-3960.59788993019,-4.62157070597102,0.247270239999997,18.6903636522174
106,2.65677330787688,0.9771123443109,20.6389712073086,0.0206389712073086,0,TRUE,0.0126363636363636,0.153200000000001,0.531938018763058,-3935.8066885836,-8.52011540576334,0.282929759999999,30.1138890647748
107,2.65677330787688,0.9771123443109,16.2313209210943,0.0162313209210943,0,TRUE,0.0129090909090909,0.211600000000016,0.677105078351055,-3956.63745552381,-7.32734379245665,0.458425439999986,15.9837198224795
108,2.65677330787688,0.9771123443109,11.4791494225274,0.0114791494225274,0,TRUE,0.01,0.132400000000004,0.497287612450691,-3931.17096847871,-4.97765188565162,0.247270239999992,20.1304123199451
109,2.65677330787688,0.9771123443109,24.6451337958205,0.0246451337958205,0,TRUE,0.00990909090909091,0.158600000000001,0.540439864855182,-3934.10550367243,-10.0522406089455,0.29204604,34.4200544850582
110,2.65677330787688,0.9771123443109,13.4365485592397,0.0134365485592397,0,TRUE,0.00827272727272727,0.107800000000002,0.459565316389283,-3931.33879876157,-5.61852412332786,0.211179160000001,26.6054857085701
111,2.65677330787688,0.9771123443109,15.281006631266,0.015281006631266,0,TRUE,0.0151818181818182,0.186799999999995,0.62188779891835,-3961.43594337313,-6.77910595066744,0.386705759999998,17.5303981783656
112,2.65677330787688,0.9771123443109,29.0065424804675,0.0290065424804675,0,TRUE,0.0111818181818182,0.178200000000015,0.610476885887445,-3934.30598615383,-11.9079918146822,0.372644759999992,31.9553448562712
113,2.65677330787688,0.9771123443109,31.7345782042798,0.0317345782042798,0,TRUE,0.015,0.220399999999997,0.690703660881235,-3934.17267618658,-13.2121262874653,0.477023840000004,27.6969936921081
114,2.65677330787688,0.9771123443109,44.25765494287,0.04425765494287,0,TRUE,0.0151818181818182,0.219799999999997,0.657366848203728,-3939.13950311152,-17.8063832726054,0.432087960000002,41.2100889656942
115,2.65677330787688,0.9771123443109,33.1611956107373,0.0331611956107373,0,TRUE,0.0148181818181818,0.239999999999997,0.773601865292902,-3931.73250585942,-14.0715689345698,0.5984,23.5153224173961
116,2.65677330787688,0.9771123443109,15.2857653910999,0.0152857653910999,0,TRUE,0.012,0.199199999999998,0.637149869336527,-3931.72910723995,-6.83194331051975,0.40591936,16.8307895206569
117,2.65677330787688,0.9771123443109,12.0415397168668,0.0120415397168668,0,TRUE,0.0119090909090909,0.143600000000005,0.522500086731221,-3928.81076063048,-5.257636040819,0.272979040000006,19.2602188095426
118,2.65677330787688,0.9771123443109,13.1823230223165,0.0131823230223165,0,TRUE,0.0126363636363636,0.171599999999996,0.583941382977667,-3931.48582647645,-5.86761538085107,0.340953439999987,17.2094329972189
119,2.65677330787688,0.9771123443109,20.9158827681493,0.0209158827681493,0,TRUE,0.0146363636363636,0.179400000000005,0.590804997486045,-3933.15666663391,-8.79991913191086,0.349015640000003,25.2135380864617
120,2.65677330787688,0.9771123443109,18.7504340307469,0.0187504340307469,0,TRUE,0.0103636363636364,0.124800000000004,0.493608473319139,-3932.54880493524,-7.70485280283673,0.243624960000006,31.6258761123513
121,2.65677330787688,0.9771123443109,20.8420093901766,0.0208420093901766,0,TRUE,0.0118181818181818,0.160600000000003,0.574317528952786,-3955.49395501268,-8.72108215416068,0.329807639999995,26.4429355067724
122,2.65677330787688,0.9771123443109,12.950705323962,0.012950705323962,0,TRUE,0.0115454545454545,0.147399999999999,0.522590231496009,-3931.52853088548,-5.60009300157271,0.273073239999997,20.5076594161067
123,2.65677330787688,0.9771123443109,25.6742370247319,0.0256742370247319,0,TRUE,0.0102727272727273,0.128599999999995,0.547623985233427,-3933.21421188847,-10.4603567350598,0.299862039999988,34.8838977253016
124,2.65677330787688,0.9771123443109,12.4541239229498,0.0124541239229498,0,TRUE,0.00909090909090909,0.119399999999997,0.477248799518328,-3931.25705892934,-5.29275106150574,0.227743639999997,23.2399511200656
125,2.65677330787688,0.9771123443109,21.6049745698647,0.0216049745698647,0,TRUE,0.0151818181818182,0.206399999999998,0.663809539183073,-3934.66076376748,-9.30260716158496,0.440599039999999,21.1135438733253
126,2.65677330787688,0.9771123443109,16.4526450616552,0.0164526450616552,0,TRUE,0.0140909090909091,0.181799999999997,0.578430824059247,-3941.61093319986,-7.08153715282639,0.334548760000006,21.1674290851542
127,2.65677330787688,0.9771123443109,23.6254963105667,0.0236254963105667,0,TRUE,0.0117272727272727,0.173799999999995,0.563405096294131,-3933.83687881762,-9.7357953096939,0.31739356,30.6742055815307
128,2.65677330787688,0.9771123443109,23.7246235779982,0.0237246235779982,0,TRUE,0.0110909090909091,0.144400000000001,0.523809199621196,-3939.26635246884,-9.65874586521639,0.274348640000002,35.2061007673168
129,2.65677330787688,0.9771123443109,13.225723907673,0.013225723907673,0,TRUE,0.0125454545454545,0.127400000000001,0.502189664813969,-3931.49675456191,-5.64807182666307,0.252169240000003,22.3979412662028
130,2.65677330787688,0.9771123443109,31.0776525471848,0.0310776525471848,0,TRUE,0.0146363636363636,0.252199999999999,0.794013983391137,-3961.76124266196,-13.3723346416672,0.63039515999999,21.2126226376284
131,2.65677330787688,0.9771123443109,6.09282137627123,0.00609282137627123,0,TRUE,0.00845454545454545,0.080599999999999,0.393343503710428,-3929.91464673627,-2.70432874263569,0.154703639999998,17.4807053191232
132,2.65677330787688,0.9771123443109,21.8003895987214,0.0218003895987214,0,TRUE,0.0123636363636364,0.170400000000003,0.568327493276528,-3934.75533418738,-9.0636306222448,0.322963839999996,28.0639176888809
133,2.65677330787688,0.9771123443109,15.7265867750601,0.0157265867750601,0,TRUE,0.0116363636363636,0.170199999999993,0.638962273752385,-3938.0195240585,-7.00401096159328,0.408231960000005,17.1569393087038
134,2.65677330787688,0.9771123443109,20.423041647428,0.020423041647428,0,TRUE,0.0153636363636364,0.220199999999998,0.626060025169698,-3938.36716815798,-8.7283812893344,0.391911960000002,22.2712807471718
135,2.65677330787688,0.9771123443109,5.46104884548023,0.00546104884548023,0,TRUE,0.0100909090909091,0.107000000000001,0.466661308957334,-3938.73761670848,-2.63403435788887,0.217750999999996,12.0965431060657
136,2.65677330787688,0.9771123443109,16.9191636051109,0.0169191636051109,0,TRUE,0.0125454545454545,0.130199999999998,0.512517538648898,-3963.5616170131,-7.06610894289611,0.262647959999999,26.9033459955148
137,2.65677330787688,0.9771123443109,16.726568665363,0.016726568665363,0,TRUE,0.0119090909090909,0.134600000000007,0.557775897108557,-3943.85447603978,-7.12229739064351,0.311082840000014,22.8951792732868
138,2.65677330787688,0.9771123443109,26.6168054508812,0.0266168054508812,0,TRUE,0.0120909090909091,0.177800000000002,0.583798974069147,-3934.23848593031,-10.9238648962567,0.340787160000007,32.0548018776778
139,2.65677330787688,0.9771123443109,14.9520227142467,0.0149520227142467,0,TRUE,0.00927272727272727,0.117800000000003,0.476808026976726,-3931.79266152686,-6.23183413995757,0.227323159999998,27.4139869424551
140,2.65677330787688,0.9771123443109,17.8614089051776,0.0178614089051776,0,TRUE,0.0102727272727273,0.11899999999999,0.476509922426229,-3932.34236510342,-7.32616177960353,0.227038999999993,32.2682965464249
141,2.65677330787688,0.9771123443109,6.52021818010471,0.00652021818010471,0,TRUE,0.00872727272727273,0.0873999999999984,0.41082614061396,-3930.01745150509,-2.90254723211101,0.168761240000002,17.1991343042453
142,2.65677330787688,0.9771123443109,10.1311628873933,0.0101311628873933,0,TRUE,0.011,0.108800000000004,0.510870491285101,-3930.58990055132,-4.50665195055399,0.260962559999994,17.2693429684093
143,2.65677330787688,0.9771123443109,20.9926517598348,0.0209926517598348,0,TRUE,0.0132727272727273,0.145200000000004,0.550406445025368,-3935.1922768064,-8.70634096410741,0.302916960000005,28.7416754879201
144,2.65677330787688,0.9771123443109,21.6203112613586,0.0216203112613586,0,TRUE,0.0121818181818182,0.178399999999997,0.573590743155789,-3948.31425081025,-9.01181592301561,0.328973439999995,27.3937492431479
145,2.65677330787688,0.9771123443109,14.8412622815259,0.0148412622815259,0,TRUE,0.012,0.125,0.484147126237453,-3931.81710425996,-6.20887944826576,0.234375,26.4912189792672
146,2.65677330787688,0.9771123443109,32.9209046495384,0.0329209046495384,0,TRUE,0.0138181818181818,0.193999999999997,0.622898707881184,-3935.36348785068,-13.4220435257704,0.387964000000009,34.5961056329197
147,2.65677330787688,0.9771123443109,21.7553902004,0.0217553902004,0,TRUE,0.0145454545454545,0.223199999999985,0.675149866869716,-3940.85270752806,-9.399560113729,0.455781760000025,20.6229404918013
148,2.65677330787688,0.9771123443109,25.1605448870282,0.0251605448870282,0,TRUE,0.0115454545454545,0.171999999999997,0.561469077289586,-3934.14412587621,-10.3077968371508,0.315215999999993,32.7007411969921
149,2.65677330787688,0.9771123443109,11.6830965456924,0.0116830965456924,0,TRUE,0.00818181818181818,0.0872000000000025,0.408427277840414,-3931.03634569133,-4.84061546787688,0.166796160000008,29.0211445387991
150,2.65677330787688,0.9771123443109,31.0134985654124,0.0310134985654124,0,TRUE,0.0137272727272727,0.213400000000002,0.638514847220528,-3937.3676067477,-12.7564316528803,0.407660440000005,31.2918066145447
151,2.65677330787688,0.9771123443109,15.2330512883999,0.0152330512883999,0,TRUE,0.0104545454545455,0.115800000000002,0.470544898229847,-3931.83658028335,-6.32185018851382,0.221390359999997,28.555218883577
152,2.65677330787688,0.9771123443109,36.3213525827816,0.0363213525827816,0,TRUE,0.0156363636363636,0.250399999999995,0.78010300349988,-3939.31080149253,-15.287873736185,0.608499840000009,25.1238747017334
153,2.65677330787688,0.9771123443109,15.5295827592412,0.0155295827592412,0,TRUE,0.012,0.1536,0.586891373380461,-3947.33412818623,-6.76029100867104,0.344407039999997,19.6287828746796
154,2.65677330787688,0.9771123443109,13.6230997393347,0.0136230997393347,0,TRUE,0.00845454545454545,0.105800000000007,0.447690074315124,-3931.49383431015,-5.66012043488424,0.200406360000004,28.243217604891
155,2.65677330787688,0.9771123443109,14.1968330881951,0.0141968330881951,0,TRUE,0.0140909090909091,0.154399999999994,0.567267854969616,-3933.87897599258,-6.1984824335354,0.321760640000006,19.2642656153819
156,2.65677330787688,0.9771123443109,18.9432083462201,0.0189432083462201,0,TRUE,0.0135454545454545,0.191400000000006,0.622097050687473,-3932.64484948388,-8.15823712310502,0.386966040000001,21.0825661164091
157,2.65677330787688,0.9771123443109,4.39985862650607,0.00439985862650607,0,TRUE,0.00909090909090909,0.100000000000004,0.441383599546003,-3929.6279277262,-2.17363053911796,0.194799999999996,11.1582676546099
158,2.65677330787688,0.9771123443109,24.0850867605776,0.0240850867605776,0,TRUE,0.012,0.171,0.616438966727442,-3933.51876123856,-10.0750057073348,0.379958999999999,26.5160338545339
159,2.65677330787688,0.9771123443109,18.4060798644824,0.0184060798644824,0,TRUE,0.0106363636363636,0.151599999999999,0.572931291715214,-3947.53709223647,-7.79998216538439,0.328217440000005,23.7646791876272
160,2.65677330787688,0.9771123443109,14.5989542328791,0.0145989542328791,0,TRUE,0.0113636363636364,0.129800000000004,0.510272474076126,-3932.47715539492,-6.18669045672211,0.26035196000001,23.7627957812258
161,2.65677330787688,0.9771123443109,20.612376256179,0.020612376256179,0,TRUE,0.0153636363636364,0.194800000000011,0.612282981181726,-3941.97027197871,-8.75432426513836,0.374852960000022,23.354021974744
162,2.65677330787688,0.9771123443109,35.5630530021625,0.0355630530021625,0,TRUE,0.0140909090909091,0.179600000000006,0.647291077162273,-3952.49757803438,-14.4988451567645,0.41894384000001,34.6080877015977
163,2.65677330787688,0.9771123443109,8.20332492749851,0.00820332492749851,0,TRUE,0.0100909090909091,0.141399999999999,0.542987590606272,-3931.28053954562,-3.87093507071688,0.294806039999994,13.1304469566396
164,2.65677330787688,0.9771123443109,8.32618329498753,0.00832618329498753,0,TRUE,0.0156363636363636,0.194800000000008,0.601738455574214,-3949.76250487267,-4.09583834427692,0.362052959999992,11.3128155181414
165,2.65677330787688,0.9771123443109,27.4375014543714,0.0274375014543714,0,TRUE,0.0120909090909091,0.204799999999999,0.638512121868523,-3933.770950255,-11.4104298453998,0.407656959999995,27.9902736001365
166,2.65677330787688,0.9771123443109,14.9979054079048,0.0149979054079048,0,TRUE,0.012,0.121200000000005,0.518205956875601,-3930.98581734441,-6.35852980719047,0.268510559999995,23.6807439051581
167,2.65677330787688,0.9771123443109,16.0565635396874,0.0160565635396874,0,TRUE,0.013,0.1974,0.625357775385291,-3932.11819489915,-7.08251993901139,0.391033239999999,18.1123219576203
168,2.65677330787688,0.9771123443109,14.6353259864222,0.0146353259864222,0,TRUE,0.0138181818181818,0.152000000000011,0.534532106105189,-3933.41427461724,-6.26771402406294,0.285696000000003,21.9384031420212
169,2.65677330787688,0.9771123443109,12.8060617936448,0.0128060617936448,0,TRUE,0.0120909090909091,0.138600000000002,0.540017779262999,-3937.68024957882,-5.59484463251262,0.29159004,19.1873653589561
170,2.65677330787688,0.9771123443109,24.5864791138514,0.0245864791138514,0,TRUE,0.013,0.178199999999998,0.631731484466978,-3948.30535120037,-10.314434539049,0.399044760000007,25.8478135110679
171,2.65677330787688,0.9771123443109,33.5349590238982,0.0335349590238982,0,TRUE,0.0157272727272727,0.210600000000001,0.713931796364992,-3940.26320121388,-13.9764572495456,0.509647639999995,27.423765269561
172,2.65677330787688,0.9771123443109,10.5648417578547,0.0105648417578547,0,TRUE,0.0128181818181818,0.148399999999998,0.528777269311109,-3931.05146939245,-4.71934264735887,0.27957744,16.880269907897
173,2.65677330787688,0.9771123443109,10.2913289145974,0.0102913289145974,0,TRUE,0.0121818181818182,0.149200000000001,0.525515914790055,-3930.99503579139,-4.60725918923638,0.27613936,16.6845435914546
174,2.65677330787688,0.9771123443109,36.1905156159428,0.0361905156159428,0,TRUE,0.0146363636363636,0.257399999999999,0.743908986407684,-3935.15306753823,-15.0920938993122,0.553345239999993,27.2742816027701
175,2.65677330787688,0.9771123443109,26.3087823050569,0.0263087823050569,0,TRUE,0.0149090909090909,0.200599999999997,0.638279233594568,-3946.90740336754,-10.9847940703562,0.40735964,26.965838025476
176,2.65677330787688,0.9771123443109,15.4314272710712,0.0154314272710712,0,TRUE,0.0115454545454545,0.164200000000004,0.562023084040813,-3949.10841237054,-6.64744512646843,0.315838360000011,21.0469846869399
177,2.65677330787688,0.9771123443109,18.513169858229,0.018513169858229,0,TRUE,0.00981818181818182,0.145799999999999,0.557111656079544,-3931.88219194545,-7.79280042175762,0.31034236,25.1103343473885
178,2.65677330787688,0.9771123443109,20.7838825526295,0.0207838825526295,0,TRUE,0.014,0.151799999999999,0.534214655854596,-3939.5374124978,-8.58110750824841,0.285356760000005,30.0715059571333
179,2.65677330787688,0.9771123443109,23.5126019820041,0.0235126019820041,0,TRUE,0.0126363636363636,0.152200000000004,0.536343105104018,-3937.6392767051,-9.61424096418621,0.287635159999995,33.4251242587533
180,2.65677330787688,0.9771123443109,13.691241224911,0.013691241224911,0,TRUE,0.0120909090909091,0.126999999999997,0.510193129807738,-3931.36583086835,-5.84481542467489,0.260270999999994,22.4566525839415
181,2.65677330787688,0.9771123443109,13.4729700824927,0.0134729700824927,0,TRUE,0.0116363636363636,0.160999999999999,0.562237148417881,-3930.13728668806,-5.91092814970663,0.316078999999992,18.7007936297785
182,2.65677330787688,0.9771123443109,9.79743560640653,0.00979743560640653,0,TRUE,0.0124545454545455,0.130199999999999,0.496661481557319,-3930.81828049706,-4.34300754473274,0.246647960000001,17.6081227054654
183,2.65677330787688,0.9771123443109,26.6276504312404,0.0266276504312404,0,TRUE,0.0115454545454545,0.177800000000007,0.569227161997892,-3946.44313619653,-10.8833131166147,0.323987159999983,33.5918038128896
184,2.65677330787688,0.9771123443109,15.1211953274638,0.0151211953274638,0,TRUE,0.0123636363636364,0.164000000000002,0.56101289962648,-3939.64359849078,-6.52766119167234,0.314704000000005,20.7422250485289
185,2.65677330787688,0.9771123443109,9.11775431950332,0.00911775431950332,0,TRUE,0.0106363636363636,0.113,0.461792513183663,-3930.62461902823,-3.99839664447341,0.213230999999989,18.751479121111
186,2.65677330787688,0.9771123443109,14.7173300783812,0.0147173300783812,0,TRUE,0.0122727272727273,0.126199999999999,0.486309787811164,-3931.7973056911,-6.16780720709276,0.236473559999997,26.0824390138704
187,2.65677330787688,0.9771123443109,20.9493632868404,0.0209493632868404,0,TRUE,0.0101818181818182,0.157200000000004,0.538253780026748,-3943.47920194211,-8.65490141449672,0.289688160000004,29.8766142685866
188,2.65677330787688,0.9771123443109,24.1136720369055,0.0241136720369055,0,TRUE,0.0136363636363636,0.188399999999999,0.594424742147817,-3960.47315479671,-10.0149526366555,0.353305440000005,28.3464433399478
189,2.65677330787688,0.9771123443109,14.9497493073106,0.0149497493073106,0,TRUE,0.0157272727272727,0.240399999999995,0.696172611950933,-3947.30696915635,-6.91452550799427,0.484607840000009,14.2682906409317
190,2.65677330787688,0.9771123443109,22.1170171291224,0.0221170171291224,0,TRUE,0.0149090909090909,0.226000000000001,0.700980126190296,-3951.82993087309,-9.63010287490412,0.491324,19.6003103347366
191,2.65677330787688,0.9771123443109,24.3247277908641,0.0243247277908641,0,TRUE,0.0128181818181818,0.145400000000003,0.536737970302855,-3936.32392733953,-9.92104784459946,0.288058840000001,34.4410462966505
192,2.65677330787688,0.9771123443109,14.0892176139043,0.0140892176139043,0,TRUE,0.0129090909090909,0.190799999999995,0.613541362338628,-3931.70744129966,-6.30312841850255,0.376395359999988,16.7460311373199
193,2.65677330787688,0.9771123443109,18.2270714603885,0.0182270714603885,0,TRUE,0.0116363636363636,0.141,0.514339823993299,-3932.53097684206,-7.56337172522016,0.264518999999997,28.5929242331185
194,2.65677330787688,0.9771123443109,14.2233370449885,0.0142233370449885,0,TRUE,0.0110909090909091,0.108199999999998,0.45245246305348,-3934.46001693217,-5.89743560958038,0.204692759999995,28.8111587805086
195,2.65677330787688,0.9771123443109,30.5431502421491,0.0305431502421491,0,TRUE,0.0191818181818182,0.2894,0.731506083443607,-3935.84830267637,-12.917833133806,0.535047640000009,24.1433326082997
196,2.65677330787688,0.9771123443109,19.0646260802903,0.0190646260802903,0,TRUE,0.0121818181818182,0.178199999999998,0.603225619577661,-3935.65516874409,-8.14251032568729,0.363844759999992,22.3790781697322
197,2.65677330787688,0.9771123443109,25.1117499541932,0.0251117499541932,0,TRUE,0.0138181818181818,0.193799999999992,0.607024223438177,-3938.91450533029,-10.4308388455047,0.368441559999991,28.3107010118645
198,2.65677330787688,0.9771123443109,11.8726225295298,0.0118726225295298,0,TRUE,0.0120909090909091,0.132599999999998,0.51501821751904,-3931.00149661167,-5.17343487070008,0.265217239999998,19.5064049030151
199,2.65677330787688,0.9771123443109,27.1868290272307,0.0271868290272307,0,TRUE,0.0126363636363636,0.1846,0.578926900079386,-3934.63293055544,-11.123370923695,0.335122840000003,33.191921277866
200,2.65677330787688,0.9771123443109,19.8441031234274,0.0198441031234274,0,TRUE,0.0115454545454545,0.156399999999993,0.540710899490333,-3930.65685512351,-8.24592821711892,0.292339040000009,28.2067294779331
201,2.65677330787688,0.9771123443109,21.6490423747297,0.0216490423747297,0,TRUE,0.0134545454545455,0.140200000000003,0.525329950750659,-3932.77126124222,-8.88174290466278,0.275943959999998,32.1867632278049
202,2.65677330787688,0.9771123443109,21.6941554036499,0.0216941554036499,0,TRUE,0.0123636363636364,0.177600000000004,0.568938141682286,-3933.45823114206,-9.0254893134244,0.323658239999992,27.8858629195556
203,2.65677330787688,0.9771123443109,20.4423009104225,0.0204423009104225,0,TRUE,0.0130909090909091,0.174999999999998,0.567280513254309,-3949.85442721018,-8.54929240402433,0.321775000000003,26.5691629369102
204,2.65677330787688,0.9771123443109,25.1199328516009,0.0251199328516009,0,TRUE,0.0138181818181818,0.195399999999995,0.639890448419594,-3933.34654655982,-10.5427862026411,0.409418840000001,25.7506132415427
205,2.65677330787688,0.9771123443109,17.510869078031,0.017510869078031,0,TRUE,0.0105454545454545,0.116,0.469218516899751,-3932.27794045998,-7.17590138667902,0.220143999999998,32.5963977518311
206,2.65677330787688,0.9771123443109,31.9823193925168,0.0319823193925168,0,TRUE,0.0174545454545455,0.230400000000006,0.692072060101845,-3940.74888056093,-13.3104018025417,0.478915839999992,27.7927783773907
207,2.65677330787688,0.9771123443109,23.0685768284203,0.0230685768284203,0,TRUE,0.0114545454545455,0.139800000000001,0.522382281786802,-3933.47986980073,-9.40784649551412,0.27285596,34.4791680398482
208,2.65677330787688,0.9771123443109,24.0523896686889,0.0240523896686889,0,TRUE,0.0138181818181818,0.224800000000001,0.685209392223357,-3933.68057268524,-10.3004956839484,0.46946496,21.940925439778
209,2.65677330787688,0.9771123443109,14.174635623893,0.014174635623893,0,TRUE,0.0115454545454545,0.190199999999998,0.593514267662252,-3931.85843810751,-6.27106152256624,0.352223959999997,17.8041877746372
