"rate","replicate","replicate_seed","random_label_R","init_l2_to_true","true_labeled_ll","upgma_labeled_ll","labeled_upgma_minus_true","labeled_true_beats_upgma","true_random_logmeanexp","upgma_random_logmeanexp","unlabeled_logmeanexp_upgma_minus_true","unlabeled_logmeanexp_true_beats_upgma","true_random_max","upgma_random_max","unlabeled_max_upgma_minus_true","unlabeled_max_true_beats_upgma","true_random_meanlog","upgma_random_meanlog","true_random_sd","upgma_random_sd","true_labeled_minus_true_random_logmeanexp","upgma_labeled_minus_upgma_random_logmeanexp","mean_pairwise_hamming","median_pairwise_hamming","max_pairwise_hamming","mean_pairwise_subs","median_pairwise_subs","max_pairwise_subs","tree_height_subs"
0.005,1,42,500,4,-2898.2974963521,-2900.23380500988,-1.93630865777823,TRUE,-3120.85837837432,-3046.40973468556,74.4486436887587,FALSE,-3115.11767667065,-3040.19512658714,74.9225500835059,FALSE,-3402.41981844997,-3402.3208792597,86.5703229573277,89.0613140629259,222.560882022218,146.175929675681,0.0645111111111111,0.066,0.094,0.0621757722145501,0.0737415532921392,0.0737415532921393,0.0368707766460697
0.005,2,43,500,2.23606797749979,-2809.65335585442,-2808.89269855546,0.760657298959359,FALSE,-2874.44381905557,-2857.24945642355,17.1943626320249,FALSE,-2868.5507038882,-2851.03484833023,17.5158555579683,FALSE,-2984.61234490163,-2984.64433657184,24.2939630805747,26.423033718607,64.7904632011532,48.3567578680877,0.0533333333333333,0.055,0.073,0.0557588555661739,0.055908732377179,0.070157040508222,0.035078520254111
0.005,3,44,500,3.46410161513775,-2930.23625914114,-2931.39226627361,-1.15600713247068,TRUE,-3059.96976912215,-3031.97264370524,27.9971254169145,FALSE,-3053.75516211111,-3025.7580359224,27.9971261887063,FALSE,-3221.89682584915,-3213.78873812628,44.0986053155646,43.6578525202549,129.733509981015,100.58037743163,0.0608444444444444,0.064,0.075,0.0640058022589599,0.0722732971366223,0.0722732971366223,0.0361366485683112
0.005,4,45,500,1,-3042.49190355349,-3043.75463967462,-1.26273612112982,TRUE,-3134.87881117441,-3182.66651623221,-47.7877050577999,TRUE,-3128.66420307599,-3176.45190813379,-47.7877050577999,TRUE,-3360.62599420468,-3362.72257870595,46.8413355639891,41.9537438328316,92.3869076209203,138.91187655759,0.0655555555555556,0.067,0.084,0.0670432246904362,0.0692891349736052,0.0760045595193616,0.0380022797596808
0.005,5,46,500,3.46410161513775,-2792.70576987248,-2801.96837425048,-9.26260437800238,TRUE,-2805.43383290296,-2801.83551376277,3.59831914019333,FALSE,-2799.24401689952,-2795.62149686873,3.62252003078538,FALSE,-2870.06062616748,-2870.85703929227,10.6022852784487,10.9095546425632,12.728063030479,-0.132860487716698,0.0514888888888889,0.052,0.064,0.0573894794620051,0.0653997592916367,0.0669423909201735,0.0334711954600868
0.005,6,47,500,4.69041575982343,-2866.36009016739,-2868.03082560582,-1.67073543842889,TRUE,-2909.2993018598,-2957.72726145265,-48.4279595928433,TRUE,-2903.09536899882,-2951.51265607323,-48.4172870744051,TRUE,-3159.4429177644,-3170.60246609648,44.6926081840195,41.6562112954686,42.939211692415,89.6964358468294,0.0584666666666667,0.062,0.071,0.0588674017334208,0.0591975464475128,0.0703190771407779,0.035159538570389
0.005,7,48,500,3.74165738677394,-3024.42853317847,-3040.03696091758,-15.6084277391042,TRUE,-3087.66333191753,-3083.49862915902,4.16470275851316,FALSE,-3081.44872396164,-3077.2840210606,4.16470290103871,FALSE,-3284.42954272527,-3282.59048051746,42.3652655365095,32.3463893929326,63.2347987390626,43.4616682414453,0.0635555555555556,0.064,0.081,0.0664175972592719,0.0711918928557635,0.0711918928557635,0.0355959464278818
0.005,8,49,500,1.4142135623731,-2958.29881796683,-2967.24287232664,-8.94405435980434,TRUE,-3062.86138208032,-3042.60686275945,20.2545193208653,FALSE,-3057.57727402187,-3036.93236571774,20.6449083041289,FALSE,-3151.8167503185,-3152.70764797272,26.746390979407,26.0532638488444,104.562564113487,75.3639904328179,0.0606666666666667,0.06,0.087,0.0612478851528482,0.0601145223467139,0.072647743160598,0.036323871580299
0.005,9,50,500,4.47213595499958,-2842.64202462535,-2868.58539328816,-25.9433686628076,TRUE,-2960.03860570321,-2959.30181754157,0.736788161638742,FALSE,-2953.83210994198,-2953.08720944315,0.74490049882661,FALSE,-3117.4418482705,-3116.02244585681,43.8397029940672,39.1485866047658,117.396581077859,90.7164242534122,0.0569555555555556,0.061,0.074,0.0667451492268507,0.0732503034945567,0.0749531372169754,0.0374765686084877
0.005,10,51,500,2.64575131106459,-2940.10914256977,-2946.52400986086,-6.41486729109329,TRUE,-3108.69297294935,-3112.87102758068,-4.17805463132117,TRUE,-3102.47836544838,-3106.70556877004,-4.22720332165636,TRUE,-3380.65382356998,-3383.32245932186,71.9031072107935,70.9624895012526,168.583830379589,166.347017719816,0.0650222222222222,0.068,0.094,0.0707893449395077,0.0837999166764442,0.0837999166764443,0.0418999583382222
0.005,11,52,500,3,-3015.94904118973,-3027.64026583016,-11.6912246404245,TRUE,-3115.36126383447,-3070.13640260812,45.2248612263534,FALSE,-3109.14666000684,-3063.92844410289,45.2182159039539,FALSE,-3239.99446685431,-3239.43564346119,28.9517682608836,36.1965869318523,99.4122226447421,42.4961367779642,0.0635333333333333,0.069,0.084,0.0618428686206132,0.067732205143597,0.0727156435919718,0.0363578217959859
0.005,12,53,500,3.46410161513775,-2844.66204692839,-2861.46837816219,-16.8063312337986,TRUE,-2911.64789252014,-2960.44870243832,-48.8008099181784,TRUE,-2905.43328442172,-2954.23409569404,-48.8008112723178,TRUE,-3252.27280943235,-3253.21412798251,74.1688987884525,71.6574765843692,66.9858455917561,98.9803242761359,0.0598,0.062,0.083,0.0673168350334148,0.0756063024886649,0.075606302488665,0.0378031512443325
0.005,13,54,500,2.64575131106459,-2868.44303869862,-2892.0211145295,-23.5780758308724,TRUE,-3009.62977335942,-3004.26751616144,5.36225719797721,FALSE,-3003.415165261,-2998.05290806302,5.36225719797585,FALSE,-3238.47876904659,-3232.665914668,51.3268879046545,54.8640052726715,141.186734660795,112.246401631945,0.0610222222222222,0.061,0.09,0.0589948425429764,0.0713658602443397,0.0716314896521302,0.0358157448260651
0.005,14,55,500,3.74165738677394,-2940.36420805096,-2959.61067493713,-19.2464668861785,TRUE,-3070.92240110868,-3075.71336147937,-4.79096037069576,TRUE,-3064.7427553378,-3069.49875788559,-4.75600254779374,TRUE,-3296.21789346937,-3294.0525185942,50.7273550596871,53.5765524201854,130.558193057724,116.102686542241,0.0631777777777778,0.067,0.084,0.0631916504422264,0.0710299016909054,0.0710299016909054,0.0355149508454527
0.005,15,56,500,3.74165738677394,-2835.36882718759,-2840.06500041621,-4.69617322861632,TRUE,-2943.45076215683,-2922.05935336468,21.3914087921435,FALSE,-2937.2361553144,-2915.85866066917,21.3774946452295,FALSE,-3039.51562469269,-3040.23479991117,25.9179102927877,27.3730013363156,108.081934969236,81.9943529484767,0.0554,0.057,0.069,0.0621941952913528,0.0654299543097255,0.0691973311035811,0.0345986655517906
0.005,16,57,500,5.56776436283002,-2904.56198823941,-2903.93921587393,0.622772365476067,FALSE,-2925.4865442158,-2922.12026094496,3.36628327084736,FALSE,-2919.27193611738,-2915.92969112154,3.34224499584116,FALSE,-3089.44225026274,-3088.36457274316,27.2441103423606,30.8283996343521,20.9245559763954,18.1810450710241,0.0580888888888889,0.062,0.077,0.0600891677587416,0.0663212935436604,0.0710407981214148,0.0355203990607074
0.005,17,58,500,2.82842712474619,-3041.74236094854,-3049.4515925981,-7.70923164956184,TRUE,-3146.69436788637,-3140.05602528097,6.6383426053917,FALSE,-3140.47976100878,-3133.84141721518,6.6383437936056,FALSE,-3353.8971458464,-3357.52575842351,46.3011760973159,44.0990588304469,104.952006937822,90.6044326828687,0.0663333333333333,0.069,0.091,0.0666971513224599,0.066585191401334,0.0762114541080986,0.0381057270540493
0.005,18,59,500,3,-2979.18321520809,-2993.00777765282,-13.8245624447336,TRUE,-3042.78559493908,-3086.17403696055,-43.3884420214763,TRUE,-3036.57098684066,-3079.95980339529,-43.3888165546314,TRUE,-3210.90056880772,-3205.04672025122,31.9797869867925,28.7561331627271,63.6023797309895,93.1662593077322,0.0625333333333333,0.066,0.085,0.0650735054810512,0.0706543939826687,0.0759540702597296,0.0379770351298648
0.005,19,60,500,0,-2975.88134553377,-2978.34371033064,-2.4623647968674,TRUE,-3034.69889747768,-3160.37418292404,-125.675285446358,TRUE,-3028.48428937926,-3154.15957482562,-125.675285446358,TRUE,-3458.5661971784,-3463.82718268629,83.9327798203122,77.5718163417345,58.8175519439123,182.030472593403,0.0680222222222222,0.071,0.088,0.0705406839844782,0.0825542624596746,0.0825542624596747,0.0412771312298374
0.005,20,61,500,2.23606797749979,-2954.55917095909,-2955.71405668886,-1.15488572977574,TRUE,-3047.70065739424,-3014.24217293142,33.458484462818,FALSE,-3041.4860535273,-3008.027564833,33.4584886943089,FALSE,-3195.62227552672,-3193.99695510503,37.1275547578932,37.5278833223533,93.14148643515,58.5281162425563,0.0613777777777778,0.064,0.078,0.0663099055479083,0.0704378163469049,0.0761166712921191,0.0380583356460596
0.01,1,42,500,3.16227766016838,-3928.505701887,-3928.1344980422,0.371203844792035,FALSE,-4115.22524171563,-4160.62836268081,-45.4031209651766,TRUE,-4109.01063361723,-4154.41375458239,-45.4031209651585,TRUE,-4684.44380875506,-4698.90485791129,135.798061589159,128.567775007434,186.719539828639,232.493864638607,0.118488888888889,0.124,0.157,0.1243515444291,0.147483106584278,0.147483106584279,0.0737415532921394
0.01,2,43,500,1,-3831.97247828407,-3849.89302699972,-17.9205487156473,TRUE,-3908.35101359338,-3909.62463025682,-1.27361666343495,TRUE,-3902.13641839011,-3903.4100221584,-1.27360376828437,TRUE,-4131.44825471708,-4131.69662892575,44.6987581135908,43.9775023844587,76.3785353093117,59.7316032570993,0.102044444444444,0.107,0.13,0.111517711132348,0.111817464754358,0.140314081016444,0.070157040508222
0.01,3,44,500,3.16227766016838,-4049.66248747416,-4054.3183587221,-4.65587124793774,TRUE,-4214.59975992063,-4161.17647795127,53.4232819693643,FALSE,-4208.38515408726,-4154.96186985285,53.4232842344145,FALSE,-4543.25333828111,-4533.99201560369,72.8407400544807,72.2333925603129,164.937272446471,106.858119229169,0.116222222222222,0.122,0.146,0.12801160451792,0.144546594273245,0.144546594273245,0.0722732971366223
0.01,4,45,500,2.23606797749979,-4239.84956778077,-4246.30702778881,-6.45746000804593,TRUE,-4426.87912014429,-4449.10866918646,-22.2295490421666,TRUE,-4420.66451204587,-4442.89406108804,-22.2295490421666,TRUE,-4770.31658440729,-4771.13192860676,71.0160120893725,76.6073310484774,187.029552363525,202.801641397646,0.126688888888889,0.132,0.152,0.134086449380872,0.13857826994721,0.152009119038723,0.0760045595193616
0.01,5,46,500,2.64575131106459,-3960.91839683834,-3974.68980177917,-13.7714049408264,TRUE,-3999.65497088194,-3992.08712144821,7.5678494337335,FALSE,-3993.45757573309,-3985.87253628709,7.58503944600034,FALSE,-4114.45061776158,-4116.45479507122,20.827334588276,20.5365999861575,38.7365740435976,17.3973196690376,0.105111111111111,0.103,0.143,0.11477895892401,0.130799518583273,0.133884781840347,0.0669423909201736
0.01,6,47,500,3.16227766016838,-3805.78589574034,-3805.57200503747,0.213890702873869,FALSE,-3904.86292748013,-3903.82905464001,1.03387284012524,FALSE,-3898.64831963985,-3897.63637314194,1.01194649791387,FALSE,-4162.75190113665,-4158.09699337235,48.5194718997109,49.1403619536612,99.0770317397914,98.2570496025401,0.101666666666667,0.105,0.125,0.117734803466842,0.118395092895026,0.140638154281556,0.070319077140778
0.01,7,48,500,3.60555127546399,-4165.40821775191,-4163.43526320634,1.97295454556934,FALSE,-4273.80496916973,-4282.25495210496,-8.44998293522713,TRUE,-4267.59037380061,-4276.04035483179,-8.4499810311836,TRUE,-4591.19754081569,-4586.06153526183,55.2444482828883,58.5423468064241,108.396751417818,118.819688898615,0.120133333333333,0.124,0.136,0.132835194518544,0.142383785711527,0.142383785711527,0.0711918928557636
0.01,8,49,500,2.44948974278318,-4125.93400203712,-4136.36159385798,-10.4275918208641,TRUE,-4238.52824584096,-4206.20361585904,32.3246299819211,FALSE,-4232.49722526145,-4199.98900776062,32.5082175008265,FALSE,-4397.32638987362,-4399.24275042898,37.9885468560529,37.6632394147727,112.594243803848,69.842022001063,0.115488888888889,0.11,0.158,0.122495770305696,0.120229044693428,0.145295486321196,0.0726477431605981
0.01,9,50,500,3.60555127546399,-4039.02391294703,-4059.10177928166,-20.0778663346296,TRUE,-4277.7951089147,-4104.09531534163,173.699793573067,FALSE,-4271.58050081627,-4097.88070724321,173.699793573067,FALSE,-4600.05788027074,-4589.79423045103,85.8741707857462,86.1176672322512,238.771195967667,44.9935360599707,0.118955555555556,0.128,0.151,0.133490298453701,0.146500606989113,0.149906274433951,0.0749531372169754
0.01,10,51,500,0,-4142.10099290133,-4146.72950577142,-4.62851287009198,TRUE,-4404.70688194368,-4422.91929604308,-18.2124140993956,TRUE,-4398.49227384526,-4416.70628952499,-18.2140156797313,TRUE,-4840.73301373138,-4838.45498106315,112.087193461032,112.232248958557,262.60588904235,276.189790271654,0.127266666666667,0.136,0.167,0.141578689879015,0.167599833352888,0.167599833352889,0.0837999166764443
0.01,11,52,500,3.3166247903554,-4268.94701399408,-4293.3734831538,-24.4264691597191,TRUE,-4348.2712632417,-4405.08653100896,-56.8152677672551,TRUE,-4342.08376163606,-4398.87192291053,-56.7881612744741,TRUE,-4589.89069932988,-4586.66936025168,43.7003778452,38.5880616526186,79.3242492476165,111.713047855153,0.1238,0.135,0.154,0.123685737241226,0.135464410287194,0.145431287183944,0.0727156435919718
0.01,12,53,500,1.4142135623731,-3910.5058390693,-3910.44684028466,0.0589987846424265,FALSE,-4148.27264490813,-4171.57282374197,-23.3001788338443,TRUE,-4142.05803680996,-4165.35821564355,-23.3001788335896,TRUE,-4505.26415276547,-4513.93947589137,103.657298501458,95.6298469917546,237.766805838821,261.125983457307,0.1122,0.119,0.146,0.13463367006683,0.15121260497733,0.15121260497733,0.075606302488665
0.01,13,54,500,1.73205080756888,-3902.79278209071,-3904.23951857345,-1.44673648274193,TRUE,-4062.89827606198,-4033.90309249278,28.9951835692059,FALSE,-4056.68366796356,-4027.68848439435,28.9951835692059,FALSE,-4465.79171288565,-4462.04878583843,80.259741311787,87.3415993492729,160.105493971269,129.663573919322,0.1116,0.112,0.147,0.117989685085953,0.142731720488679,0.14326297930426,0.0716314896521302
0.01,14,55,500,3.87298334620742,-4063.31575740037,-4135.68808980199,-72.3723324016187,TRUE,-4236.43686701948,-4256.56011303252,-20.1232460130414,TRUE,-4230.22225892106,-4250.34550493417,-20.1232460131059,TRUE,-4631.46755759731,-4602.1492506176,82.2611946718913,78.7303688890616,173.121109619117,120.87202323054,0.118644444444444,0.126,0.155,0.126383300884453,0.142059803381811,0.142059803381811,0.0710299016909055
0.01,15,56,500,3,-3898.21783102044,-3900.96394856384,-2.74611754340413,TRUE,-3987.86403365286,-4003.20810549716,-15.3440718443003,TRUE,-3981.64942555444,-3996.99349739874,-15.3440718443003,TRUE,-4202.77309970017,-4204.35785039098,40.0318007925172,39.1566337711635,89.6462026324243,102.24415693332,0.105333333333333,0.109,0.123,0.124388390582706,0.130859908619451,0.138394662207162,0.0691973311035811
0.01,16,57,500,3.16227766016838,-3972.60441909225,-3982.07204786281,-9.46762877056472,TRUE,-4011.88841605427,-4072.09086297433,-60.2024469200587,TRUE,-4005.67380795585,-4065.87625487591,-60.2024469200587,TRUE,-4285.52155521797,-4285.57616205906,47.9403359842943,47.104930525204,39.28399696202,90.018815111514,0.109111111111111,0.119,0.134,0.120178335517483,0.132642587087321,0.14208159624283,0.0710407981214148
0.01,17,58,500,2,-4165.91186861827,-4165.85692413886,0.0549444794169176,FALSE,-4373.57175950638,-4337.15593792845,36.4158215779289,FALSE,-4367.35715140796,-4330.94132983003,36.4158215779371,FALSE,-4704.47128155345,-4713.54924270458,76.0213805949071,70.3475263482217,207.659890888103,171.299013789591,0.125,0.135,0.159,0.13339430264492,0.133170382802668,0.152422908216197,0.0762114541080987
0.01,18,59,500,1.73205080756888,-4114.38219449521,-4122.98806102751,-8.60586653229257,TRUE,-4249.84676908149,-4226.07207059359,23.774698487895,FALSE,-4243.63216098307,-4219.85760737121,23.7745536118609,FALSE,-4471.17561489154,-4465.98692616602,49.5750508472333,54.9770261712807,135.464574586275,103.084009566088,0.117711111111111,0.125,0.142,0.130147010962102,0.141308787965337,0.151908140519459,0.0759540702597297
0.01,19,60,500,1,-4107.28158349191,-4109.22203020803,-1.94044671611755,TRUE,-4542.14153255806,-4352.40725223508,189.734280322981,FALSE,-4535.9303266734,-4346.19264413665,189.737682536742,FALSE,-4865.05876402083,-4866.18759717574,111.357868709413,127.353079227975,434.859949066147,243.185222027048,0.127866666666667,0.142,0.155,0.141081367968956,0.165108524919349,0.165108524919349,0.0825542624596747
0.01,20,61,500,2,-4230.02503184023,-4236.00619580309,-5.98116396285877,TRUE,-4393.19350814461,-4415.83926915236,-22.6457610077559,TRUE,-4386.97890004618,-4409.62503691627,-22.6461368700857,TRUE,-4642.80842050189,-4641.81464764329,61.9727185061581,60.3195998024162,163.168476304371,179.833073349268,0.124266666666667,0.13,0.154,0.132619811095817,0.14087563269381,0.152233342584238,0.0761166712921191
0.02,1,42,500,3.16227766016838,-5644.92192733191,-5644.0994354201,0.822491911805628,FALSE,-6072.29787460132,-6034.82685917002,37.4710154312934,FALSE,-6066.08326763894,-6028.6122510716,37.4710165673387,FALSE,-6763.70571113218,-6774.94940562642,180.361022740082,175.246864598674,427.375947269409,390.727423749921,0.216422222222222,0.238,0.27,0.2487030888582,0.294966213168557,0.294966213168557,0.147483106584279
0.02,2,43,500,2,-5424.52150409636,-5424.6708147885,-0.149310692139807,TRUE,-5558.04755414367,-5533.29281295856,24.7547411851119,FALSE,-5551.83294604525,-5527.07820486013,24.7547411851119,FALSE,-5880.56171285222,-5876.83673860603,60.6273154804785,61.7185454105223,133.526050047307,108.621998170055,0.1862,0.197,0.225,0.223035422264695,0.223634929508716,0.280628162032888,0.140314081016444
0.02,3,44,500,2.23606797749979,-5779.9554133135,-5777.06721256437,2.88820074913019,FALSE,-5958.64973897661,-6139.74188029785,-181.092141321239,TRUE,-5952.43513087819,-6133.52727236373,-181.092141485542,TRUE,-6523.30065920033,-6501.53104383258,113.842275438667,107.746618457861,178.69432566311,362.67466773348,0.212244444444444,0.228,0.244,0.25602320903584,0.289093188546489,0.289093188546489,0.144546594273245
0.02,4,45,500,1,-5945.84813791161,-5949.16762485266,-3.31948694105085,TRUE,-6046.98019197927,-6247.63377621941,-200.653584240144,TRUE,-6040.76558388085,-6241.41916812125,-200.6535842404,TRUE,-6700.59367485845,-6698.7404487265,111.489190110636,109.728873794867,101.132054067657,298.46615136675,0.221777777777778,0.224,0.27,0.268172898761745,0.277156539894421,0.304018238077446,0.152009119038723
0.02,5,46,500,1,-5539.58272320451,-5554.25181467491,-14.6690914704013,TRUE,-5579.80168458382,-5577.88233761504,1.91934696878616,FALSE,-5573.59074343008,-5571.66783763025,1.92290579982364,FALSE,-5737.78555307258,-5738.18254789345,28.3119438532794,26.6393092205268,40.2189613793171,23.6305229401296,0.185844444444444,0.188,0.227,0.22955791784802,0.261599037166547,0.267769563680694,0.133884781840347
0.02,6,47,500,0,-5392.97034303357,-5392.97034303063,2.9431248549372e-09,FALSE,-5579.77907988962,-5494.81820070279,84.9608791868322,FALSE,-5573.56791796936,-5488.60359260437,84.9643253649901,FALSE,-6076.05116151924,-6070.68147300554,97.9938137173319,93.7233770332312,186.808736856051,101.847857672162,0.190177777777778,0.194,0.249,0.235469606933683,0.236790185790051,0.281276308563112,0.140638154281556
0.02,7,48,500,3.60555127546399,-5882.3324476998,-5887.690721559,-5.35827385919583,TRUE,-6098.01773274444,-6078.87473717235,19.1429955720942,FALSE,-6091.82126550063,-6072.66013384886,19.1611316517692,FALSE,-6533.67640960133,-6528.26246210653,84.5233114933759,87.5263210051869,215.685285044639,191.184015613349,0.213755555555556,0.22,0.249,0.265670389037087,0.284767571423054,0.284767571423054,0.142383785711527
0.02,8,49,500,1.73205080756888,-5825.34351020155,-5825.7797826318,-0.436272430240933,TRUE,-5929.83687231259,-5958.32270304658,-28.4858307339855,TRUE,-5923.62226421417,-5952.10809494816,-28.4858307339855,TRUE,-6169.75385253855,-6172.26646977931,46.6582853533507,46.7295524758668,104.493362111039,132.542920414784,0.205355555555556,0.198,0.258,0.244991540611393,0.240458089386856,0.290590972642392,0.145295486321196
0.02,9,50,500,4.24264068711928,-5908.76487471869,-5907.38327474932,1.38159996937156,FALSE,-6251.22834705838,-6186.06807677611,65.1602702822747,FALSE,-6245.01373895996,-6179.85346867769,65.1602702822747,FALSE,-6747.19240715046,-6745.46527041674,125.802014674483,127.041109562134,342.463472339696,278.684802026793,0.223533333333333,0.243,0.265,0.266980596907403,0.293001213978227,0.299812548867902,0.149906274433951
0.02,10,51,500,2.23606797749979,-6095.2931740808,-6097.8925008474,-2.59932676659355,TRUE,-6459.95809568457,-6203.04263348155,256.915462203021,FALSE,-6453.74348758615,-6196.82802538313,256.915462203021,FALSE,-7017.45348466772,-7021.09933031279,138.833680201614,151.327150038887,364.66492160377,105.150132634156,0.2366,0.255,0.29,0.283157379758031,0.335199666705777,0.335199666705777,0.167599833352889
0.02,11,52,500,2.23606797749979,-6027.49548100364,-6026.89231954753,0.603161456108865,FALSE,-6100.79234307181,-6059.97363738035,40.8187056914603,FALSE,-6094.59447545076,-6053.75902928204,40.8354461687231,FALSE,-6366.82786960826,-6371.61092008108,52.2976987408008,50.269170013776,73.2968620681713,33.0813178328199,0.216755555555556,0.228,0.258,0.247371474482453,0.270928820574388,0.290862574367887,0.145431287183944
0.02,12,53,500,1.73205080756888,-5791.07060476254,-5791.36162089393,-0.291016131387551,TRUE,-6170.43861148097,-6059.64267435051,110.795937130455,FALSE,-6164.22400914483,-6053.42806625209,110.795942892739,FALSE,-6684.66100465248,-6691.12137963528,156.288325876262,155.141174134564,379.368006718429,268.281053456586,0.215333333333333,0.228,0.262,0.269267340133659,0.30242520995466,0.30242520995466,0.15121260497733
0.02,13,54,500,1.73205080756888,-5729.08621790665,-5729.05668725899,0.0295306476646147,FALSE,-6114.93110197312,-5959.85747863513,155.073623337986,FALSE,-6108.71929118749,-5953.64287053671,155.076420650782,FALSE,-6567.45098895796,-6563.60775104634,111.427748141917,123.649262775876,385.844884066465,230.800791376144,0.212755555555556,0.226,0.262,0.235979370171906,0.285463440977359,0.286525958608521,0.14326297930426
0.02,14,55,500,3.3166247903554,-5835.20821545776,-5834.77402179427,0.434193663489168,FALSE,-6125.42040776993,-6082.44475305746,42.9756547124744,FALSE,-6119.20579967151,-6076.23014495903,42.9756547124744,FALSE,-6718.88815100699,-6723.77979805436,141.972240451326,130.313528161246,290.212192312175,247.67073126319,0.218911111111111,0.234,0.257,0.252766601768906,0.284119606763621,0.284119606763622,0.142059803381811
0.02,15,56,500,2,-5738.2169042076,-5736.60105614592,1.61584806168412,FALSE,-5974.20177071882,-5978.03018693083,-3.82841621200532,TRUE,-5967.98716262487,-5972.31628548463,-4.32912285976636,TRUE,-6236.90641048555,-6237.37094865647,68.307360457711,68.1313669146175,235.984866511219,241.429130784909,0.204977777777778,0.21,0.241,0.248776781165411,0.261719817238902,0.276789324414325,0.138394662207162
0.02,16,57,500,2.82842712474619,-5776.39538807463,-5799.39900793882,-23.0036198641865,TRUE,-5864.40432301893,-5961.50127481255,-97.0969517936219,TRUE,-5858.18971492051,-5955.28666671413,-97.0969517936219,TRUE,-6252.41062142205,-6257.3887786547,76.7882529688853,72.2822497458549,88.0089349442942,162.10226687373,0.204622222222222,0.221,0.25,0.240356671034966,0.265285174174642,0.284163192485659,0.14208159624283
0.02,17,58,500,2,-5898.42580293211,-5907.02594541606,-8.60014248395419,TRUE,-6204.87430524765,-6120.72568715894,84.1486180887159,FALSE,-6198.65969716619,-6114.51107906052,84.1486181056725,FALSE,-6567.5212934808,-6565.50380436055,88.5377214853941,90.5223854066845,306.448502315548,213.699741742877,0.219177777777778,0.227,0.26,0.26678860528984,0.266340765605336,0.304845816432395,0.152422908216197
0.02,18,59,500,0,-5885.66812977921,-5885.66812977841,8.0763129517436e-10,FALSE,-5976.09991569645,-6057.95021966766,-81.8503039712095,TRUE,-5969.88530759803,-6051.74885035559,-81.8635427575628,TRUE,-6409.58323532246,-6413.28213949796,83.6786374786024,89.4123216674842,90.4317859172352,172.282089889252,0.213777777777778,0.228,0.253,0.260294021924205,0.282617575930675,0.303816281038919,0.151908140519459
0.02,19,60,500,2.44948974278318,-6010.7034584484,-6010.00312187769,0.700336570707805,FALSE,-6565.64796591457,-6360.54603953001,205.101926384557,FALSE,-6559.43335849806,-6354.33143143159,205.101927066472,FALSE,-7072.91973172298,-7072.64267641897,165.569833557122,174.373700332724,554.944507466173,350.542917652323,0.236111111111111,0.258,0.285,0.282162735937913,0.330217049838698,0.330217049838699,0.16510852491935
0.02,20,61,500,1.4142135623731,-5965.51147080655,-5965.30758525685,0.203885549702136,FALSE,-6140.1568323304,-6199.01803242356,-58.8612000931535,TRUE,-6133.94222423198,-6192.80342432514,-58.8612000931535,TRUE,-6558.50159455845,-6567.7459551445,90.8263113302374,83.0663704203654,174.645361523855,233.710447166711,0.219911111111111,0.231,0.257,0.265239622191633,0.28175126538762,0.304466685168476,0.152233342584238
0.05,1,42,500,2.23606797749979,-8891.31101806312,-8892.6981674853,-1.3871494221894,TRUE,-9377.31500437818,-9340.61833885945,36.6966655187352,FALSE,-9371.10039627976,-9334.40373076103,36.6966655187352,FALSE,-10250.985298188,-10244.6550606506,218.84886995911,217.097412536517,486.003986315067,447.920171374142,0.414088888888889,0.453,0.498,0.621757722145501,0.737415532921392,0.737415532921393,0.368707766460697
0.05,2,43,500,2,-8661.95490309093,-8660.8935765979,1.06132649303436,FALSE,-8859.50968119565,-8881.85284819597,-22.3431670003156,TRUE,-8853.29507309723,-8875.63824010242,-22.3431670051905,TRUE,-9207.04627073836,-9206.18618817439,75.9223164091433,75.7559044480518,197.554778104719,220.959271598069,0.375111111111111,0.391,0.452,0.557588555661739,0.55908732377179,0.70157040508222,0.35078520254111
0.05,3,44,500,1.4142135623731,-9062.34778948292,-9062.32823664028,0.0195528426320379,FALSE,-9384.8164084355,-9450.88197100416,-66.0655625686541,TRUE,-9378.60304449322,-9444.66737059969,-66.0643261064724,TRUE,-9900.59289857219,-9907.22712302417,132.421062548042,132.171597214037,322.468618952587,388.553734363873,0.407977777777778,0.425,0.459,0.640058022589599,0.722732971366223,0.722732971366223,0.361366485683112
0.05,4,45,500,2.23606797749979,-9249.21710391276,-9247.64458585441,1.57251805835222,FALSE,-9475.12165393652,-9429.73598968141,45.3856642551109,FALSE,-9468.90704583818,-9423.52138158299,45.3856642551982,FALSE,-10188.6507938107,-10184.2917103802,141.597532363313,150.159132376229,225.904550023761,182.091403827002,0.422355555555556,0.432,0.477,0.670432246904362,0.692891349736052,0.760045595193616,0.380022797596808
0.05,5,46,500,2.82842712474619,-8843.65415660276,-8854.62085545635,-10.9666988535955,TRUE,-8866.2858272556,-8886.84723662544,-20.561409369835,TRUE,-8860.30053557307,-8880.69153040574,-20.3909948326673,TRUE,-9090.13291471039,-9095.07752753405,46.8349079566989,43.2946987354638,22.6316706528451,32.2263811690846,0.378888888888889,0.392,0.442,0.573894794620051,0.653997592916367,0.669423909201735,0.334711954600868
0.05,6,47,500,3,-8672.16543814327,-8671.79462290251,0.370815240761658,FALSE,-8948.33117945055,-8907.22693401508,41.1042454354701,FALSE,-8942.11657135213,-8901.05668710744,41.0598842446889,FALSE,-9615.80687824301,-9603.16879556487,124.556877842381,140.891348452301,276.165741307279,235.43231111257,0.387822222222222,0.403,0.465,0.588674017334208,0.591975464475128,0.703190771407779,0.35159538570389
0.05,7,48,500,3.16227766016838,-9183.10737882127,-9195.17916682121,-12.0717879999374,TRUE,-9364.78792449516,-9346.85086260049,17.9370618946723,FALSE,-9358.57381900798,-9340.63625776354,17.9375612444492,FALSE,-10054.9467217077,-10047.6625935292,117.703273074994,124.694382595379,181.680545673884,151.671695779274,0.417555555555556,0.425,0.483,0.664175972592719,0.711918928557635,0.711918928557635,0.355959464278818
0.05,8,49,500,1.4142135623731,-9082.89436087394,-9088.93116196351,-6.03680108957269,TRUE,-9254.61612537339,-9244.59790200409,10.0182233693031,FALSE,-9248.40155162649,-9238.38329773676,10.0182538897334,FALSE,-9475.52603277594,-9484.58055921737,56.6281005960381,56.1037948761439,171.721764499449,155.666740040573,0.397,0.397,0.475,0.612478851528482,0.601145223467139,0.72647743160598,0.36323871580299
0.05,9,50,500,4.35889894354067,-9135.27174929584,-9134.16688175298,1.10486754285921,FALSE,-9416.52794636797,-9531.03452704706,-114.506580679097,TRUE,-9410.31333826954,-9524.8199189505,-114.50658068096,TRUE,-9982.84536725963,-9978.00166424313,129.17113154077,126.125781252115,281.256197072124,396.86764529408,0.415488888888889,0.438,0.489,0.667451492268507,0.732503034945567,0.749531372169754,0.374765686084877
0.05,10,51,500,2,-9424.49427580667,-9423.77220265302,0.722073153649035,FALSE,-9805.85637155578,-9632.92667203942,172.92969951636,FALSE,-9799.64176345736,-9626.712063941,172.92969951636,FALSE,-10495.1134573663,-10497.8640768932,178.614894535646,176.942252685675,381.362095749117,209.154469386405,0.442111111111111,0.476,0.511,0.707893449395077,0.837999166764443,0.837999166764443,0.418999583382222
0.05,11,52,500,2.23606797749979,-9274.98986654099,-9274.19032510619,0.79954143480245,FALSE,-9324.11111741919,-9352.73525125237,-28.6241338331765,TRUE,-9317.89650932077,-9346.52159505476,-28.625085733991,TRUE,-9687.91405553246,-9690.10945716116,60.2862062040586,60.4096824393498,49.121250878201,78.5449261461799,0.411022222222222,0.426,0.474,0.618428686206132,0.67732205143597,0.727156435919718,0.363578217959859
0.05,12,53,500,1,-8979.65033389963,-8979.14227741561,0.508056484024564,FALSE,-9349.19243476897,-9459.32208482364,-110.129650054674,TRUE,-9342.97782667054,-9453.1251760177,-110.147349347153,TRUE,-10104.7985139353,-10105.5850936199,179.968033549423,158.651903843743,369.542100869334,480.179807408033,0.413088888888889,0.433,0.476,0.673168350334148,0.756063024886649,0.75606302488665,0.378031512443325
0.05,13,54,500,1.4142135623731,-8765.70977193937,-8765.448482917,0.261289022369965,FALSE,-8979.17931089921,-9075.9184994236,-96.7391885243924,TRUE,-8972.96470280079,-9069.70389132518,-96.7391885243924,TRUE,-9823.47159430071,-9816.75801505449,157.720015224453,154.359704745761,213.469538959838,310.470016506601,0.3976,0.425,0.47,0.589948425429764,0.713658602443397,0.716314896521302,0.358157448260651
0.05,14,55,500,2,-9059.47537821003,-9059.3379634077,0.13741480232602,FALSE,-9494.24948525688,-9337.87136915631,156.378116100568,FALSE,-9488.03487715846,-9331.65676105789,156.378116100568,FALSE,-10294.1635625779,-10296.4522178455,183.075463856551,196.602176350743,434.774107046853,278.533405748611,0.419511111111111,0.441,0.481,0.631916504422264,0.710299016909054,0.710299016909054,0.355149508454527
0.05,15,56,500,1,-9039.64413339963,-9039.62323234753,0.0209010520920856,FALSE,-9226.19167135279,-9280.54486518438,-54.3531938315937,TRUE,-9219.97706325437,-9274.33025812951,-54.3531948751406,TRUE,-9588.45336477631,-9577.59619750775,72.4209405670139,75.6475348379862,186.547537953164,240.921632836849,0.400644444444444,0.415,0.449,0.621941952913528,0.654299543097255,0.691973311035811,0.345986655517906
0.05,16,57,500,2.64575131106459,-9128.81644135555,-9128.73086943208,0.0855719234641583,FALSE,-9230.68069555901,-9308.54631937297,-77.8656238139611,TRUE,-9224.46608746059,-9302.33171137904,-77.8656239184529,TRUE,-9713.55522145501,-9713.36680429366,89.0437919532136,86.9314180184185,101.864254203465,179.81544994089,0.4024,0.426,0.472,0.600891677587416,0.663212935436604,0.710407981214148,0.355203990607074
0.05,17,58,500,2,-9282.9623047381,-9283.31030399766,-0.347999259556673,TRUE,-9368.2757410413,-9542.32481617,-174.049075128696,TRUE,-9362.06113294288,-9536.11020808137,-174.049075138495,TRUE,-10049.2320613071,-10056.0889830775,116.35672130292,112.090399233933,85.3134363031968,259.014512172336,0.424244444444444,0.445,0.481,0.666971513224599,0.66585191401334,0.762114541080986,0.381057270540493
0.05,18,59,500,3.3166247903554,-9341.50338948681,-9348.80830555147,-7.30491606466239,TRUE,-9382.52020570649,-9365.45819761461,17.0620080918798,FALSE,-9376.30559760807,-9359.24358951619,17.0620080918798,FALSE,-9908.29702050516,-9926.75712470815,92.3588659913375,94.6247310785614,41.0168162196787,16.6498920631366,0.419822222222222,0.448,0.479,0.650735054810512,0.706543939826687,0.759540702597296,0.379770351298648
0.05,19,60,500,0,-9350.46370429846,-9350.46370430016,-1.69347913470119e-09,TRUE,-9816.80250344977,-9938.34231414216,-121.539810692384,TRUE,-9810.58789535135,-9932.12770604373,-121.539810692384,TRUE,-10603.9658081564,-10603.7869888422,208.864859713271,196.158850063497,466.338799151308,587.878609841999,0.440888888888889,0.48,0.519,0.705406839844782,0.825542624596746,0.825542624596747,0.412771312298374
0.05,20,61,500,2,-9334.2361375319,-9344.20675630205,-9.97061877015221,TRUE,-9597.27794218467,-9563.64607683058,33.631865354093,FALSE,-9591.06333408906,-9557.43146873219,33.6318653568742,FALSE,-9914.80553685573,-9910.6512446645,82.9487416588801,83.6727794167348,263.041804652768,219.439320528523,0.416888888888889,0.432,0.457,0.663099055479083,0.704378163469049,0.761166712921191,0.380583356460596
0.1,1,42,500,0,-11282.2795803852,-11282.2795803891,-3.87080945074558e-09,TRUE,-11757.1942752107,-11645.7951549986,111.399120212101,FALSE,-11750.9796671122,-11639.5805469001,111.399120212101,FALSE,-12388.9964420046,-12379.7911543638,183.191562433234,188.252700611354,474.914694825475,363.515574609502,0.566577777777778,0.607,0.646,1.243515444291,1.47483106584278,1.47483106584279,0.737415532921394
0.1,2,43,500,2.64575131106459,-11292.278004864,-11292.7364831827,-0.458478318731068,TRUE,-11431.9980908265,-11415.7921592186,16.2059316078412,FALSE,-11425.7834828434,-11409.5775511202,16.2059317232179,FALSE,-11742.7307430047,-11738.0119605905,69.4337465511547,68.5106690135017,139.720085962486,123.055676035914,0.543155555555556,0.554,0.634,1.11517711132348,1.11817464754358,1.40314081016444,0.70157040508222
0.1,3,44,500,0,-11621.9674585456,-11621.9674585414,4.1691237129271e-09,FALSE,-11893.7546946391,-11900.2970405336,-6.5423458945188,TRUE,-11887.5441811167,-11894.222755484,-6.67857436727718,TRUE,-12294.0459734806,-12297.8810686628,99.4789448436604,99.7334218969469,271.787236093502,278.32958199219,0.572377777777778,0.593,0.62,1.2801160451792,1.44546594273245,1.44546594273245,0.722732971366223
0.1,4,45,500,1,-11765.7897155015,-11764.4011544842,1.38856101733654,FALSE,-11776.3496738205,-12034.0467633144,-257.697089493893,TRUE,-11770.1350657221,-12027.8321643649,-257.697098642735,TRUE,-12514.6633442423,-12513.1048317279,114.770639400406,100.230959722029,10.5599583190051,269.645608830235,0.584533333333333,0.595,0.649,1.34086449380872,1.3857826994721,1.52009119038723,0.760045595193616
0.1,5,46,500,3.87298334620742,-11476.3334693569,-11479.9589788854,-3.62550952857055,TRUE,-11489.3694298697,-11503.2001485597,-13.8307186899419,TRUE,-11483.1548217798,-11496.9855404612,-13.8307186814454,TRUE,-11681.2007878474,-11684.3581094903,45.9824203190447,40.5838838188896,13.0359605128451,23.2411696742165,0.546933333333333,0.569,0.619,1.1477895892401,1.30799518583273,1.33884781840347,0.669423909201736
0.1,6,47,500,1.4142135623731,-11363.6633776302,-11362.4881386661,1.17523896411149,FALSE,-11454.3030426541,-11506.2085305711,-51.9054879169526,TRUE,-11448.0884345557,-11499.9939263154,-51.9054917597005,TRUE,-12256.5005597743,-12259.0210468477,157.161442397293,132.260421533295,90.6396650238948,143.720391904959,0.564,0.584,0.627,1.17734803466842,1.18395092895026,1.40638154281556,0.70319077140778
0.1,7,48,500,3.3166247903554,-11796.7810036307,-11795.8502353706,0.930768260046534,FALSE,-11853.6680007877,-11846.7692805818,6.89872020590337,FALSE,-11847.4569349981,-11840.5546757417,6.90225925633968,FALSE,-12543.7412500382,-12538.9891274659,114.118012559414,110.707859167808,56.8869971570421,50.9190452111852,0.588288888888889,0.598,0.638,1.32835194518544,1.42383785711527,1.42383785711527,0.711918928557636
0.1,8,49,500,4,-11803.1952489044,-11807.7526663934,-4.55741748906439,TRUE,-11941.2543005108,-11926.4474711862,14.8068293246361,FALSE,-11935.039692617,-11920.2340459775,14.8056466395265,FALSE,-12118.7696408737,-12108.0283083703,52.7636490946595,48.4292102608456,138.059051606446,118.694804792745,0.5732,0.567,0.638,1.22495770305696,1.20229044693428,1.45295486321196,0.726477431605981
0.1,9,50,500,4.35889894354067,-11667.2630325843,-11666.4775944482,0.785438136112134,FALSE,-11807.9358632215,-11857.4412347828,-49.5053715613922,TRUE,-11801.721255123,-11851.2266266844,-49.5053715613922,TRUE,-12347.3017876548,-12348.8683306835,106.259557890732,105.914290242958,140.672830637175,190.963640334679,0.5772,0.599,0.649,1.33490298453701,1.46500606989113,1.49906274433951,0.749531372169754
0.1,10,51,500,3.16227766016838,-11880.9566936509,-11885.9802555434,-5.0235618924944,TRUE,-12133.4716375082,-12236.1951338365,-102.723496328261,TRUE,-12127.2571152608,-12229.9805257381,-102.723410477322,TRUE,-12638.5749335375,-12634.4231467452,120.156454665197,120.66385078764,252.514943857392,350.214878293158,0.5996,0.62,0.678,1.41578689879015,1.67599833352889,1.67599833352889,0.837999166764443
0.1,11,52,500,2.44948974278318,-11856.3473324684,-11854.7548207227,1.59251174568453,FALSE,-11929.9955738737,-11902.5043809201,27.4911929536447,FALSE,-11923.7809657753,-11896.7842577014,26.996708073917,FALSE,-12178.9026942294,-12164.494829826,54.8204288070234,56.1065480051842,73.6482414052844,47.7495601973242,0.578155555555556,0.591,0.646,1.23685737241226,1.35464410287194,1.45431287183944,0.727156435919718
0.1,12,53,500,3.74165738677394,-11670.7910268625,-11669.58608153,1.20494533256169,FALSE,-11707.1663242138,-11716.1074592974,-8.94113508356713,TRUE,-11700.9517161154,-11709.8928511989,-8.94113508356713,TRUE,-12595.9193759888,-12581.7250413406,140.171317210623,152.743624039108,36.3752973512728,46.5213777674016,0.583888888888889,0.606,0.639,1.3463367006683,1.5121260497733,1.5121260497733,0.75606302488665
0.1,13,54,500,2.23606797749979,-11300.5708027217,-11300.5930806408,-0.0222779190098663,TRUE,-11524.042254361,-11593.856750518,-69.8144961569633,TRUE,-11517.8276462626,-11587.6421424195,-69.8144961569633,TRUE,-12221.869367514,-12233.9596954747,142.538171909773,124.306551993499,223.47145163926,293.263669877213,0.559155555555556,0.576,0.623,1.17989685085953,1.42731720488679,1.4326297930426,0.716314896521302
0.1,14,55,500,2.23606797749979,-11502.4971389805,-11501.850003974,0.647135006560347,FALSE,-11530.3825532957,-11734.2012874281,-203.81873413245,TRUE,-11524.1679451973,-11728.0300283186,-203.862083121307,TRUE,-12644.5878507732,-12657.5938894372,213.310963004062,197.160147128808,27.8854143151511,232.351283454162,0.581311111111111,0.602,0.641,1.26383300884453,1.42059803381811,1.42059803381811,0.710299016909055
0.1,15,56,500,3,-11736.414443573,-11738.2425739461,-1.82813037305641,TRUE,-11899.1952805059,-11911.8271018002,-12.6318212942369,TRUE,-11892.9806724075,-11905.6124937017,-12.6318212942369,TRUE,-12154.0723058604,-12165.4030263338,59.0161181810594,62.1417606426595,162.780836932918,173.584527854098,0.574533333333333,0.585,0.631,1.24388390582706,1.30859908619451,1.38394662207162,0.691973311035812
0.1,16,57,500,3.87298334620742,-11557.1520986876,-11562.6706331197,-5.51853443215077,TRUE,-11576.2602915964,-11694.9384630814,-118.678171484989,TRUE,-11570.0456834979,-11688.7238549829,-118.678171484989,TRUE,-11956.8294321127,-11961.7570931468,57.8604957754844,59.1615533376635,19.1081929087668,132.267829961605,0.559088888888889,0.582,0.632,1.20178335517483,1.32642587087321,1.4208159624283,0.710407981214148
0.1,17,58,500,3,-11929.1884271198,-11927.8005194421,1.3879076777157,FALSE,-12140.7014652884,-12165.0574389365,-24.3559736480311,TRUE,-12134.48685719,-12158.8428308381,-24.3559736480784,TRUE,-12447.6256629938,-12434.7682761453,78.7470953154442,77.6013306982191,211.513038168603,237.25691949435,0.592555555555556,0.61,0.647,1.3339430264492,1.33170382802668,1.52422908216197,0.762114541080987
0.1,18,59,500,2.64575131106459,-11920.0953124192,-11921.4547232851,-1.35941086586172,TRUE,-12027.7819667021,-12035.8542749898,-8.07230828771208,TRUE,-12021.5673599983,-12029.6396668914,-8.0723068930165,TRUE,-12325.877790343,-12344.5573383327,62.6713087752898,69.0863876823212,107.686654282874,114.399551704724,0.586355555555556,0.6,0.65,1.30147010962102,1.41308787965337,1.51908140519459,0.759540702597297
0.1,19,60,500,0,-11895.3827624299,-11895.3827624405,-1.06429070001468e-08,TRUE,-11928.9353669281,-12184.0657680034,-255.130401075354,TRUE,-11922.7207588296,-12177.851159905,-255.130401075354,TRUE,-12787.7351510585,-12785.4007667212,145.323006606646,139.013233304689,33.5526044982034,288.683005562914,0.603244444444444,0.625,0.677,1.41081367968956,1.65108524919349,1.65108524919349,0.825542624596747
0.1,20,61,500,1.73205080756888,-11925.5293293462,-11923.4747859344,2.05454341177938,FALSE,-12121.7887098332,-12107.8501571658,13.9385526674778,FALSE,-12115.5741017348,-12101.6355490805,13.9385526543701,FALSE,-12382.5884899153,-12378.0753081041,65.0227215744873,70.2297297313559,196.259380487019,184.375371231321,0.586644444444444,0.606,0.652,1.32619811095817,1.4087563269381,1.52233342584238,0.761166712921192
