"rate","replicate","replicate_seed","support_seed","label_seed","mean_pairwise_hamming","upgma_l2_to_true","support_scored","cor_logmeanexp_neg_dist","spearman_logmeanexp_neg_dist","cor_max_neg_dist","spearman_max_neg_dist","true_rank_logmeanexp","true_rank_max","upgma_rank_logmeanexp","upgma_rank_max","true_logmeanexp_minus_upgma","true_max_minus_upgma","top_20_logmeanexp_mean_dist","top_20_max_mean_dist"
0.005,1,42,100043,200043,0.0645111111111111,4,502,-0.0130616302315607,-0.0385575649969922,-0.013020487001656,-0.0386390641852419,6,6,346,346,172.908071921305,172.908071921305,4.03174479797655,4.03174479797655
0.005,2,43,100044,200044,0.0533333333333333,2.23606797749979,502,0.0971755207209747,0.0986377004245718,0.0964347174146807,0.0981871704015676,181,179,24,24,-31.5132401034839,-31.5132401047276,4.97713007564575,4.97713007564575
0.01,1,42,200043,400043,0.118488888888889,3.16227766016838,502,-0.0643544932842432,-0.0877084062334017,-0.0644233683529706,-0.0877389716479328,323,323,92,92,-93.5064539348004,-93.5064559043867,4.03040456831252,4.03040456831252
0.01,2,43,200044,400044,0.102044444444444,1,502,0.197644565722584,0.200616330899902,0.197721952060254,0.200779541496975,8,8,24,24,21.1596368657215,21.1596368657215,4.9337665899713,4.9337665899713
0.02,1,42,300043,600043,0.216422222222222,3.16227766016838,502,0.0282773035381294,0.0317689630458216,0.0282605161625427,0.0317714310763083,431,431,39,39,-292.212646605571,-292.212646605571,4.24713118555481,4.24713118555481
0.02,2,43,300044,600044,0.1862,2,502,0.100167597973311,0.105876659854138,0.100149478331973,0.105823994128649,76,76,320,320,80.6656688623289,80.6656690899845,5.19974855228583,5.19974855228583
0.05,1,42,400043,800043,0.414088888888889,2.23606797749979,502,-0.0560968559564278,-0.0622841873566021,-0.0560811507612456,-0.0622666262173934,346,346,418,418,57.2725254783509,57.2725254783509,4.34401833622143,4.34401833622143
0.05,2,43,400044,800044,0.375111111111111,2,502,0.222108880213732,0.201465325902452,0.22211305986227,0.201455742107151,12,12,1,1,-69.7609938063488,-69.7609938063488,4.53248747278251,4.53248747278251
0.1,1,42,500043,1000043,0.566577777777778,0,501,-0.00418267467952013,-0.0118019932826339,-0.00418837599260926,-0.0118199914035486,461,461,461,461,0,0,4.09061123885757,4.09061123885757
0.1,2,43,500044,1000044,0.543155555555556,2.64575131106459,502,0.304378062369069,0.317109080264131,0.304291381834302,0.316968779507239,369,369,65,65,-98.6578943356835,-98.6578943357526,4.39192366847367,4.39192366847367
