"idx","logmeanexp","max","meanlog","sd","dist_to_true","dist_to_upgma","is_true_F","is_upgma_F","rate","replicate"
21,-4002.59669740255,-3998.68507026592,-4159.36875834565,57.2512811490434,7.14142842854285,7.21110255092798,FALSE,FALSE,0.01,2
38,-3972.00680088922,-3968.09477788379,-4169.04132760179,53.8131486428726,7.54983443527075,7.61577310586391,FALSE,FALSE,0.01,2
49,-3968.91530363909,-3965.00328063366,-4149.22923406425,64.4935298437113,7.34846922834953,7.41619848709566,FALSE,FALSE,0.01,2
65,-4085.76483134289,-4081.85281409778,-4164.97283588639,45.3384301485139,7,7.07106781186548,FALSE,FALSE,0.01,2
69,-3973.72212073501,-3969.81009772966,-4159.74926760767,57.7412696121127,7.07106781186548,7.14142842854285,FALSE,FALSE,0.01,2
180,-4061.04934410252,-4057.13732111077,-4159.67540919011,46.5162760089942,6.6332495807108,6.70820393249937,FALSE,FALSE,0.01,2
189,-4077.98080369983,-4074.06879050105,-4167.3075205703,40.2350504472592,6,6.08276253029822,FALSE,FALSE,0.01,2
200,-4023.41848275924,-4019.50645975381,-4155.0514654522,55.694686357338,6.40312423743285,6.48074069840786,FALSE,FALSE,0.01,2
229,-3999.43914709111,-3995.52712408569,-4152.45760700931,54.4517024257653,5.19615242270663,5.29150262212918,FALSE,FALSE,0.01,2
234,-4024.9566018924,-4021.04492127112,-4161.08535572867,52.6613636219135,7.28010988928052,7.34846922834953,FALSE,FALSE,0.01,2
239,-4003.00806430872,-3999.09604215744,-4152.88024113047,59.6402308730978,7.14142842854285,7.21110255092798,FALSE,FALSE,0.01,2
252,-4026.37773411785,-4022.46571111247,-4157.1564801169,52.6972841876772,5.8309518948453,5.91607978309962,FALSE,FALSE,0.01,2
299,-4047.35364265063,-4043.44161964526,-4157.45681613698,50.6326605645445,5.65685424949238,5.74456264653803,FALSE,FALSE,0.01,2
302,-4085.80007241845,-4081.88827308397,-4169.87871659374,42.2233799554663,4.89897948556636,5,FALSE,FALSE,0.01,2
324,-4046.64152029257,-4042.72949819227,-4165.28334614803,48.4970616345475,5,5.09901951359278,FALSE,FALSE,0.01,2
336,-4030.48581640823,-4026.5737934028,-4161.3760112457,49.6288124442544,6.48074069840786,6.557438524302,FALSE,FALSE,0.01,2
344,-4066.18135080546,-4062.26932780003,-4173.10155418165,47.8297440798165,7.07106781186548,7.14142842854285,FALSE,FALSE,0.01,2
359,-4071.21042443238,-4067.67109085661,-4172.88570261272,48.9542122008671,7,7.07106781186548,FALSE,FALSE,0.01,2
360,-4041.13643152741,-4037.45047765553,-4164.12906109504,52.4973153865042,6.70820393249937,6.78232998312527,FALSE,FALSE,0.01,2
375,-3971.71208953328,-3967.80006652785,-4152.60476462826,58.3155150895976,6.85565460040104,6.92820323027551,FALSE,FALSE,0.01,2
376,-4043.23031716562,-4039.31829416122,-4149.23357435099,46.5975004532005,6.70820393249937,6.78232998312527,FALSE,FALSE,0.01,2
384,-4064.85579598478,-4060.94555983322,-4158.7752207344,47.2966275003008,6.08276253029822,6.16441400296898,FALSE,FALSE,0.01,2
409,-4082.366842369,-4078.50680563067,-4159.4290196002,44.4765198461776,5.91607978309962,6,FALSE,FALSE,0.01,2
429,-3952.72926630068,-3948.81724329526,-4157.5820673378,59.4209335655171,5.91607978309962,6,FALSE,FALSE,0.01,2
430,-4107.47160836492,-4103.56522358292,-4170.99731308377,35.6545343144157,5.74456264653803,5.8309518948453,FALSE,FALSE,0.01,2
436,-3961.0085305007,-3957.09650749527,-4146.87660534408,54.5474349612511,5.65685424949238,5.74456264653803,FALSE,FALSE,0.01,2
438,-3928.88890825893,-3924.9768852535,-4152.60110372768,61.5195730396845,5.19615242270663,5.29150262212918,FALSE,FALSE,0.01,2
451,-4037.96538835945,-4034.05336565068,-4150.91464254494,54.6690089069537,4.12310562561766,4.24264068711928,FALSE,FALSE,0.01,2
467,-4050.10642313644,-4046.19440013184,-4168.91602819733,52.8456817315942,7.68114574786861,7.74596669241483,FALSE,FALSE,0.01,2
517,-4020.9741480646,-4017.61091519646,-4158.87713337602,59.1774483324465,6.48074069840786,6.557438524302,FALSE,FALSE,0.01,2
521,-4039.05931715594,-4035.14729419174,-4164.93170742038,49.3383909107551,6.70820393249937,6.78232998312527,FALSE,FALSE,0.01,2
525,-4026.84743277472,-4022.93540976994,-4161.26866874507,57.2260722658412,7.14142842854285,7.21110255092798,FALSE,FALSE,0.01,2
543,-4034.65654044668,-4030.74451744139,-4169.57739601122,54.1342602482705,5.29150262212918,5.3851648071345,FALSE,FALSE,0.01,2
555,-4043.04398670294,-4039.32001955523,-4153.22116419252,53.1628583412713,5.29150262212918,5.3851648071345,FALSE,FALSE,0.01,2
564,-4023.9899711933,-4020.07794818787,-4163.2217964268,46.7131240648685,4.79583152331272,4.89897948556636,FALSE,FALSE,0.01,2
594,-3963.69272385662,-3959.78076087858,-4144.73719678015,56.6188424580623,5.3851648071345,5.47722557505166,FALSE,FALSE,0.01,2
596,-4027.28024519464,-4023.36822218921,-4155.19973880622,48.8557613655231,5.65685424949238,5.74456264653803,FALSE,FALSE,0.01,2
616,-3954.26691472442,-3950.35489171899,-4159.35650865928,58.8271554048768,5.47722557505166,5.56776436283002,FALSE,FALSE,0.01,2
676,-4024.87288815643,-4020.96086515102,-4144.850131895,55.8565702909529,6.48074069840786,6.557438524302,FALSE,FALSE,0.01,2
686,-3997.92989753929,-3994.01787453402,-4169.40083948587,56.8587122002137,6.32455532033676,6.40312423743285,FALSE,FALSE,0.01,2
691,-3978.17189389402,-3974.25987088859,-4164.41450565784,49.5453379846509,5.8309518948453,5.91607978309962,FALSE,FALSE,0.01,2
725,-4040.9705462231,-4037.06355465396,-4159.55676090253,51.7931268933037,6.6332495807108,6.70820393249937,FALSE,FALSE,0.01,2
735,-4037.48678421339,-4033.5747631022,-4167.0461246224,49.2074606529198,6.48074069840786,6.557438524302,FALSE,FALSE,0.01,2
757,-4038.53649150093,-4034.62446849552,-4163.99797983393,52.1388723353716,7.07106781186548,7.14142842854285,FALSE,FALSE,0.01,2
761,-4038.91040305615,-4034.99838014056,-4153.97438003132,50.3358327652421,6.40312423743285,6.48074069840786,FALSE,FALSE,0.01,2
772,-4030.02508121618,-4026.11305821169,-4158.89470018853,44.3517044683572,6.92820323027551,7,FALSE,FALSE,0.01,2
773,-4060.11399378789,-4056.53328017557,-4154.06190657552,44.3004571957533,6,6.08276253029822,FALSE,FALSE,0.01,2
775,-4043.1470639217,-4039.23504091836,-4152.60391484403,46.0951200030294,6.2449979983984,6.32455532033676,FALSE,FALSE,0.01,2
783,-3979.87422740014,-3975.96220439471,-4148.56084293765,53.4364878120716,6.92820323027551,7,FALSE,FALSE,0.01,2
800,-4031.74980630599,-4027.83792248574,-4143.63581099932,51.1990488118571,4.69041575982343,4.79583152331272,FALSE,FALSE,0.01,2
821,-4059.71032199619,-4055.79829899077,-4165.48350924029,40.7689388981666,5.29150262212918,5.3851648071345,FALSE,FALSE,0.01,2
827,-4068.61861833884,-4064.70659604644,-4157.51927750867,41.9852154497495,5,5.09901951359278,FALSE,FALSE,0.01,2
848,-3949.27642993114,-3945.36440692571,-4159.44238503086,58.0125885928942,5.29150262212918,5.3851648071345,FALSE,FALSE,0.01,2
867,-4065.25763013315,-4061.34560712772,-4166.86954311358,37.6464891550433,6.08276253029822,6.16441400296898,FALSE,FALSE,0.01,2
887,-3940.47353636104,-3936.56151335561,-4163.85063862084,60.497996039169,5.09901951359278,5.19615242270663,FALSE,FALSE,0.01,2
897,-3946.90766480407,-3942.99564700863,-4147.39788468176,63.1479792163682,4.89897948556636,5,FALSE,FALSE,0.01,2
911,-4044.57981717828,-4040.66779417286,-4166.41552014939,42.8313761130691,7.21110255092798,7.28010988928052,FALSE,FALSE,0.01,2
943,-4015.99679416699,-4012.08477116157,-4144.51102810499,53.3811161536906,5.74456264653803,5.8309518948453,FALSE,FALSE,0.01,2
948,-4037.47322905306,-4033.56120755479,-4158.682070028,49.9319962074839,6.16441400296898,6.2449979983984,FALSE,FALSE,0.01,2
949,-4034.594565046,-4030.70050644316,-4151.21521594461,55.673322948364,5.91607978309962,6,FALSE,FALSE,0.01,2
973,-3965.70351747905,-3961.79149447362,-4145.63684490765,61.4688746000089,5.91607978309962,6,FALSE,FALSE,0.01,2
979,-4060.05129706604,-4056.13927409294,-4153.65413386289,46.9706655349093,5.74456264653803,5.8309518948453,FALSE,FALSE,0.01,2
981,-4058.03607647851,-4054.1249012768,-4155.6181275018,48.6404716430582,6,6.08276253029822,FALSE,FALSE,0.01,2
986,-4029.77480427846,-4025.86298998526,-4159.29154316769,49.7155982807942,3.16227766016838,3.3166247903554,FALSE,FALSE,0.01,2
1005,-4029.54439997867,-4025.63237697324,-4162.06756012214,47.7420327601466,6.16441400296898,6.2449979983984,FALSE,FALSE,0.01,2
1031,-3985.2924737638,-3981.38045075837,-4151.29564938993,54.2653802274094,6.08276253029822,6.16441400296898,FALSE,FALSE,0.01,2
1042,-4016.78635991387,-4012.87433690844,-4160.01916653405,44.6591313636842,6.6332495807108,6.70820393249937,FALSE,FALSE,0.01,2
1054,-4078.24512978623,-4074.61806532105,-4158.11948428873,43.3766620070801,6.48074069840786,6.557438524302,FALSE,FALSE,0.01,2
1064,-4043.86307886285,-4039.95105585742,-4149.4675481082,38.9435814918687,6.2449979983984,6.32455532033676,FALSE,FALSE,0.01,2
1084,-3994.22209869543,-3990.31008254328,-4158.18020044736,55.3982856053963,4.79583152331272,4.89897948556636,FALSE,FALSE,0.01,2
1104,-3978.85590528217,-3974.94388227674,-4140.96817316474,53.8305144116669,5.19615242270663,5.29150262212918,FALSE,FALSE,0.01,2
1127,-4001.25338206683,-3997.34516312409,-4132.4393087277,56.4552784821029,4.69041575982343,4.79583152331272,FALSE,FALSE,0.01,2
1137,-3969.89907566942,-3965.98705266399,-4153.32558761774,57.5045981108245,5.56776436283002,5.65685424949238,FALSE,FALSE,0.01,2
1142,-4043.82035153946,-4040.43741896196,-4164.19220244184,50.0302370226405,6.2449979983984,6.32455532033676,FALSE,FALSE,0.01,2
1152,-4052.71974634522,-4048.80782315042,-4164.22254449749,43.7956483294005,3.87298334620742,4,FALSE,FALSE,0.01,2
1165,-4035.63328923009,-4031.73608975465,-4160.30772241715,50.5650518241275,5.29150262212918,5.3851648071345,FALSE,FALSE,0.01,2
1175,-4037.14021201025,-4033.24558871349,-4141.7260792578,50.0898058353655,2.82842712474619,3,FALSE,FALSE,0.01,2
1188,-4060.28337031863,-4056.69140051486,-4169.0629890878,46.622584383148,6.557438524302,6.6332495807108,FALSE,FALSE,0.01,2
1215,-4067.8345663627,-4063.93597840855,-4164.66007705496,46.1586169211949,5.3851648071345,5.47722557505166,FALSE,FALSE,0.01,2
1231,-4037.74463874273,-4033.83261573731,-4166.35086996114,46.5218503431804,5.47722557505166,5.56776436283002,FALSE,FALSE,0.01,2
1248,-4100.3252365787,-4096.429193716,-4164.28485101458,38.0450178584574,5.47722557505166,5.56776436283002,FALSE,FALSE,0.01,2
1261,-3985.4640310356,-3981.8720585754,-4148.94684077675,57.5863336310007,3.16227766016838,3.3166247903554,FALSE,FALSE,0.01,2
1268,-4070.37211327274,-4066.5086205244,-4159.97512370263,50.8068332183314,5.74456264653803,5.8309518948453,FALSE,FALSE,0.01,2
1296,-3956.78737960276,-3952.87535659734,-4148.21758957052,62.9548579908256,6.78232998312527,6.85565460040104,FALSE,FALSE,0.01,2
1302,-4079.93890760074,-4076.02813311626,-4166.13725076811,41.782445313093,6.70820393249937,6.78232998312527,FALSE,FALSE,0.01,2
1309,-4027.01698297066,-4023.11315509034,-4149.89223395178,54.1426859881355,6.2449979983984,6.32455532033676,FALSE,FALSE,0.01,2
1350,-3972.27563008333,-3968.3636070779,-4154.76107393523,51.2417043831308,4.12310562561766,4.24264068711928,FALSE,FALSE,0.01,2
1377,-4075.75375341243,-4071.84664972609,-4156.54646878905,41.343100384603,4.89897948556636,5,FALSE,FALSE,0.01,2
1409,-4030.66860735059,-4026.75658435106,-4135.71182730833,44.962280646904,5.47722557505166,5.56776436283002,FALSE,FALSE,0.01,2
1453,-4015.0357553507,-4011.12375235042,-4154.23455493932,52.855041367749,4.24264068711928,4.35889894354067,FALSE,FALSE,0.01,2
1471,-4026.65048989918,-4022.73846689375,-4152.95980918285,39.1225927499907,4.47213595499958,4.58257569495584,FALSE,FALSE,0.01,2
1475,-4025.75348286979,-4021.85012546044,-4140.89195579461,52.4558832358142,4.89897948556636,5,FALSE,FALSE,0.01,2
1479,-4027.34768872033,-4023.43566571491,-4134.69349278585,50.7837059594164,4.58257569495584,4.69041575982343,FALSE,FALSE,0.01,2
1485,-4063.36534179522,-4059.88061694138,-4150.75205206497,46.7268111142211,4.69041575982343,4.79583152331272,FALSE,FALSE,0.01,2
1501,-4050.43570041932,-4046.53680309027,-4146.14366314572,50.5808582454121,4.89897948556636,5,FALSE,FALSE,0.01,2
1523,-3930.92866207618,-3927.01663907075,-4138.3164089717,58.0656204820029,4.47213595499958,4.58257569495584,FALSE,FALSE,0.01,2
1541,-4036.41298399238,-4032.57358117069,-4137.7056779064,54.3962775653991,4.12310562561766,4.24264068711928,FALSE,FALSE,0.01,2
1551,-4039.99779770929,-4036.08577470387,-4146.77832563961,40.7766598421095,3.87298334620742,4,FALSE,FALSE,0.01,2
1561,-4054.53708575618,-4050.62506284912,-4138.9252252217,43.4805503504786,4.58257569495584,4.69041575982343,FALSE,FALSE,0.01,2
1562,-4014.50498914585,-4010.59296614043,-4141.16325515442,53.2977166950249,4.47213595499958,4.58257569495584,FALSE,FALSE,0.01,2
1583,-3966.31610652723,-3962.4040835218,-4139.77782514971,54.550396389114,4,4.12310562561766,FALSE,FALSE,0.01,2
1599,-3978.45422426753,-3974.5422012621,-4135.0933867965,44.3389219092067,3.46410161513775,3.60555127546399,FALSE,FALSE,0.01,2
1602,-3972.47439786568,-3968.56237486026,-4144.91840058541,55.6110002255932,3.60555127546399,3.74165738677394,FALSE,FALSE,0.01,2
1631,-3960.93366615214,-3957.02164314678,-4147.77866504781,52.1050232732077,4,4.12310562561766,FALSE,FALSE,0.01,2
1657,-4017.23746922522,-4013.32581599879,-4131.18072544895,50.7244712093097,2.82842712474619,3,FALSE,FALSE,0.01,2
1671,-3999.41123064479,-3995.49920763936,-4166.58837945736,56.1201841075596,4.58257569495584,4.69041575982343,FALSE,FALSE,0.01,2
1677,-4051.77892829989,-4047.89598156092,-4152.16524981868,53.7133876882511,4.47213595499958,4.58257569495584,FALSE,FALSE,0.01,2
1687,-4041.93270868857,-4038.02068568315,-4166.19144474728,47.8003969190403,4.12310562561766,4.24264068711928,FALSE,FALSE,0.01,2
1721,-4028.22379670484,-4024.31177369945,-4160.97586291206,49.209013387057,5.47722557505166,5.56776436283002,FALSE,FALSE,0.01,2
1728,-4009.68641859278,-4005.77439560236,-4141.16419011848,65.4898715747986,5.56776436283002,5.65685424949238,FALSE,FALSE,0.01,2
1775,-4065.09347450262,-4061.18145410776,-4158.89571612319,43.6070018631721,5.56776436283002,5.65685424949238,FALSE,FALSE,0.01,2
1785,-4000.66577381126,-3996.75375080583,-4151.15689812145,53.8985800940135,5.3851648071345,5.47722557505166,FALSE,FALSE,0.01,2
1794,-4034.5361627866,-4030.62413978117,-4160.05856741821,48.5376259323265,4.89897948556636,5,FALSE,FALSE,0.01,2
1812,-4075.63774225155,-4071.87519618071,-4161.86842566932,43.1745351184536,5.09901951359278,5.19615242270663,FALSE,FALSE,0.01,2
1815,-3997.88371625447,-3993.97169324904,-4159.00658107716,56.1530072749838,5.47722557505166,5.56776436283002,FALSE,FALSE,0.01,2
1829,-4037.64577837448,-4033.73375536906,-4159.43971924505,45.9723773541147,5.65685424949238,5.74456264653803,FALSE,FALSE,0.01,2
1839,-3998.09609967501,-3994.18407667035,-4148.28475342557,53.7328290785627,4.24264068711928,4.35889894354067,FALSE,FALSE,0.01,2
1854,-4064.02819414081,-4060.11617114402,-4153.6752289732,42.918414698218,4.24264068711928,4.35889894354067,FALSE,FALSE,0.01,2
1855,-4026.51300768621,-4022.60098468079,-4162.02075958723,52.1451924661619,5.65685424949238,5.74456264653803,FALSE,FALSE,0.01,2
1862,-4020.36057666392,-4016.44855374501,-4147.17407434584,58.6706459598335,5.74456264653803,5.8309518948453,FALSE,FALSE,0.01,2
1896,-4056.45941525277,-4052.73754675895,-4145.06157529934,41.5554096531585,4.24264068711928,4.35889894354067,FALSE,FALSE,0.01,2
1938,-4040.52299683416,-4036.61101858346,-4142.49096816085,45.1073306634811,4.24264068711928,4.35889894354067,FALSE,FALSE,0.01,2
1948,-4033.54295303129,-4029.63227361342,-4152.25149034354,54.9569795450695,5.29150262212918,5.3851648071345,FALSE,FALSE,0.01,2
1959,-3955.70596179127,-3951.79393878584,-4150.56088559802,50.602933333844,4.89897948556636,5,FALSE,FALSE,0.01,2
1967,-4045.67280761788,-4042.41817639451,-4140.43726378416,50.5907369323418,5.65685424949238,5.74456264653803,FALSE,FALSE,0.01,2
1988,-4028.31076509043,-4024.398742085,-4159.68817455208,43.4616744292565,4.89897948556636,5,FALSE,FALSE,0.01,2
1995,-4010.27393366945,-4006.36191066402,-4153.47464539761,48.4096825174107,5.29150262212918,5.3851648071345,FALSE,FALSE,0.01,2
2010,-4069.15543023242,-4065.24340724182,-4163.32971355889,38.4195097237211,4.69041575982343,4.79583152331272,FALSE,FALSE,0.01,2
2013,-4008.47368903781,-4004.56166727262,-4159.69401021122,52.8527338325597,4.24264068711928,4.35889894354067,FALSE,FALSE,0.01,2
2016,-4005.35051471711,-4001.43849171184,-4142.28547592894,62.9334154268591,4.79583152331272,4.89897948556636,FALSE,FALSE,0.01,2
2065,-3947.3157184371,-3943.40369543167,-4148.83761612016,55.0688331652999,4.47213595499958,4.58257569495584,FALSE,FALSE,0.01,2
2094,-3937.91054452088,-3933.99852151546,-4141.5429120123,60.6495132998025,4.47213595499958,4.58257569495584,FALSE,FALSE,0.01,2
2113,-4058.85523678002,-4055.56488865114,-4166.78109200246,43.1198726805383,4.12310562561766,4.24264068711928,FALSE,FALSE,0.01,2
2125,-4070.20303609121,-4066.37786328479,-4149.02074734032,42.7263387870235,4.47213595499958,4.58257569495584,FALSE,FALSE,0.01,2
2130,-3991.53135247961,-3987.61932947419,-4156.00421042773,44.9166254220931,4.47213595499958,4.58257569495584,FALSE,FALSE,0.01,2
2140,-3990.56457565162,-3986.65255264619,-4141.18152813013,43.1564717101609,3.74165738677394,3.87298334620742,FALSE,FALSE,0.01,2
2147,-4063.79321860793,-4060.44467066189,-4133.79589197032,39.1309300741402,3.60555127546399,3.74165738677394,FALSE,FALSE,0.01,2
2155,-4025.86061268407,-4021.94858967893,-4131.4518406709,47.1575249102065,3.3166247903554,3.46410161513775,FALSE,FALSE,0.01,2
2160,-4028.64613613212,-4024.73411312739,-4140.37347729381,43.8601876117987,3.3166247903554,3.46410161513775,FALSE,FALSE,0.01,2
2166,-4023.14183350598,-4019.23069342323,-4120.02537262237,47.0896827894254,3.16227766016838,3.3166247903554,FALSE,FALSE,0.01,2
2170,-4017.43131880273,-4013.51929640023,-4123.29641341934,43.2560789412569,3.16227766016838,3.3166247903554,FALSE,FALSE,0.01,2
2191,-3971.05703900833,-3967.1450160029,-4123.55095458347,53.965787951532,2.44948974278318,2.64575131106459,FALSE,FALSE,0.01,2
2199,-4041.85835577556,-4037.9465151342,-4137.36240997223,41.8730433928436,2.44948974278318,2.64575131106459,FALSE,FALSE,0.01,2
2207,-4072.00006157594,-4068.08803862885,-4174.02903896803,46.2494237935452,5.91607978309962,6,FALSE,FALSE,0.01,2
2227,-4037.14193632565,-4033.22991332022,-4170.37852674216,47.1432091891726,6.85565460040104,6.92820323027551,FALSE,FALSE,0.01,2
2238,-4036.44227648967,-4032.53025349887,-4166.77473234411,49.4185869157482,6.08276253029822,6.16441400296898,FALSE,FALSE,0.01,2
2243,-3960.03058631512,-3956.11856330969,-4160.78123864155,58.6555889925861,6.48074069840786,6.557438524302,FALSE,FALSE,0.01,2
2268,-4007.83692986992,-4003.92490686449,-4148.99868657679,46.0120154835503,5.19615242270663,5.29150262212918,FALSE,FALSE,0.01,2
2270,-4032.4297523138,-4028.51772930837,-4160.04877538099,48.5982425260164,5.74456264653803,5.8309518948453,FALSE,FALSE,0.01,2
2285,-3972.93150976398,-3969.01948675855,-4154.69909733871,54.61995349894,5.47722557505166,5.56776436283002,FALSE,FALSE,0.01,2
2312,-4020.29410916909,-4017.12221071994,-4159.404611964,50.8532078882992,5.56776436283002,5.65685424949238,FALSE,FALSE,0.01,2
2332,-4017.95081265354,-4014.10985702716,-4161.35951012913,59.9744256222749,6.6332495807108,6.70820393249937,FALSE,FALSE,0.01,2
2374,-4007.22657545471,-4003.31455245001,-4151.67813262444,48.5804978302871,6.92820323027551,7,FALSE,FALSE,0.01,2
2377,-3930.78809552913,-3926.8760725237,-4146.71875250265,57.7034258870086,6.16441400296898,6.2449979983984,FALSE,FALSE,0.01,2
2380,-4101.88648591853,-4098.23725275293,-4160.26058002752,37.1202390815033,6.557438524302,6.6332495807108,FALSE,FALSE,0.01,2
2400,-3960.42065841077,-3956.50863540534,-4149.83946591931,52.1328408014493,6.16441400296898,6.2449979983984,FALSE,FALSE,0.01,2
2407,-4024.02936962271,-4020.1173466173,-4165.78802201899,53.8266379834034,6.16441400296898,6.2449979983984,FALSE,FALSE,0.01,2
2419,-4024.65976969658,-4020.9117182588,-4163.27107183806,55.7226894091108,6.557438524302,6.6332495807108,FALSE,FALSE,0.01,2
2446,-3916.31276039113,-3912.4007373857,-4151.12141158968,57.4021762382876,6.92820323027551,7,FALSE,FALSE,0.01,2
2472,-3985.56349128664,-3981.65146846606,-4149.79232437951,59.9018695814943,5.65685424949238,5.74456264653803,FALSE,FALSE,0.01,2
2475,-4024.17063435795,-4020.25861161022,-4154.51396603911,51.0053981717166,6.16441400296898,6.2449979983984,FALSE,FALSE,0.01,2
2505,-4038.164924649,-4034.25290164357,-4171.70267177149,48.7041384860386,6.08276253029822,6.16441400296898,FALSE,FALSE,0.01,2
2518,-3998.20222089952,-3994.2901978941,-4147.67010738944,48.147854234749,5.29150262212918,5.3851648071345,FALSE,FALSE,0.01,2
2528,-4050.19962837498,-4046.28760770914,-4162.5940152461,50.1712347241748,6.78232998312527,6.85565460040104,FALSE,FALSE,0.01,2
2538,-4027.21407892242,-4023.30205591699,-4160.38500075788,52.3574488323198,6.08276253029822,6.16441400296898,FALSE,FALSE,0.01,2
2622,-4071.67178336477,-4067.75987709352,-4157.54345848681,41.4295838509788,6,6.08276253029822,FALSE,FALSE,0.01,2
2630,-4053.63686973998,-4049.72484673458,-4154.98578135365,44.6752187021013,5.47722557505166,5.56776436283002,FALSE,FALSE,0.01,2
2647,-4049.63715713341,-4046.25131960174,-4161.21599707426,48.4102006629079,5.91607978309962,6,FALSE,FALSE,0.01,2
2723,-3959.79030598217,-3955.87828297674,-4128.58561632423,53.1363463967069,3.87298334620742,4,FALSE,FALSE,0.01,2
2732,-4022.74804088046,-4018.83601787503,-4139.64369360521,39.3812343034683,3.3166247903554,3.46410161513775,FALSE,FALSE,0.01,2
2799,-4069.59983435835,-4065.70109860993,-4145.40071744027,45.7198442194645,5.09901951359278,5.19615242270663,FALSE,FALSE,0.01,2
2801,-4028.82418775024,-4024.91303706539,-4139.51829601863,42.7505145948186,4.69041575982343,4.79583152331272,FALSE,FALSE,0.01,2
2804,-3925.0770404429,-3921.16501743747,-4140.49817614841,61.7971887807649,5,5.09901951359278,FALSE,FALSE,0.01,2
2825,-3967.40204005455,-3963.49001704913,-4136.01550801397,54.15323807132,4.89897948556636,5,FALSE,FALSE,0.01,2
2828,-3967.12841970321,-3963.21639669779,-4143.6721142607,58.1064420309268,4.89897948556636,5,FALSE,FALSE,0.01,2
2880,-3991.88005722894,-3987.96803422352,-4149.52515276267,51.3721598645292,4.35889894354067,4.47213595499958,FALSE,FALSE,0.01,2
2935,-3922.86528013536,-3918.95325712993,-4156.43199586038,54.2942893733888,3.46410161513775,3.60555127546399,FALSE,FALSE,0.01,2
2950,-4054.25380652328,-4050.34243555818,-4142.54247611,38.9791095302509,4.24264068711928,4.35889894354067,FALSE,FALSE,0.01,2
2958,-4035.58013059959,-4031.66810759417,-4164.55739177287,45.1107914012563,4,4.12310562561766,FALSE,FALSE,0.01,2
2965,-3956.38383042954,-3952.47180742411,-4149.16079130346,56.5423005612035,4.12310562561766,4.24264068711928,FALSE,FALSE,0.01,2
2984,-4021.07323490855,-4017.16148368764,-4150.06110830261,45.7320597131194,4.58257569495584,4.69041575982343,FALSE,FALSE,0.01,2
2988,-3983.95626206762,-3980.0442390622,-4119.6248143875,51.5111744203534,3.3166247903554,3.46410161513775,FALSE,FALSE,0.01,2
3002,-4026.10399108431,-4022.20901560208,-4151.0386079174,48.4181507351205,8,8.06225774829855,FALSE,FALSE,0.01,2
3016,-4017.92276084791,-4014.01073784248,-4167.39448928631,45.7569913475709,7.07106781186548,7.14142842854285,FALSE,FALSE,0.01,2
3041,-3988.62411636242,-3984.71209335699,-4160.1603120634,56.0105769472388,7.28010988928052,7.34846922834953,FALSE,FALSE,0.01,2
3053,-4035.58517340382,-4031.67315041242,-4151.87832276188,50.4138169457335,6.92820323027551,7,FALSE,FALSE,0.01,2
3057,-4050.46437614021,-4046.55240831698,-4162.99373400734,45.7772885774763,6.48074069840786,6.557438524302,FALSE,FALSE,0.01,2
3062,-4044.13214272092,-4040.22011971552,-4153.61890764577,46.2117223353478,5.8309518948453,5.91607978309962,FALSE,FALSE,0.01,2
3077,-4057.95556807698,-4054.04444994768,-4158.95648031549,51.4309705264881,7,7.07106781186548,FALSE,FALSE,0.01,2
3080,-4047.43492347726,-4043.52290074779,-4157.01625670151,47.6136089438461,6.2449979983984,6.32455532033676,FALSE,FALSE,0.01,2
3081,-3918.89014782864,-3914.97812482321,-4139.04828971936,59.1281335635766,6.40312423743285,6.48074069840786,FALSE,FALSE,0.01,2
3091,-3984.42562751761,-3980.51360451218,-4146.1478615209,63.1194281895086,7.68114574786861,7.74596669241483,FALSE,FALSE,0.01,2
3095,-3942.06946733404,-3938.15744432861,-4145.26047911223,53.5603446910034,6.6332495807108,6.70820393249937,FALSE,FALSE,0.01,2
3117,-4006.99245178302,-4003.08045354152,-4147.98126309481,55.8602208171491,6.48074069840786,6.557438524302,FALSE,FALSE,0.01,2
3128,-4052.89721700801,-4048.98519993633,-4136.21198899407,46.6622515335448,7.61577310586391,7.68114574786861,FALSE,FALSE,0.01,2
3136,-3905.55820853011,-3901.64618552468,-4150.49056076558,54.6774226170037,7.48331477354788,7.54983443527075,FALSE,FALSE,0.01,2
3143,-4047.21707406015,-4043.30505116006,-4150.31650854384,46.99868576828,7.07106781186548,7.14142842854285,FALSE,FALSE,0.01,2
3206,-4019.51151944563,-4015.60864518042,-4134.39392654205,46.3452383492058,4,4.12310562561766,FALSE,FALSE,0.01,2
3216,-4061.98826435583,-4058.07675858171,-4141.87625780509,41.0220782895986,5.19615242270663,5.29150262212918,FALSE,FALSE,0.01,2
3223,-4017.88260045376,-4013.97057744833,-4137.18417368603,44.1172662609588,4.89897948556636,5,FALSE,FALSE,0.01,2
3255,-4019.2921013236,-4015.62751353276,-4147.54735809113,40.7845919927853,3.74165738677394,3.87298334620742,FALSE,FALSE,0.01,2
3276,-4034.42922891651,-4030.51720591108,-4147.64664816185,48.983471304419,4.58257569495584,4.69041575982343,FALSE,FALSE,0.01,2
3284,-4037.8998624479,-4033.98784437487,-4148.27877303714,41.6214786832275,4,4.12310562561766,FALSE,FALSE,0.01,2
3309,-4036.79026685877,-4032.87824385335,-4158.50095838226,46.1635787069991,5.3851648071345,5.47722557505166,FALSE,FALSE,0.01,2
3311,-4062.58539342534,-4058.67341425684,-4160.84468385069,47.0996107613485,5.19615242270663,5.29150262212918,FALSE,FALSE,0.01,2
3319,-4002.67577896243,-3998.76375595701,-4150.34867175764,50.492955761698,5.3851648071345,5.47722557505166,FALSE,FALSE,0.01,2
3340,-4013.88460874909,-4009.97258574368,-4140.0353311059,48.8770182976816,5.29150262212918,5.3851648071345,FALSE,FALSE,0.01,2
3354,-3978.20999480235,-3974.29797179692,-4147.20052308268,50.4250438333177,5.56776436283002,5.65685424949238,FALSE,FALSE,0.01,2
3358,-4045.28085846436,-4041.36883547323,-4146.02379407119,49.804766404053,5.65685424949238,5.74456264653803,FALSE,FALSE,0.01,2
3366,-4078.95958531047,-4075.0476157914,-4157.482071569,34.3051487356957,4.89897948556636,5,FALSE,FALSE,0.01,2
3392,-4004.79617126011,-4000.88415350301,-4140.59524207194,56.2984060055929,4.69041575982343,4.79583152331272,FALSE,FALSE,0.01,2
3395,-4038.99085848197,-4035.0973186113,-4144.32654475932,51.4277208677378,5.47722557505166,5.56776436283002,FALSE,FALSE,0.01,2
3431,-4066.46312496092,-4062.55110944873,-4159.20431957022,37.410814199695,4.12310562561766,4.24264068711928,FALSE,FALSE,0.01,2
3504,-4042.78410862726,-4038.87210731388,-4150.10602469305,47.27241177259,5.65685424949238,5.74456264653803,FALSE,FALSE,0.01,2
3520,-3900.17210717041,-3896.26008416498,-4155.00884896911,60.2247590262872,6.557438524302,6.6332495807108,FALSE,FALSE,0.01,2
3531,-3957.146134356,-3953.23431345011,-4139.80604174563,62.0679001896537,5.74456264653803,5.8309518948453,FALSE,FALSE,0.01,2
3554,-4024.37807435379,-4020.46605134841,-4152.76226311917,51.8467869544071,5.19615242270663,5.29150262212918,FALSE,FALSE,0.01,2
3576,-4014.65172289616,-4010.73969989074,-4151.190583702,48.7620047293046,6.70820393249937,6.78232998312527,FALSE,FALSE,0.01,2
3579,-4041.55779896203,-4037.64577595663,-4152.00855005085,48.08309946917,5.8309518948453,5.91607978309962,FALSE,FALSE,0.01,2
3582,-3994.52438271293,-3990.61235970751,-4158.63797981852,47.6930675541654,6.16441400296898,6.2449979983984,FALSE,FALSE,0.01,2
3600,-4002.1446171603,-3998.23264563075,-4142.97199096753,57.0227083475343,6.32455532033676,6.40312423743285,FALSE,FALSE,0.01,2
3602,-3981.97477092286,-3978.06274791743,-4160.45359711448,45.8041996010791,6.2449979983984,6.32455532033676,FALSE,FALSE,0.01,2
3675,-4033.85011771853,-4029.93810318734,-4148.69352786702,42.6799289783983,6.32455532033676,6.40312423743285,FALSE,FALSE,0.01,2
3699,-4024.18761167865,-4020.27564415531,-4154.45608514521,51.3829194585126,5.65685424949238,5.74456264653803,FALSE,FALSE,0.01,2
3709,-3992.89086349333,-3988.9788404879,-4137.55579225074,52.085156427586,4.89897948556636,5,FALSE,FALSE,0.01,2
3721,-4049.99777789893,-4046.09725743346,-4159.90396178861,40.1386740979628,6.32455532033676,6.40312423743285,FALSE,FALSE,0.01,2
3741,-3996.2791796269,-3992.36715662158,-4139.17121017019,49.4150555436035,6.08276253029822,6.16441400296898,FALSE,FALSE,0.01,2
3777,-4029.12097120707,-4025.20894820164,-4169.49975419146,39.6864883659072,5.29150262212918,5.3851648071345,FALSE,FALSE,0.01,2
3790,-3994.92541092686,-3991.01414059598,-4135.81397144629,56.5761250804256,5.29150262212918,5.3851648071345,FALSE,FALSE,0.01,2
3808,-3991.08591988452,-3987.17389689389,-4142.97935153596,52.2197585840937,6.08276253029822,6.16441400296898,FALSE,FALSE,0.01,2
3845,-4016.82665803633,-4012.9146350309,-4140.20647084114,40.0874196459283,4,4.12310562561766,FALSE,FALSE,0.01,2
3847,-3976.68004564604,-3972.76802264068,-4123.07128734037,54.0577646010349,3.60555127546399,3.74165738677394,FALSE,FALSE,0.01,2
3868,-3991.3008006583,-3987.38883541486,-4128.4566899715,45.4833065802063,3.60555127546399,3.74165738677394,FALSE,FALSE,0.01,2
3876,-4033.43078317124,-4029.67226930246,-4129.19028061675,40.4277722441166,3.87298334620742,4,FALSE,FALSE,0.01,2
3913,-3979.56036765195,-3975.64834464685,-4130.77347325529,48.5918888943819,4.79583152331272,4.89897948556636,FALSE,FALSE,0.01,2
3914,-4029.4378379102,-4025.54118609438,-4151.15765816543,44.1216632202676,4.12310562561766,4.24264068711928,FALSE,FALSE,0.01,2
3940,-3973.2038613794,-3969.29183837398,-4145.26721447518,51.3067577462943,4.69041575982343,4.79583152331272,FALSE,FALSE,0.01,2
3941,-3924.59503130856,-3920.68300830313,-4146.89537715168,54.4978830021574,4.69041575982343,4.79583152331272,FALSE,FALSE,0.01,2
3957,-4027.95355901206,-4024.04266597539,-4147.04169695306,42.139699967507,4.24264068711928,4.35889894354067,FALSE,FALSE,0.01,2
3964,-4026.86710834586,-4022.95508534043,-4148.7011757266,41.3898059841462,4.58257569495584,4.69041575982343,FALSE,FALSE,0.01,2
3968,-4008.95374623935,-4005.04172323392,-4136.11875720828,48.6369597059637,4.47213595499958,4.58257569495584,FALSE,FALSE,0.01,2
3979,-3966.75568778677,-3962.84366478134,-4132.66605200265,48.2343590528216,5,5.09901951359278,FALSE,FALSE,0.01,2
3985,-3988.54773992787,-3984.63571692244,-4124.43343712183,49.8483991330891,4.24264068711928,4.35889894354067,FALSE,FALSE,0.01,2
4011,-3969.92004771876,-3966.00802531668,-4143.25142453931,57.0860320625321,4,4.12310562561766,FALSE,FALSE,0.01,2
4015,-3941.15333957644,-3937.24131657102,-4133.63059687758,47.0848762731972,4.24264068711928,4.35889894354067,FALSE,FALSE,0.01,2
4016,-4050.98155662927,-4047.06954094506,-4133.20138072783,39.152054485925,4.47213595499958,4.58257569495584,FALSE,FALSE,0.01,2
4025,-4036.42111196561,-4032.50908896022,-4128.41159380937,35.3358561543383,3,3.16227766016838,FALSE,FALSE,0.01,2
4041,-4074.87918451538,-4070.96716151055,-4157.01236404121,38.6799607480247,4.89897948556636,5,FALSE,FALSE,0.01,2
4058,-4018.25662673703,-4014.34460373161,-4146.67949218804,51.6130829364267,5.65685424949238,5.74456264653803,FALSE,FALSE,0.01,2
4066,-4002.96083470819,-3999.04881170285,-4154.47985563373,48.531871066974,5.8309518948453,5.91607978309962,FALSE,FALSE,0.01,2
4067,-3962.39231380986,-3958.48029080443,-4136.85740990447,55.7586670325601,4.35889894354067,4.47213595499958,FALSE,FALSE,0.01,2
4077,-4041.28173064481,-4037.38170797992,-4163.35773134629,48.0275285567956,5.56776436283002,5.65685424949238,FALSE,FALSE,0.01,2
4078,-3977.92830287785,-3974.01627987244,-4153.56549572341,60.8836486926363,5.29150262212918,5.3851648071345,FALSE,FALSE,0.01,2
4092,-4074.25396663062,-4070.35434878878,-4138.84254494158,38.529485310973,4.24264068711928,4.35889894354067,FALSE,FALSE,0.01,2
4097,-4038.90689109275,-4034.99740900926,-4140.83919515236,47.8235922308968,3.46410161513775,3.60555127546399,FALSE,FALSE,0.01,2
4109,-3983.95245051046,-3980.04042750503,-4124.50413021218,46.4254322512101,3.16227766016838,3.3166247903554,FALSE,FALSE,0.01,2
4117,-4034.08782658739,-4030.83179898865,-4154.04943160885,52.5947019297141,6.32455532033676,6.40312423743285,FALSE,FALSE,0.01,2
4131,-3980.59783155301,-3976.68580854758,-4161.44325019941,55.1094960134646,5.8309518948453,5.91607978309962,FALSE,FALSE,0.01,2
4132,-4018.04181429195,-4014.1298529728,-4144.00320383081,58.2425554659582,5.65685424949238,5.74456264653803,FALSE,FALSE,0.01,2
4144,-4044.37176298696,-4040.45974085395,-4157.72388171768,51.8512016037126,6.32455532033676,6.40312423743285,FALSE,FALSE,0.01,2
4186,-3979.20597933,-3975.29395632457,-4145.89156130714,50.5753891052088,6,6.08276253029822,FALSE,FALSE,0.01,2
4196,-4010.47135343691,-4006.55933043148,-4153.94744870361,47.8310209753203,6,6.08276253029822,FALSE,FALSE,0.01,2
4217,-4022.7047351486,-4018.86445794576,-4146.17061097537,51.8461265821174,5.19615242270663,5.29150262212918,FALSE,FALSE,0.01,2
4240,-3957.27017761299,-3953.35815460757,-4132.40177956642,56.5537786985403,4.12310562561766,4.24264068711928,FALSE,FALSE,0.01,2
4248,-3936.2101068298,-3932.29808382437,-4137.37212146493,47.1177843753679,4,4.12310562561766,FALSE,FALSE,0.01,2
4279,-3976.56581009961,-3972.65378709418,-4147.05158383718,49.1950585117626,4.79583152331272,4.89897948556636,FALSE,FALSE,0.01,2
4285,-3982.21485364738,-3978.3048336676,-4142.56652422596,58.56186561362,4.89897948556636,5,FALSE,FALSE,0.01,2
4286,-4037.63271019403,-4033.75789355338,-4145.46561087963,49.1945679625438,4.58257569495584,4.69041575982343,FALSE,FALSE,0.01,2
4295,-3945.05414811704,-3941.14212511161,-4149.20078185607,56.8732972286436,5.09901951359278,5.19615242270663,FALSE,FALSE,0.01,2
4342,-3968.19345829421,-3964.28143528878,-4138.96717200722,46.9490028401415,4,4.12310562561766,FALSE,FALSE,0.01,2
4357,-3951.34825463534,-3947.43623162991,-4140.20997463197,49.6963704117985,3.46410161513775,3.60555127546399,FALSE,FALSE,0.01,2
4359,-4025.22139386561,-4021.3093708614,-4142.92516034433,40.4351550436049,4.12310562561766,4.24264068711928,FALSE,FALSE,0.01,2
4378,-4087.42516245378,-4083.51314893788,-4162.05934856889,37.2158633460152,7.41619848709566,7.48331477354788,FALSE,FALSE,0.01,2
4430,-4013.57551260618,-4009.66349274064,-4139.57005199144,54.8015697082799,6.48074069840786,6.557438524302,FALSE,FALSE,0.01,2
4450,-4048.79360241502,-4044.8815794096,-4156.78658973217,46.7297727284264,6,6.08276253029822,FALSE,FALSE,0.01,2
4469,-4034.38754747873,-4030.47558232352,-4160.30461441253,45.2462215941211,6.48074069840786,6.557438524302,FALSE,FALSE,0.01,2
4484,-3909.29267064647,-3905.38064764104,-4148.63055277664,57.7427164840767,6.08276253029822,6.16441400296898,FALSE,FALSE,0.01,2
4531,-4047.23422522225,-4043.32220221772,-4155.93508767872,48.1854983363309,6.70820393249937,6.78232998312527,FALSE,FALSE,0.01,2
4598,-3935.1014745677,-3931.18945156227,-4135.22836152075,54.053843044958,4.12310562561766,4.24264068711928,FALSE,FALSE,0.01,2
4601,-4030.09020415657,-4026.17818394712,-4137.58906236252,45.8752965768223,4.47213595499958,4.58257569495584,FALSE,FALSE,0.01,2
4609,-3972.94072303182,-3969.02870002639,-4111.46520944796,49.6593724367806,4.47213595499958,4.58257569495584,FALSE,FALSE,0.01,2
4620,-4031.18554342407,-4027.27352041869,-4144.30098889375,38.8382411237903,3.87298334620742,4,FALSE,FALSE,0.01,2
4624,-4022.51401076087,-4018.60198775545,-4129.94370000497,38.311986065827,4,4.12310562561766,FALSE,FALSE,0.01,2
4625,-4069.76714590658,-4065.85512293954,-4146.10208946873,33.2080855548101,3.87298334620742,4,FALSE,FALSE,0.01,2
4629,-4040.25405203196,-4036.34459699925,-4129.40344217673,40.5076778965384,4.12310562561766,4.24264068711928,FALSE,FALSE,0.01,2
4643,-4031.30117752188,-4027.39537334917,-4150.07529105944,43.6819062338479,3.87298334620742,4,FALSE,FALSE,0.01,2
4648,-4028.06282711627,-4024.15084393604,-4161.29036203861,49.7156724729425,5.09901951359278,5.19615242270663,FALSE,FALSE,0.01,2
4663,-4009.2489592461,-4005.33710914734,-4156.5504671651,55.9420504161998,5.56776436283002,5.65685424949238,FALSE,FALSE,0.01,2
4668,-4001.22042463535,-3997.30840163043,-4153.2294550199,49.9274381866117,5.09901951359278,5.19615242270663,FALSE,FALSE,0.01,2
4686,-4069.58904933925,-4065.67702634423,-4165.23145093548,40.4506781029995,5.09901951359278,5.19615242270663,FALSE,FALSE,0.01,2
4689,-3986.22048812241,-3982.30846511699,-4135.62702793183,43.5131865551467,4.79583152331272,4.89897948556636,FALSE,FALSE,0.01,2
4696,-4036.23907377418,-4032.32711226061,-4153.41488893703,50.2075767137806,5.47722557505166,5.56776436283002,FALSE,FALSE,0.01,2
4697,-4007.06338869626,-4003.15136683364,-4155.55683888508,50.2037872720312,5.19615242270663,5.29150262212918,FALSE,FALSE,0.01,2
4721,-4044.76676798085,-4040.85474535135,-4150.86342542115,46.8909880623108,4.35889894354067,4.47213595499958,FALSE,FALSE,0.01,2
4736,-3968.29268411988,-3964.38066111445,-4146.3684152438,50.2774107403094,5.09901951359278,5.19615242270663,FALSE,FALSE,0.01,2
4737,-3981.07514975684,-3977.16312675141,-4144.04159496552,51.7766070598639,5.19615242270663,5.29150262212918,FALSE,FALSE,0.01,2
4745,-3936.58279100552,-3932.6707680001,-4146.54899087165,49.5378889183855,4.69041575982343,4.79583152331272,FALSE,FALSE,0.01,2
4750,-3930.38630794996,-3926.47428494453,-4134.08315118727,51.7691343004738,3.87298334620742,4,FALSE,FALSE,0.01,2
4792,-4065.24607088629,-4061.42986713283,-4151.77213104317,39.4602082196626,4.79583152331272,4.89897948556636,FALSE,FALSE,0.01,2
4800,-3992.61692852163,-3988.70490551887,-4139.34558772677,47.487943157787,5.09901951359278,5.19615242270663,FALSE,FALSE,0.01,2
4807,-3973.99364084612,-3970.08161784069,-4127.77287317255,47.5660179567319,2.82842712474619,3,FALSE,FALSE,0.01,2
4816,-4027.99911747835,-4024.14062158241,-4135.45527683279,40.0144105321643,1,1.4142135623731,FALSE,FALSE,0.01,2
4868,-3981.72106702431,-3977.80904401888,-4160.50424765217,48.0168049733863,4.89897948556636,5,FALSE,FALSE,0.01,2
4880,-3989.16275797325,-3985.25073496782,-4148.45254707467,52.9485411786986,5.56776436283002,5.65685424949238,FALSE,FALSE,0.01,2
4882,-4067.53791349712,-4063.6258918882,-4165.44638742104,35.1426101025359,5.3851648071345,5.47722557505166,FALSE,FALSE,0.01,2
4914,-4018.75089121701,-4014.83886831029,-4146.09945211657,54.1311283296194,6.48074069840786,6.557438524302,FALSE,FALSE,0.01,2
4920,-4040.42274833616,-4036.51073459181,-4167.15273798037,37.8567878037099,6.32455532033676,6.40312423743285,FALSE,FALSE,0.01,2
4943,-4014.31831889475,-4010.40629588932,-4150.93996633077,51.362670842285,6.557438524302,6.6332495807108,FALSE,FALSE,0.01,2
4956,-3921.73206945342,-3917.820046448,-4126.9101155375,65.9428723747109,5.74456264653803,5.8309518948453,FALSE,FALSE,0.01,2
4964,-4042.76129814185,-4039.54081047843,-4152.7715317731,50.950195947801,5.47722557505166,5.56776436283002,FALSE,FALSE,0.01,2
5010,-3933.55996537909,-3929.64794237366,-4134.44968872659,53.2944793655849,6.2449979983984,6.32455532033676,FALSE,FALSE,0.01,2
5022,-4000.51532715942,-3996.60330415399,-4144.245338566,45.1922392672804,6,6.08276253029822,FALSE,FALSE,0.01,2
5059,-4035.10539030546,-4031.21240433347,-4152.92588308077,45.7490914237732,5.19615242270663,5.29150262212918,FALSE,FALSE,0.01,2
5082,-4038.60586295468,-4034.69383995258,-4147.08241940391,41.4425096894485,5.65685424949238,5.74456264653803,FALSE,FALSE,0.01,2
5094,-4037.8431989578,-4033.93941049227,-4143.14387777135,50.9587267142536,6.2449979983984,6.32455532033676,FALSE,FALSE,0.01,2
5106,-4001.25066879871,-3997.33864579328,-4144.94881720969,48.7003930427947,5.74456264653803,5.8309518948453,FALSE,FALSE,0.01,2
5121,-3964.82311080755,-3960.91108780212,-4117.06977474041,54.7361264157777,3.46410161513775,3.60555127546399,FALSE,FALSE,0.01,2
5124,-3963.09408733287,-3959.18206432745,-4129.90889608764,49.4931914458974,3.74165738677394,3.87298334620742,FALSE,FALSE,0.01,2
5145,-4010.46265685996,-4006.5514867092,-4114.92448288412,46.6366514159542,3.87298334620742,4,FALSE,FALSE,0.01,2
5146,-4012.84069925737,-4008.92867625195,-4125.11313760998,36.4848485779654,3.74165738677394,3.87298334620742,FALSE,FALSE,0.01,2
5151,-3976.36984638283,-3972.4578233774,-4141.01300138558,53.2072010984613,4.58257569495584,4.69041575982343,FALSE,FALSE,0.01,2
5204,-4083.23438164655,-4079.32236420673,-4159.90715059469,31.3843358207324,3.3166247903554,3.46410161513775,FALSE,FALSE,0.01,2
5207,-4048.53905974159,-4044.64390662748,-4155.47758124157,40.4520706804816,4,4.12310562561766,FALSE,FALSE,0.01,2
5209,-4002.90562216988,-3998.99359916445,-4155.20437508859,45.4090824503972,4,4.12310562561766,FALSE,FALSE,0.01,2
5229,-3993.86297477602,-3989.95095177059,-4132.64130426045,40.4413984373358,3.60555127546399,3.74165738677394,FALSE,FALSE,0.01,2
5238,-3971.74461586785,-3967.83259286242,-4142.39753343748,46.6966143416174,4.58257569495584,4.69041575982343,FALSE,FALSE,0.01,2
5241,-4008.76565452139,-4004.85363185485,-4126.71191313209,47.6106212733614,2.64575131106459,2.82842712474619,FALSE,FALSE,0.01,2
5254,-3976.78982206248,-3972.87779905706,-4132.15135661235,51.1086245709866,3.74165738677394,3.87298334620742,FALSE,FALSE,0.01,2
5259,-4027.4934112586,-4023.58171078945,-4134.26161249073,48.815579196162,3.60555127546399,3.74165738677394,FALSE,FALSE,0.01,2
5260,-4052.98305813838,-4049.07103513299,-4149.74005578735,38.5972598659676,4.35889894354067,4.47213595499958,FALSE,FALSE,0.01,2
5291,-4006.50321261736,-4002.63094462282,-4135.81253147244,50.5915160924772,4.79583152331272,4.89897948556636,FALSE,FALSE,0.01,2
5313,-4013.25534052746,-4009.34448044346,-4133.18915276971,47.6851367487841,5,5.09901951359278,FALSE,FALSE,0.01,2
5316,-4024.73849334153,-4020.8264703361,-4140.47991171167,40.4209377990981,5.8309518948453,5.91607978309962,FALSE,FALSE,0.01,2
5326,-4024.20833278963,-4020.29631090778,-4143.75565572397,51.3605317727256,6.16441400296898,6.2449979983984,FALSE,FALSE,0.01,2
5331,-4032.7415447371,-4028.82952173169,-4141.09366633785,38.3002801958458,5.91607978309962,6,FALSE,FALSE,0.01,2
5370,-3949.72105541732,-3945.80903241189,-4134.13322561403,55.5717550727631,4.47213595499958,4.58257569495584,FALSE,FALSE,0.01,2
5468,-3997.46184454936,-3993.54982155321,-4146.91944051868,53.1531368764537,5.47722557505166,5.56776436283002,FALSE,FALSE,0.01,2
5472,-4011.91912730207,-4008.00714914218,-4135.36414494992,50.2650582158558,4,4.12310562561766,FALSE,FALSE,0.01,2
5502,-4049.2021836441,-4045.29016063867,-4165.83918446039,43.5451364519389,6.08276253029822,6.16441400296898,FALSE,FALSE,0.01,2
5510,-3999.1506260876,-3995.2389941561,-4153.29042760943,54.8303773084303,6.2449979983984,6.32455532033676,FALSE,FALSE,0.01,2
5515,-4030.20732213922,-4026.29530014659,-4154.58779588892,48.541520973613,6.6332495807108,6.70820393249937,FALSE,FALSE,0.01,2
5532,-3988.29600281306,-3984.38397980763,-4150.55147640029,54.5647433751069,5,5.09901951359278,FALSE,FALSE,0.01,2
5558,-3989.20322683286,-3985.29120382743,-4146.09066196479,55.2851672544181,4.89897948556636,5,FALSE,FALSE,0.01,2
5576,-4031.16806623338,-4027.79087532358,-4152.52050269561,51.5080502167131,5.91607978309962,6,FALSE,FALSE,0.01,2
5595,-3987.64117832357,-3983.72915543698,-4142.36470857906,65.5329949377275,5.56776436283002,5.65685424949238,FALSE,FALSE,0.01,2
5596,-4026.48582234081,-4022.57379933538,-4153.70730683632,41.3989366098774,5.65685424949238,5.74456264653803,FALSE,FALSE,0.01,2
5607,-4043.66173691198,-4039.74971467046,-4136.99922859442,50.5759102098826,5.8309518948453,5.91607978309962,FALSE,FALSE,0.01,2
5614,-3949.80034879741,-3945.88832582238,-4126.20884012159,59.4214163188437,3,3.16227766016838,FALSE,FALSE,0.01,2
5620,-3993.73660169782,-3989.82457869264,-4139.15571085701,47.9071422734202,3.60555127546399,3.74165738677394,FALSE,FALSE,0.01,2
5638,-4016.84764595922,-4012.93646538079,-4149.75726192333,43.674381870001,3.3166247903554,3.46410161513775,FALSE,FALSE,0.01,2
5670,-4005.7326188793,-4001.82059587388,-4159.97716582223,48.5907751064296,4.24264068711928,4.35889894354067,FALSE,FALSE,0.01,2
5684,-4010.03899170807,-4006.12696870538,-4138.77947442647,52.3392182073665,4.35889894354067,4.47213595499958,FALSE,FALSE,0.01,2
5748,-4004.12729484102,-4000.21531624105,-4125.0480703009,40.0894283873298,2.23606797749979,2.44948974278318,FALSE,FALSE,0.01,2
5755,-4038.8611454304,-4035.2596038044,-4158.07856512861,55.6606484465775,7.41619848709566,7.48331477354788,FALSE,FALSE,0.01,2
5806,-4057.98860231371,-4054.0827917989,-4168.5613028532,47.1675905591964,6.16441400296898,6.2449979983984,FALSE,FALSE,0.01,2
5820,-4005.84641434587,-4001.94117251947,-4162.92315705829,57.0205423741445,6.6332495807108,6.70820393249937,FALSE,FALSE,0.01,2
5849,-4015.47785071484,-4011.62975624879,-4144.99989553142,57.7352434514004,6.2449979983984,6.32455532033676,FALSE,FALSE,0.01,2
5857,-4075.98673752856,-4072.07471583934,-4150.13721459525,37.8233569792862,6.48074069840786,6.557438524302,FALSE,FALSE,0.01,2
5878,-4027.47344482975,-4023.56142816465,-4134.28923267155,51.3456438871779,7.21110255092798,7.28010988928052,FALSE,FALSE,0.01,2
5884,-4048.33458012947,-4044.42255712404,-4164.93656772055,33.9327916196408,6.78232998312527,6.85565460040104,FALSE,FALSE,0.01,2
5895,-4020.24143051318,-4016.32941525892,-4149.00363786656,55.7581283540284,6.85565460040104,6.92820323027551,FALSE,FALSE,0.01,2
5905,-4024.09939112538,-4020.18736820293,-4148.50983841321,56.4309816520549,6.557438524302,6.6332495807108,FALSE,FALSE,0.01,2
5908,-4017.91482065441,-4014.00279764898,-4159.79070462651,44.0199348268999,6.32455532033676,6.40312423743285,FALSE,FALSE,0.01,2
5916,-3892.62798024685,-3888.71595724142,-4140.3989131208,56.7321847646109,6.85565460040104,6.92820323027551,FALSE,FALSE,0.01,2
5918,-4068.6160336572,-4064.70411770123,-4145.55723684959,45.570278497676,6.557438524302,6.6332495807108,FALSE,FALSE,0.01,2
5940,-4030.2584194072,-4026.34644466085,-4139.48099499003,44.5606797290981,3.87298334620742,4,FALSE,FALSE,0.01,2
5947,-4018.34930904325,-4014.4373291409,-4134.38381577614,46.3043917758369,3.74165738677394,3.87298334620742,FALSE,FALSE,0.01,2
5972,-3992.56591443337,-3988.65389142794,-4130.48334016425,43.6331930723383,4.12310562561766,4.24264068711928,FALSE,FALSE,0.01,2
5984,-4015.3393539314,-4011.42733093594,-4139.58425418683,40.1216265624407,3.60555127546399,3.74165738677394,FALSE,FALSE,0.01,2
5989,-4055.3999647923,-4051.48794178903,-4138.10103876484,34.8172817351022,4.24264068711928,4.35889894354067,FALSE,FALSE,0.01,2
6001,-4010.00803845911,-4006.09601545368,-4119.81988470349,38.868809831014,3.87298334620742,4,FALSE,FALSE,0.01,2
6021,-3960.17806659133,-3956.26604358591,-4143.39535216383,58.1953356078162,4.58257569495584,4.69041575982343,FALSE,FALSE,0.01,2
6054,-3920.86129349215,-3916.94927048673,-4131.0498917041,57.4283011203721,5.19615242270663,5.29150262212918,FALSE,FALSE,0.01,2
6060,-4040.50737616081,-4036.59535315538,-4156.56812488082,43.0773781772287,4.69041575982343,4.79583152331272,FALSE,FALSE,0.01,2
6066,-4012.16725946271,-4008.25524869281,-4138.37783909822,49.3415674387174,4.47213595499958,4.58257569495584,FALSE,FALSE,0.01,2
6070,-3943.54069584308,-3939.62867283822,-4149.5407342526,55.6712650359587,4.69041575982343,4.79583152331272,FALSE,FALSE,0.01,2
6074,-4039.99061325341,-4036.0785907313,-4146.56247444805,44.3778992847895,4.89897948556636,5,FALSE,FALSE,0.01,2
6076,-4006.1221707604,-4002.21014775497,-4154.87299120283,46.4988235901466,4.47213595499958,4.58257569495584,FALSE,FALSE,0.01,2
6098,-4005.92659414894,-4002.01491535613,-4137.97428874546,52.0315614316205,4,4.12310562561766,FALSE,FALSE,0.01,2
6100,-3998.21260052593,-3994.30057752052,-4146.26160218164,44.8984745244238,3.60555127546399,3.74165738677394,FALSE,FALSE,0.01,2
6103,-4026.37803053837,-4022.46600753294,-4155.20667818347,41.5633849979109,4.58257569495584,4.69041575982343,FALSE,FALSE,0.01,2
6115,-4005.89033502884,-4001.97831202373,-4131.80828778232,50.1309304456446,3.3166247903554,3.46410161513775,FALSE,FALSE,0.01,2
6127,-4016.63452047461,-4012.7224975601,-4130.61963109825,46.2752355692024,3.46410161513775,3.60555127546399,FALSE,FALSE,0.01,2
6128,-4021.25863605506,-4017.34661305166,-4137.19062397115,48.7900255856342,3.3166247903554,3.46410161513775,FALSE,FALSE,0.01,2
6132,-3940.32809571607,-3936.41669735273,-4138.84195641846,56.6943942300714,3.74165738677394,3.87298334620742,FALSE,FALSE,0.01,2
6143,-4003.90422807425,-3999.99220506911,-4132.37362990006,53.0349730077639,4.47213595499958,4.58257569495584,FALSE,FALSE,0.01,2
6151,-4012.76719587135,-4009.16732283384,-4146.67369214266,50.5785350585063,3.87298334620742,4,FALSE,FALSE,0.01,2
6157,-4026.73708907976,-4022.82506609743,-4140.18703293186,43.0420936214758,4.58257569495584,4.69041575982343,FALSE,FALSE,0.01,2
6161,-4040.24791739018,-4036.33589438632,-4126.01577356443,35.4342839969616,3.16227766016838,3.3166247903554,FALSE,FALSE,0.01,2
6162,-4031.90408769549,-4027.99206469012,-4135.527714335,38.8052070398999,3,3.16227766016838,FALSE,FALSE,0.01,2
6181,-3913.7590747546,-3909.84705174917,-4136.69916895597,47.1825370643575,0,1,TRUE,FALSE,0.01,2
6191,-4030.46550386605,-4026.55348086062,-4170.09590427885,37.9850676739232,4.47213595499958,4.58257569495584,FALSE,FALSE,0.01,2
6201,-4035.23417182085,-4031.32214882494,-4173.32016989557,42.2664972871522,5.29150262212918,5.3851648071345,FALSE,FALSE,0.01,2
6232,-4039.65331898403,-4035.74129727285,-4149.26937609763,47.4024860733156,4.79583152331272,4.89897948556636,FALSE,FALSE,0.01,2
6251,-4003.83735492391,-3999.92533191848,-4147.86202836825,44.3234956974651,4.79583152331272,4.89897948556636,FALSE,FALSE,0.01,2
6255,-4007.11718498972,-4003.20516198429,-4165.43824275929,44.6658343477092,6.08276253029822,6.16441400296898,FALSE,FALSE,0.01,2
6257,-4014.69639652439,-4010.78437351994,-4158.51911625743,45.4639092174747,5.29150262212918,5.3851648071345,FALSE,FALSE,0.01,2
6271,-4019.86768289969,-4015.95565998582,-4155.09875893713,47.5896278853792,6.40312423743285,6.48074069840786,FALSE,FALSE,0.01,2
6286,-4017.04151733025,-4013.12949472494,-4153.44752077995,40.8307399769915,5.65685424949238,5.74456264653803,FALSE,FALSE,0.01,2
6314,-4032.46009930577,-4028.54807676224,-4148.4038176565,44.4363106108174,5.8309518948453,5.91607978309962,FALSE,FALSE,0.01,2
6315,-4043.65731252012,-4039.7452895147,-4147.50111923616,43.4601798995713,5.8309518948453,5.91607978309962,FALSE,FALSE,0.01,2
6328,-4003.385847777,-3999.47384539489,-4141.41665602487,62.4055035430461,5.47722557505166,5.56776436283002,FALSE,FALSE,0.01,2
6339,-4023.5379322412,-4019.632071318,-4156.90011769499,47.9924491641823,5.65685424949238,5.74456264653803,FALSE,FALSE,0.01,2
6343,-4028.72319380198,-4024.81117079656,-4141.08523635321,38.417676184045,5.8309518948453,5.91607978309962,FALSE,FALSE,0.01,2
6349,-4016.64825349708,-4013.27281030991,-4143.5991164121,49.894653314492,5.29150262212918,5.3851648071345,FALSE,FALSE,0.01,2
6350,-3941.42380010141,-3937.51177709598,-4139.64476826914,62.3964452721903,5.09901951359278,5.19615242270663,FALSE,FALSE,0.01,2
6354,-3989.966947258,-3986.05492432179,-4136.88554851095,46.6617503856634,4.89897948556636,5,FALSE,FALSE,0.01,2
6362,-4061.31355179039,-4057.40179738933,-4160.57112298271,38.6404057601937,6.16441400296898,6.2449979983984,FALSE,FALSE,0.01,2
6366,-4066.6964828979,-4062.78445991255,-4153.41761874025,36.0766915709131,5.47722557505166,5.56776436283002,FALSE,FALSE,0.01,2
6390,-3997.6761514262,-3993.76412842077,-4146.49016899753,51.54475584749,5.47722557505166,5.56776436283002,FALSE,FALSE,0.01,2
6395,-4020.21963492168,-4016.30985509404,-4149.59118065638,51.9563853019907,5.09901951359278,5.19615242270663,FALSE,FALSE,0.01,2
6420,-4042.31048796949,-4038.47215081288,-4150.67791424891,42.7813244621355,6.08276253029822,6.16441400296898,FALSE,FALSE,0.01,2
6454,-3950.01437516666,-3946.10235216123,-4131.57679162603,46.9925765177064,5.91607978309962,6,FALSE,FALSE,0.01,2
6458,-4036.55261222279,-4032.64104160649,-4134.46740577497,38.5794078702565,2.64575131106459,2.82842712474619,FALSE,FALSE,0.01,2
6461,-3863.68239521102,-3859.77037220559,-4125.39497398576,57.6111788290307,3.3166247903554,3.46410161513775,FALSE,FALSE,0.01,2
6465,-3973.23252608023,-3969.3205030748,-4134.28777065825,49.1730486466709,2.82842712474619,3,FALSE,FALSE,0.01,2
6468,-3997.6993169847,-3993.79844679671,-4141.41021996807,46.9682972052962,3,3.16227766016838,FALSE,FALSE,0.01,2
6500,-3942.58526566006,-3938.67324265463,-4134.91441784552,51.9238937563282,4.24264068711928,4.35889894354067,FALSE,FALSE,0.01,2
6525,-3978.27900114852,-3974.36697814309,-4144.19436358947,50.1605181011484,3.46410161513775,3.60555127546399,FALSE,FALSE,0.01,2
6538,-4000.59389531818,-3996.68358927542,-4140.09124367318,53.0728237211136,4.12310562561766,4.24264068711928,FALSE,FALSE,0.01,2
6539,-4013.45331783438,-4009.54129482895,-4141.24624104817,42.1294697253074,4.24264068711928,4.35889894354067,FALSE,FALSE,0.01,2
6558,-4012.38899163724,-4008.476989703,-4136.07930689347,41.6125080053609,4.47213595499958,4.35889894354067,FALSE,FALSE,0.01,2
6565,-4031.9995873522,-4028.08756438211,-4141.07464497934,38.2584325691553,5.29150262212918,5.19615242270663,FALSE,FALSE,0.01,2
6613,-3963.45546417186,-3959.54344116643,-4120.01029923443,47.2217985947155,3.87298334620742,3.74165738677394,FALSE,FALSE,0.01,2
6620,-4012.57718030236,-4008.67634046045,-4134.1925162139,44.9906283353708,4.58257569495584,4.47213595499958,FALSE,FALSE,0.01,2
6644,-3979.15231868715,-3975.24175563081,-4142.88675516554,51.2030793630532,3.74165738677394,3.60555127546399,FALSE,FALSE,0.01,2
6666,-3969.04326560011,-3965.13124259468,-4130.00458975945,45.84915488306,2.64575131106459,2.44948974278318,FALSE,FALSE,0.01,2
6668,-3988.32737459897,-3984.41535159354,-4123.9194542309,42.3758284707349,2.82842712474619,2.64575131106459,FALSE,FALSE,0.01,2
6744,-4012.98821517316,-4009.07619216773,-4119.51572616824,37.8415338937321,4,3.87298334620742,FALSE,FALSE,0.01,2
6746,-3931.56738682511,-3927.65536381968,-4117.37882135063,49.2055463954424,3.3166247903554,3.16227766016838,FALSE,FALSE,0.01,2
6788,-4012.87785530854,-4008.96583230311,-4135.4540637851,35.7440077884077,4.24264068711928,4.12310562561766,FALSE,FALSE,0.01,2
6797,-4006.84305975093,-4002.93103674595,-4149.82296984439,44.7992350370289,5.29150262212918,5.19615242270663,FALSE,FALSE,0.01,2
6798,-4013.48252213872,-4009.57049913329,-4157.18408756965,40.9390504711441,5.19615242270663,5.09901951359278,FALSE,FALSE,0.01,2
6834,-3908.56700566701,-3904.65498266158,-4132.59054313287,52.3390257053382,4.24264068711928,4.12310562561766,FALSE,FALSE,0.01,2
6848,-4001.87123610378,-3997.95921309835,-4149.25444577356,50.4426905728643,5.09901951359278,5,FALSE,FALSE,0.01,2
6883,-4056.11459142392,-4052.20317328189,-4138.44386058183,40.0943845653532,2.64575131106459,2.44948974278318,FALSE,FALSE,0.01,2
6893,-4037.25612742008,-4033.34410441485,-4160.60587581785,46.2740616356077,5.91607978309962,5.8309518948453,FALSE,FALSE,0.01,2
6896,-4044.9355896673,-4041.07075080093,-4148.13863364645,53.5076099755976,6.48074069840786,6.40312423743285,FALSE,FALSE,0.01,2
6897,-3997.20175723785,-3993.28973423242,-4168.14281201927,46.5233883621094,6.557438524302,6.48074069840786,FALSE,FALSE,0.01,2
6922,-4042.31965467957,-4038.40763171034,-4148.87882964465,50.2580445504485,6.40312423743285,6.32455532033676,FALSE,FALSE,0.01,2
6923,-4000.23578647587,-3996.32376347044,-4155.77375288476,51.220179913122,6.557438524302,6.48074069840786,FALSE,FALSE,0.01,2
6927,-4025.016575962,-4021.10462675705,-4148.7048262844,54.6673129128987,6.08276253029822,6,FALSE,FALSE,0.01,2
6930,-4017.41353623947,-4013.65545283862,-4151.54069372256,52.8362480283739,6.40312423743285,6.32455532033676,FALSE,FALSE,0.01,2
6932,-4046.01934817816,-4042.4208333936,-4149.69728102063,50.3485192242122,6.92820323027551,6.85565460040104,FALSE,FALSE,0.01,2
6956,-4027.40692721242,-4023.49490491977,-4149.79839481894,49.2442235668016,5.8309518948453,5.74456264653803,FALSE,FALSE,0.01,2
6966,-4032.31035997202,-4028.39833717703,-4148.58016459608,47.6087042760812,5.8309518948453,5.74456264653803,FALSE,FALSE,0.01,2
6971,-3997.62776644769,-3993.71574344226,-4149.57724245724,45.6641854198536,5.65685424949238,5.56776436283002,FALSE,FALSE,0.01,2
7003,-3993.16059689652,-3989.24857389109,-4142.47434639347,45.7473372901634,3.16227766016838,3,FALSE,FALSE,0.01,2
7008,-4052.10834138545,-4048.19678684006,-4143.97728915906,40.9038018364759,3.87298334620742,3.74165738677394,FALSE,FALSE,0.01,2
7013,-4049.34226337827,-4045.43024037284,-4150.4219954204,32.4471519743412,3.87298334620742,3.74165738677394,FALSE,FALSE,0.01,2
7027,-3979.36443618781,-3975.45471504216,-4106.74296366438,52.8281391061537,3.46410161513775,3.3166247903554,FALSE,FALSE,0.01,2
7040,-3996.11879172272,-3992.24131335567,-4133.92127210001,68.0201997611882,3.46410161513775,3.3166247903554,FALSE,FALSE,0.01,2
7046,-3983.36201339058,-3979.44999070479,-4150.93788718949,54.5149265506965,4.58257569495584,4.47213595499958,FALSE,FALSE,0.01,2
7048,-4014.56372640505,-4010.65170339962,-4154.80441417476,46.7371632904666,4.58257569495584,4.47213595499958,FALSE,FALSE,0.01,2
7051,-3997.42349445484,-3993.51147144942,-4153.54533367157,48.452379287972,4.12310562561766,4,FALSE,FALSE,0.01,2
7057,-4007.69836895302,-4003.78634594759,-4150.13174109878,42.5622278308769,4.58257569495584,4.47213595499958,FALSE,FALSE,0.01,2
7066,-4037.02174183691,-4033.24886081553,-4157.37366301278,49.8932321666755,4.35889894354067,4.24264068711928,FALSE,FALSE,0.01,2
7091,-4038.94044318069,-4035.0342578242,-4139.31685268522,51.8380262503669,4.12310562561766,4,FALSE,FALSE,0.01,2
7095,-3921.20712105404,-3917.29509804861,-4143.86104069346,60.6071075211336,4.35889894354067,4.24264068711928,FALSE,FALSE,0.01,2
7103,-3931.5501993984,-3927.6381763931,-4129.92013034616,61.8832362214932,4.35889894354067,4.24264068711928,FALSE,FALSE,0.01,2
7136,-3956.59493435974,-3952.74465713436,-4117.07584209326,52.823235179651,2.82842712474619,2.64575131106459,FALSE,FALSE,0.01,2
7147,-4025.92542441705,-4022.01446812474,-4163.29966048419,52.3319971204379,7,6.92820323027551,FALSE,FALSE,0.01,2
7168,-3950.42064423303,-3946.5086212276,-4129.11575676432,64.6032160260073,7.28010988928052,7.21110255092798,FALSE,FALSE,0.01,2
7185,-4026.4163059981,-4022.50614946968,-4152.60107484476,50.8328137583438,6.08276253029822,6,FALSE,FALSE,0.01,2
7195,-4031.7204398484,-4027.80842416384,-4158.02007360464,46.6607674710616,6.32455532033676,6.2449979983984,FALSE,FALSE,0.01,2
7209,-4060.41109817538,-4056.50129102314,-4156.76945712799,48.0988125648619,6.6332495807108,6.557438524302,FALSE,FALSE,0.01,2
7235,-4009.26442221977,-4005.3523999042,-4149.54980955784,56.0825107951356,6.40312423743285,6.32455532033676,FALSE,FALSE,0.01,2
7240,-3988.62309653719,-3984.71107353176,-4144.59397638166,53.720702664611,6.6332495807108,6.557438524302,FALSE,FALSE,0.01,2
7254,-3987.18882245725,-3983.27679945183,-4128.17750554984,59.5906440585517,6.92820323027551,6.85565460040104,FALSE,FALSE,0.01,2
7263,-3962.60091643428,-3958.68889342885,-4144.65170683211,52.1421142343055,7.28010988928052,7.21110255092798,FALSE,FALSE,0.01,2
7269,-3972.75911426266,-3968.84709125724,-4151.17998921591,54.2322014195538,6.85565460040104,6.78232998312527,FALSE,FALSE,0.01,2
7270,-4017.22265555737,-4013.3106328976,-4137.50376835006,50.5104486735181,7.07106781186548,7,FALSE,FALSE,0.01,2
7333,-4032.95046139985,-4029.03843852519,-4145.25454109557,43.0073019430757,4.24264068711928,4.12310562561766,FALSE,FALSE,0.01,2
7443,-4060.21188994307,-4056.49540565987,-4157.03590041679,39.497008225532,4.69041575982343,4.58257569495584,FALSE,FALSE,0.01,2
7449,-3981.68039245873,-3977.7683694533,-4144.80264912668,49.0276404735994,4.58257569495584,4.47213595499958,FALSE,FALSE,0.01,2
7473,-3954.15118498275,-3950.23916197733,-4149.36963129364,46.3426919310712,4.58257569495584,4.47213595499958,FALSE,FALSE,0.01,2
7483,-4046.80218669003,-4043.18568948986,-4143.88387900845,46.0228915378849,4.12310562561766,4,FALSE,FALSE,0.01,2
7496,-3950.77611733139,-3946.86409432597,-4146.18538829384,56.4578948830851,4.89897948556636,4.79583152331272,FALSE,FALSE,0.01,2
7536,-4051.04407395865,-4047.13205095326,-4156.22915692048,33.8417153423082,4,3.87298334620742,FALSE,FALSE,0.01,2
7537,-3948.87268605527,-3944.96066304984,-4129.36260378123,53.0693787107532,4.24264068711928,4.12310562561766,FALSE,FALSE,0.01,2
7557,-3903.17730513885,-3899.26528213342,-4123.55131870298,50.7577683986942,2.64575131106459,2.44948974278318,FALSE,FALSE,0.01,2
7559,-3953.42577211043,-3949.513749105,-4127.22789534325,42.642090408541,2.64575131106459,2.44948974278318,FALSE,FALSE,0.01,2
7566,-3934.91871162032,-3931.00668861489,-4125.06803646793,50.5049518958844,1,0,FALSE,TRUE,0.01,2
7579,-4035.97367525432,-4032.06165224889,-4168.54612971292,41.2740753748744,5.19615242270663,5.09901951359278,FALSE,FALSE,0.01,2
7594,-4049.1571986409,-4045.25242030503,-4152.90917447356,53.3717190116231,6.32455532033676,6.2449979983984,FALSE,FALSE,0.01,2
7596,-3986.01271882137,-3982.10069581594,-4141.90500138991,55.2392201316678,5,4.89897948556636,FALSE,FALSE,0.01,2
7598,-3996.75866465245,-3992.84664164702,-4160.84283490283,45.8366086922056,5.09901951359278,5,FALSE,FALSE,0.01,2
7614,-4041.03522369497,-4037.63927519398,-4151.87431181824,45.4512315277343,6,5.91607978309962,FALSE,FALSE,0.01,2
7653,-4019.36139214859,-4015.44936914316,-4151.02705301376,51.6244405472344,6.08276253029822,6,FALSE,FALSE,0.01,2
7684,-3977.58958352458,-3973.67756051915,-4147.7900459999,51.1959458284872,5.91607978309962,5.8309518948453,FALSE,FALSE,0.01,2
7688,-4022.79094851049,-4018.88049704763,-4146.66452114257,53.9474198632578,6.557438524302,6.48074069840786,FALSE,FALSE,0.01,2
7757,-4002.05438422306,-3998.14236121896,-4145.1209269614,42.5633700857546,5.8309518948453,5.74456264653803,FALSE,FALSE,0.01,2
7773,-3991.13940413426,-3987.22738112883,-4145.67759515265,45.3579844934238,5,4.89897948556636,FALSE,FALSE,0.01,2
7793,-4008.65729868977,-4004.74527568435,-4144.05240975574,46.4889065048887,5.19615242270663,5.09901951359278,FALSE,FALSE,0.01,2
7805,-3944.02658435968,-3940.11456135425,-4136.23747911819,51.5295649007214,6.16441400296898,6.08276253029822,FALSE,FALSE,0.01,2
7808,-3989.69317255425,-3985.78114954882,-4140.69341950025,47.5809941851456,5.3851648071345,5.29150262212918,FALSE,FALSE,0.01,2
7817,-4017.1819620356,-4013.52539786896,-4135.20093889126,42.4117314577361,5.91607978309962,5.8309518948453,FALSE,FALSE,0.01,2
7819,-3991.74124359754,-3987.82922059211,-4149.79598843592,39.8936574969273,5.19615242270663,5.09901951359278,FALSE,FALSE,0.01,2
7831,-4023.68031058425,-4019.76850886955,-4131.84077107213,39.663558298845,6.08276253029822,6,FALSE,FALSE,0.01,2
7846,-3949.29499547982,-3945.38297247439,-4128.78835493735,50.4569282092007,3.46410161513775,3.3166247903554,FALSE,FALSE,0.01,2
7930,-3941.56769217532,-3937.65566916991,-4130.68488826607,58.3373283382909,4.35889894354067,4.24264068711928,FALSE,FALSE,0.01,2
7933,-3982.0960469721,-3978.18402396667,-4131.12810201414,41.3003400125776,4.69041575982343,4.58257569495584,FALSE,FALSE,0.01,2
