"iteration","phase","elbo","elbo_ma20","log_Z","log_beta_before","log_beta_after","beta_before","beta_after","g_grad","g_step","M_grad_frob","M_grad_mean_abs","M_grad_max_abs","M_step_frob","M_step_mean_abs","M_step_max_abs","M_lower_mean_before","M_lower_mean_after","M_lower_min_after","M_lower_max_after","M_l2_true_before","M_l2_true_after","M_l2_init_after","sample_unique_fmats","sample_mean_d2_to_M_before","sample_sd_d2_to_M_before","exact_prior_prob_sum","exact_prior_ess","elapsed_seconds"
1,"joint",-42669.2638449569,-42669.2638449569,8.77825043946492,-4.60517018598809,-4.59521837135846,0.01,0.0101000149861534,1.01497063295042,0.00995181462963281,1.48442910697002,0.0749507113575772,0.633839184509338,0.0412573498764581,0.00252066558774675,0.00987782133316288,3.04444444444444,3.04392588346805,-0.00946440201101396,10,1.73205080756888,1.73858609115483,0.041257349876458,1776,19.6215,8.87060209573006,1.00000000000003,7871.90165693485,92.2925918102264
2,"joint",-42691.2406993056,-42680.2522721313,8.77520654638437,-4.59521837135846,-4.5859667546767,0.0101000149861534,0.0101938900316722,2.48584002913263,0.00925161668175547,1.65655937471685,0.0822965967722084,0.833078132764462,0.0345053305728607,0.00206754127784809,0.00972015403674814,3.04392588346805,3.04042696055974,-0.0179419529360357,10,1.73858609115483,1.73088988940227,0.0592200575144584,1766,19.7175223124327,9.01503123586078,1,7870.13591592372,187.877497911453
3,"joint",-42661.7827574617,-42674.0957672414,8.77213875807059,-4.5859667546767,-4.58397982937528,0.0101938900316722,0.010214164665117,0.544732881923366,0.001986925301422,1.35698254063805,0.0706870349167971,0.549355095090376,0.0265472818881639,0.00157256387818541,0.00859186484759386,3.04042696055974,3.03827759850232,-0.0226178741160649,10,1.73088988940227,1.73202754778151,0.0777117210068257,1763,19.5954441578968,8.88634292129406,1,7867.94514763753,284.476305961609
4,"joint",-42614.3999128903,-42659.1718036536,8.7713268107754,-4.58397982937528,-4.57732016376941,0.010214164665117,0.010282414594838,2.44752063377989,0.00665966560586994,1.93420873940121,0.0978014433620331,0.940917140319221,0.0297390664432295,0.00181369699075644,0.00798637825170433,3.03827759850232,3.03818937757797,-0.0241483344741163,10,1.73202754778151,1.73732448459088,0.0987850745789598,1756,19.4818805477557,9.3205756456908,0.999999999999999,7867.19749276259,381.71318602562
5,"joint",-42652.1957581353,-42657.77659455,8.76940899236151,-4.57732016376941,-4.56989765432651,0.010282414594838,0.0103590198642268,4.07071597822072,0.00742250944290339,2.21422694899209,0.114731345601429,1.03353428593336,0.0274114099329668,0.00168252472385527,0.00915164101886185,3.03818937757797,3.03516083307503,-0.0299775305864992,10,1.73732448459088,1.7299006486865,0.118524851382963,1748,20.2132000906497,9.53757889935567,0.999999999999999,7865.98142886594,477.380350828171
6,"joint",-42624.3693297715,-42652.2087170869,8.76705377782493,-4.56989765432651,-4.56355724649446,0.0103590198642268,0.0104249089359671,4.49665373802948,0.006340407832052,2.97459533436568,0.172541822632061,1.08960928745618,0.0339174588571831,0.00206190034863607,0.00908348168567743,3.03516083307503,3.03169835606265,-0.0364613746423553,10,1.7299006486865,1.72744166102162,0.140113413621074,1763,20.186880101777,9.31034542232227,1,7864.07385585789,572.808212995529
7,"joint",-42673.798248723,-42655.2929358921,8.76484943728304,-4.56355724649446,-4.55778678786052,0.0104249089359671,0.0104852393413913,5.01087748431721,0.00577045863393193,2.18867703270437,0.105333645757357,1.05856566623307,0.0184719340213861,0.00104752282693436,0.00624756395371247,3.03169835606265,3.03053724178545,-0.0419407531657509,10,1.72744166102162,1.72609470631924,0.154298868853343,1766,20.2584309372219,9.43362543761322,0.999999999999997,7862.2026317761,667.433674812317
8,"joint",-42647.1755032718,-42654.2782568145,8.76287670561516,-4.55778678786052,-4.55502177630368,0.0104852393413913,0.0105142712676559,2.49845122845462,0.00276501155684455,1.39859667112814,0.0693950024227284,0.682448366845683,0.0127854730896099,0.000700598887813522,0.00577794576781213,3.03053724178545,3.0297866683326,-0.0434123488461838,10,1.72609470631924,1.73165676054516,0.163486418493229,1749,20.3406072608909,9.55291945797001,1.00000000000001,7860.82340444794,761.326180934906
9,"joint",-42629.5332418147,-42651.5288107034,8.76188112672314,-4.55502177630368,-4.55049850411085,0.0105142712676559,0.0105619379018177,4.5828308817124,0.00452327219283146,2.4922170782035,0.116370653584856,1.20514997864374,0.0173057108208874,0.000995182599638303,0.00545001724601764,3.0297866683326,3.02809104790799,-0.0485614585025903,10,1.73165676054516,1.73138155227622,0.177743586585587,1753,19.9546104338194,9.13650979420845,1,7860.17468455175,855.08633685112
10,"joint",-42676.4627513614,-42654.0222047692,8.76024736798352,-4.55049850411085,-4.54698419881642,0.0105619379018177,0.0105991210743468,3.80316774755173,0.00351430529443046,2.11036989522372,0.130430118418398,0.70378442764275,0.0222281956873761,0.00137839104188195,0.00675246233355793,3.02809104790799,3.0256099440326,-0.050875439772347,10,1.73138155227622,1.7231932993931,0.191972585935421,1747,20.5447384539507,9.48700462433822,0.999999999999997,7858.89942238705,948.670065879822
11,"joint",-42641.6060475981,-42652.8934632082,8.75909747310843,-4.54698419881642,-4.5424196820884,0.0105991210743468,0.0106476115233349,5.55179826119615,0.00456451672801612,2.79772558794734,0.127228674904742,1.28000183863785,0.016437718069188,0.000904991521166225,0.00529949704052833,3.0256099440326,3.02455312505451,-0.054706265600557,10,1.7231932993931,1.72207716099008,0.20500990408275,1764,20.47163084894,9.35994672743462,0.999999999999999,7857.78047437644,1042.80145001411
12,"joint",-42666.8470763434,-42654.0562643028,8.75749848223094,-4.5424196820884,-4.54088588091266,0.0106476115233349,0.0106639553733122,1.88789344193325,0.00153380117573742,1.9374684730026,0.092133089252309,0.819268128744335,0.0117613240912754,0.000677262427599025,0.00362085671711377,3.02455312505451,3.0240631673021,-0.057252004540292,10,1.72207716099008,1.72004291124559,0.211381393674591,1767,19.9488232449122,9.80259349150987,1,7856.52542254095,1136.32409596443
13,"joint",-42704.1758251326,-42657.9116151359,8.75701349870868,-4.54088588091266,-4.53977979585851,0.0106639553733122,0.0106757571406448,1.36984034169026,0.00110608505415512,1.48376441691514,0.0835155386139199,0.510390574894501,0.0122775859133867,0.000727044002649191,0.00407086717270624,3.0240631673021,3.0229182655714,-0.0593462647199391,10,1.72004291124559,1.71793813289735,0.219698700507697,1767,20.2015885846598,9.18837543681477,1,7855.97167969696,1229.4661397934
14,"joint",-42672.1820157253,-42658.9309294637,8.7565835460142,-4.53977979585851,-4.53712837299578,0.0106757571406448,0.0107041006459087,3.40556450116578,0.00265142286272421,2.26819424514619,0.111287747137798,1.13263851312011,0.013732841509763,0.000797604440842635,0.00447604502588259,3.0229182655714,3.0218257439615,-0.062026310988316,10,1.71793813289735,1.71798183053984,0.230181993398399,1770,20.4263231087957,9.53651246194011,0.999999999999997,7855.48319996588,1322.65875196457
15,"joint",-42651.6634274383,-42658.4464293287,8.7556827388748,-4.53712837299578,-4.53418605187268,0.0107041006459087,0.0107356419268766,3.9542411408699,0.00294232112310691,2.90635032841981,0.132207028271566,1.48493560416003,0.0159020047381689,0.000894211487493607,0.00692835787391776,3.0218257439615,3.02075069244854,-0.0632847688774888,10,1.71798183053984,1.71891067907786,0.242437987856921,1742,20.2556062863801,9.33624353513624,1,7854.67734597599,1416.1280169487
16,"joint",-42680.0645133743,-42659.7975595815,8.75458507731513,-4.53418605187268,-4.53267150935759,0.0107356419268766,0.0107519138321373,2.05917650799441,0.00151454251508777,2.11288967690279,0.118524964324046,0.836694700453892,0.0144852446029292,0.00088311479082879,0.00425985563248171,3.02075069244854,3.01916108582505,-0.0647434059810021,10,1.71891067907786,1.713709246892,0.252638475032029,1768,20.3858021554102,9.33146804888259,1.00000000000001,7853.77244540984,1509.39885497093
17,"joint",-42622.1055758973,-42657.5803840707,8.75401291629064,-4.53267150935759,-4.53095413271885,0.0107519138321373,0.0107703947826084,2.37016458949282,0.00171737663874212,2.48003512503651,0.118678156567957,1.08243341429692,0.0123032655602495,0.000733863741728698,0.00388499041373813,3.01916108582505,3.01798156089783,-0.066639776504481,10,1.713709246892,1.71421768177107,0.263737077896168,1736,20.1617988156765,9.31365416290888,0.999999999999996,7853.07197285758,1602.50295495987
