"replicate","replicate_seed","seq_len","rate","random_label_R","init_l2_to_true","true_labeled_ll","upgma_labeled_ll","labeled_upgma_minus_true","labeled_true_beats_upgma","true_random_logmeanexp","upgma_random_logmeanexp","unlabeled_logmeanexp_upgma_minus_true","unlabeled_logmeanexp_true_beats_upgma","true_random_max","upgma_random_max","unlabeled_max_upgma_minus_true","unlabeled_max_true_beats_upgma","true_random_meanlog","upgma_random_meanlog","true_random_sd","upgma_random_sd","true_labeled_minus_true_random_logmeanexp","upgma_labeled_minus_upgma_random_logmeanexp","mean_pairwise_hamming","median_pairwise_hamming","max_pairwise_hamming","mean_pairwise_subs","median_pairwise_subs","max_pairwise_subs","tree_height_subs"
1,42,10000,0.01,500,1.73205080756888,-38965.5785527316,-38964.9066839975,0.671868734098098,FALSE,-42330.4088923392,-40904.7793249872,1425.62956735199,FALSE,-42324.1942842408,-40898.564716889,1425.62956735174,FALSE,-46249.4288818378,-46283.1263786331,1138.1673688221,1256.70346813896,3364.83033960759,1939.87264098969,0.115871111111111,0.1304,0.1416,0.1243515444291,0.147483106584278,0.147483106584279,0.0737415532921394
2,43,10000,0.01,500,1.73205080756888,-38348.7945835298,-38380.8925932421,-32.0980097123538,TRUE,-39480.0185327845,-39539.9400673105,-59.9215345260673,TRUE,-39473.8039246861,-39533.7254592121,-59.92153452606,TRUE,-41285.8726681125,-41286.6933613145,378.457455913359,375.936340068787,1131.22394925469,1159.04747406841,0.10224,0.103,0.1325,0.111517711132348,0.111817464754358,0.140314081016444,0.070157040508222
3,44,10000,0.01,500,2,-39826.2566354563,-39826.3326449726,-0.0760095163059304,TRUE,-42228.2397515153,-42376.3758752284,-148.136123713026,TRUE,-42222.0251434169,-42370.16126713,-148.136123713026,TRUE,-45176.3859135788,-45241.9478387047,852.897278132516,766.195484383436,2401.98311605903,2550.04323025575,0.115064444444444,0.125,0.1336,0.12801160451792,0.144546594273245,0.144546594273245,0.0722732971366223
4,45,10000,0.01,500,1,-41169.2786243525,-41175.1231767642,-5.8445524116687,TRUE,-42384.1160291982,-43285.8388641355,-901.722834937333,TRUE,-42377.9014210998,-43279.6242560371,-901.722834937333,TRUE,-46245.0559832083,-46277.3429322768,752.987297927228,674.83334092554,1214.83740484566,2110.71568737132,0.121033333333333,0.1252,0.1406,0.134086449380872,0.13857826994721,0.152009119038723,0.0760045595193616
5,46,10000,0.01,500,3.16227766016838,-40027.1153661342,-40052.9562027739,-25.8408366397125,TRUE,-40515.568839291,-40428.2116894507,87.3571498403471,FALSE,-40509.3568975721,-40421.9970813573,87.3598162147246,FALSE,-41572.8838872068,-41562.5707178426,181.675825613164,189.532103820786,488.453473156864,375.255486676804,0.107024444444444,0.1174,0.1273,0.11477895892401,0.130799518583273,0.133884781840347,0.0669423909201736
6,47,10000,0.01,500,0,-38591.4667346846,-38591.4667346919,-7.34144123271108e-09,TRUE,-39004.1230933951,-39894.3615173712,-890.238423976101,TRUE,-38997.9084852967,-39888.1469092728,-890.238423976101,TRUE,-43470.5036676616,-43459.3900762188,683.77021440845,700.201029656205,412.656358710548,1302.89478267931,0.108455555555556,0.1105,0.1321,0.117734803466842,0.118395092895026,0.140638154281556,0.070319077140778
7,48,10000,0.01,500,2,-41735.3149284044,-41746.9755635385,-11.6606351340597,TRUE,-42490.9653638743,-42497.1247852847,-6.15942141040432,TRUE,-42484.7507557759,-42490.9101771863,-6.15942141040432,TRUE,-46277.4979902603,-46384.6845204525,770.453379484854,592.958827477018,755.650435469855,750.1492217462,0.122602222222222,0.1263,0.1378,0.132835194518544,0.142383785711527,0.142383785711527,0.0711918928557636
8,49,10000,0.01,500,1.73205080756888,-40281.9539664179,-40281.4574423345,0.496524083348049,FALSE,-41529.4041350066,-41391.5367528108,137.867382195822,FALSE,-41523.1895269082,-41385.3221447124,137.867382195822,FALSE,-42574.9985101643,-42572.8715287436,286.951468304214,277.5923390829,1247.45016858875,1110.07931047628,0.109948888888889,0.1066,0.1346,0.122495770305696,0.120229044693428,0.145295486321196,0.0726477431605981
9,50,10000,0.01,500,1,-41067.5100030704,-41067.9991982972,-0.489195226728043,TRUE,-43110.9173839174,-43138.3447141629,-27.4273302454239,TRUE,-43104.702775819,-43132.1301060644,-27.4273302454239,TRUE,-46145.8525636129,-46217.2493249631,808.637421388909,773.919573764731,2043.407380847,2070.34551586569,0.120435555555556,0.1301,0.1394,0.133490298453701,0.146500606989113,0.149906274433951,0.0749531372169754
10,51,10000,0.01,500,2,-41790.8909767188,-41794.8338794105,-3.94290269176417,TRUE,-44312.7161549619,-43542.2243924847,770.491762477235,FALSE,-44306.5015468635,-43536.0097843862,770.491762477235,FALSE,-48762.6072506014,-48809.1218581967,1147.94062932941,1094.52515917854,2521.82517824315,1747.39051307415,0.129315555555556,0.1463,0.154,0.141578689879015,0.167599833352888,0.167599833352889,0.0837999166764443
11,52,10000,0.01,500,2.23606797749979,-41162.1556619041,-41163.1097003603,-0.954038456220587,TRUE,-42383.2705676259,-41581.1670292311,802.103538394753,FALSE,-42377.0559595275,-41574.9524211327,802.103538394753,FALSE,-43733.6267432522,-43723.3129870542,316.692210641643,361.635740695598,1221.11490572178,418.057328870811,0.114757777777778,0.1189,0.1324,0.123685737241226,0.135464410287194,0.145431287183944,0.0727156435919718
12,53,10000,0.01,500,0,-40818.2233770713,-40818.2233770727,-1.47701939567924e-09,TRUE,-42057.2963888895,-43673.0727615624,-1615.77637267287,TRUE,-42051.0817807911,-43666.858153464,-1615.77637267287,TRUE,-46816.7610172762,-46808.8002205508,920.564119516839,868.996665195568,1239.07301181828,2854.84938448967,0.121317777777778,0.1323,0.1388,0.13463367006683,0.15121260497733,0.15121260497733,0.075606302488665
13,54,10000,0.01,500,0,-38483.9280871321,-38488.5418882656,-4.61380113357154,TRUE,-40156.7397394646,-40173.7579905957,-17.0182511311359,TRUE,-40150.5251313661,-40167.5433824973,-17.0182511311359,TRUE,-43790.95325265,-43732.1966126615,732.019901201465,781.138386617102,1672.8116523325,1685.21610233007,0.108564444444444,0.1255,0.1342,0.117989685085953,0.142731720488679,0.14326297930426,0.0716314896521302
14,55,10000,0.01,500,1,-39839.753149564,-39838.7343676074,1.01878195659083,FALSE,-41544.8320157478,-41573.7876189805,-28.9556032327746,TRUE,-41538.6174076493,-41567.5730143357,-28.9556066863515,TRUE,-45447.6723522311,-45401.7720444703,810.057810018057,849.587586453925,1705.07886618377,1735.05325137314,0.115075555555556,0.1245,0.1316,0.126383300884453,0.142059803381811,0.142059803381811,0.0710299016909055
15,56,10000,0.01,500,0,-41020.4495926666,-41020.449592667,-4.29281499236822e-10,TRUE,-42632.9675954737,-42130.9929193017,501.974676172009,FALSE,-42626.7529873753,-42124.7783112033,501.974676172009,FALSE,-44318.6670647861,-44330.0453105926,416.459161430245,419.515674489982,1612.51800280711,1110.54332663467,0.11596,0.1208,0.1303,0.124388390582706,0.130859908619451,0.138394662207162,0.0691973311035811
16,57,10000,0.01,500,0,-39937.916064405,-39937.9160644042,7.49423634260893e-10,FALSE,-40547.9833126189,-40557.1368722162,-9.15355959723092,TRUE,-40541.7687045205,-40550.9222641177,-9.15355959723092,TRUE,-43700.0408228645,-43716.8191149589,536.01861252985,527.97955008837,610.067248213949,619.220807811929,0.112153333333333,0.1224,0.136,0.120178335517483,0.132642587087321,0.14208159624283,0.0710407981214148
17,58,10000,0.01,500,0,-40983.2590762264,-40987.2871772709,-4.02810104448872,TRUE,-42570.7421974809,-43019.6264819873,-448.88428450645,TRUE,-42564.5275893825,-43013.4118738889,-448.88428450645,TRUE,-45666.803168409,-45753.176554772,672.150751537685,619.616719865778,1587.48312125453,2032.33930471649,0.119826666666667,0.1252,0.1418,0.13339430264492,0.133170382802668,0.152422908216197,0.0762114541080987
18,59,10000,0.01,500,1,-40790.6122430098,-40791.4851185798,-0.872875569984899,TRUE,-41894.0141263726,-41457.6618470984,436.352279274222,FALSE,-41887.7995182742,-41451.447239,436.352279274222,FALSE,-44629.0988661386,-44552.9738724099,609.411940507434,629.041582803192,1103.40188336277,666.176728518563,0.116284444444444,0.124,0.1407,0.130147010962102,0.141308787965337,0.151908140519459,0.0759540702597297
19,60,10000,0.01,500,0,-41123.4377289284,-41123.4377289332,-4.88216755911708e-09,TRUE,-41898.849087991,-43688.1622591435,-1789.31317115253,TRUE,-41892.6344798926,-43681.9476510451,-1789.31317115253,TRUE,-48533.8108802207,-48613.8473637609,1299.98194175115,1196.38835972082,775.411359062658,2564.7245302103,0.127206666666667,0.1445,0.15,0.141081367968956,0.165108524919349,0.165108524919349,0.0825542624596747
20,61,10000,0.01,500,1.4142135623731,-41877.8930143367,-41877.9119330246,-0.0189186878633336,TRUE,-43364.3246851579,-43593.5875002255,-229.262815067537,TRUE,-43358.1100770595,-43587.372892127,-229.262815067537,TRUE,-45735.8124023921,-45742.5178249972,518.107882398146,522.38888226604,1486.43167082122,1715.6755672009,0.120864444444444,0.1271,0.1401,0.132619811095817,0.14087563269381,0.152233342584238,0.0761166712921191
21,62,10000,0.01,500,0,-39724.5014517054,-39724.9269392698,-0.425487564338255,TRUE,-41258.9120730083,-41064.6020803308,194.309992677503,FALSE,-41252.6974649099,-41058.3874722324,194.309992677503,FALSE,-43727.2185253705,-43777.7880859165,541.96162748954,515.091854521612,1534.4106213029,1339.67514106106,0.111484444444444,0.1147,0.1341,0.122021488219418,0.129722122668002,0.13854452779802,0.0692722638990098
22,63,10000,0.01,500,0,-41212.7441698071,-41212.7441698001,7.04312697052956e-09,FALSE,-43355.2773932807,-44081.3889783508,-726.111585070154,TRUE,-43349.0627851823,-44075.1743702524,-726.111585070154,TRUE,-49996.8399617001,-50031.0362030368,1304.82370936407,1270.12231816609,2142.53322347357,2868.64480855077,0.127942222222222,0.1389,0.1427,0.141162117377133,0.156089879917353,0.156089879917353,0.0780449399586765
23,64,10000,0.01,500,4.47213595499958,-41234.4479670623,-41277.4053585331,-42.957391470838,TRUE,-41546.3397492225,-41682.0916845368,-135.751935314336,TRUE,-41540.125141124,-41675.8770764384,-135.751935314336,TRUE,-43476.5918634488,-43480.0883284134,278.488226551324,311.359848899739,311.891782160215,404.686326003713,0.115037777777778,0.1131,0.1418,0.12841392901523,0.129408790502124,0.158813469176253,0.0794067345881267
24,65,10000,0.01,500,4.69041575982343,-41697.2410433617,-41763.7885557932,-66.5475124314034,TRUE,-42132.572660898,-42186.8752139045,-54.3025530065497,TRUE,-42126.3580527996,-42180.6606058061,-54.3025530065497,TRUE,-44438.5171325239,-44441.2116895047,340.030463026082,340.140409049075,435.331617536227,423.086658111373,0.118344444444444,0.1155,0.1358,0.129612163279343,0.123317447549769,0.146997177552567,0.0734985887762835
25,66,10000,0.01,500,1.4142135623731,-40386.2020744411,-40385.7076652823,0.494409158767667,FALSE,-43324.7273853352,-42824.0909419289,500.636443406322,FALSE,-43318.5127772368,-42817.8763338305,500.636443406322,FALSE,-47300.8923843191,-47339.4079971021,1097.62957084695,1073.57509607424,2938.52531089413,2438.38327664658,0.121426666666667,0.1318,0.1413,0.131659500283943,0.150551356823671,0.150551356823671,0.0752756784118357
26,67,10000,0.01,500,1.73205080756888,-37967.6978208137,-37975.0100448541,-7.31222404030996,TRUE,-41381.1722759425,-41715.1732165248,-334.000940582329,TRUE,-41374.9576678441,-41708.958619601,-334.000951756956,TRUE,-46008.1806921109,-45856.0156597021,1133.15924895469,1234.09203020488,3413.47445512874,3740.16317167076,0.11262,0.1253,0.1344,0.124073983746545,0.142657128818631,0.142657128818631,0.0713285644093155
27,68,10000,0.01,500,2,-39151.2229737127,-39162.6450930254,-11.4221193127742,TRUE,-40875.709954153,-41768.9234400522,-893.213485899156,TRUE,-40869.4953460546,-41762.7088319537,-893.213485899156,TRUE,-44833.7027601073,-44902.3261453452,911.432743135717,824.010053588946,1724.48698044036,2606.27834702674,0.112742222222222,0.122,0.129,0.124210306439444,0.137561605567959,0.137561605567959,0.0687808027839796
28,69,10000,0.01,500,1.4142135623731,-39078.4556182403,-39082.3104647733,-3.85484653305321,TRUE,-42982.0830164559,-42839.2326210234,142.850395432564,FALSE,-42975.8684083575,-42833.018012925,142.850395432564,FALSE,-47670.6191929164,-47556.2501503271,1295.31969799222,1435.03842426044,3903.62739821565,3756.92215625003,0.118462222222222,0.133,0.1418,0.131474526941721,0.149943965024427,0.152515292006011,0.0762576460030057
29,70,10000,0.01,500,1.4142135623731,-41942.6830131257,-41947.1512082214,-4.46819509576744,TRUE,-42836.3640004869,-42892.1783414962,-55.8143410093326,TRUE,-42830.1493923885,-42885.9637333978,-55.8143410093326,TRUE,-47381.9020613754,-47495.3832266682,1019.36679765388,958.358685180833,893.6809873612,945.027133274765,0.125811111111111,0.1415,0.1497,0.139923712337515,0.162490489508077,0.162490489508077,0.0812452447540387
30,71,10000,0.01,500,3.60555127546399,-40885.0568633039,-40889.0778299488,-4.02096664495184,TRUE,-41960.3609271957,-42239.5216235719,-279.160696376231,TRUE,-41954.1463190972,-42233.3070154735,-279.160696376231,TRUE,-44830.7688862802,-44837.0159977622,583.308697680753,619.488981464271,1075.30406389182,1350.4437936231,0.116257777777778,0.1233,0.1346,0.12530130468992,0.131722365706982,0.145015946116191,0.0725079730580956
31,72,10000,0.01,500,0,-36913.4897158774,-36913.4897158768,5.60248736292124e-10,FALSE,-38221.4557389435,-38121.1017683238,100.353970619675,FALSE,-38215.2411308451,-38114.8871602254,100.353970619675,FALSE,-39392.8439021065,-39352.8019447655,307.262593184705,319.278281187553,1307.96602306612,1207.61205244701,0.0942755555555556,0.0891,0.1203,0.107477560514526,0.100359820776032,0.136672854094257,0.0683364270471285
32,73,10000,0.01,500,1.4142135623731,-38403.7880292275,-38404.7968878739,-1.0088586463462,TRUE,-39722.7072202417,-39294.8739606776,427.83325956414,FALSE,-39716.4926121433,-39288.6593525791,427.83325956414,FALSE,-41944.9648180632,-41905.1063818516,485.559843503949,537.242057959027,1318.91919101418,890.077072803695,0.104357777777778,0.1088,0.1261,0.113842575150245,0.11888981235579,0.136264513331615,0.0681322566658073
33,74,10000,0.01,500,0,-38036.7896561899,-38036.7896561833,6.57746568322182e-09,FALSE,-40226.9973115164,-39317.7971027412,909.200208775175,FALSE,-40220.782703418,-39311.5824946428,909.200208775175,FALSE,-44912.6596893817,-44941.1442186321,1142.47984919278,1208.93024503502,2190.20765532654,1281.00744655794,0.110884444444444,0.1298,0.1389,0.124362431601396,0.153727127965262,0.153727127965262,0.0768635639826312
34,75,10000,0.01,500,3.16227766016838,-39597.6297690227,-39618.39742741,-20.7676583873108,TRUE,-39857.5081745208,-39837.0455357984,20.4626387223761,FALSE,-39851.2935664223,-39830.8309277,20.4626387223761,FALSE,-40860.2235966329,-40851.1772860283,176.605741651077,167.296443778215,259.878405498042,218.648108388355,0.104484444444444,0.1052,0.1238,0.113322875055676,0.115140786346596,0.128786674073538,0.064393337036769
35,76,10000,0.01,500,4.58257569495584,-38264.3905103945,-38269.7086077234,-5.31809732894908,TRUE,-40110.4854436589,-39882.7781577826,227.707285876306,FALSE,-40104.2708355605,-39876.5635496842,227.707285876306,FALSE,-42458.4293879693,-42431.6118060331,648.80740692259,602.7897781334,1846.0949332644,1613.06955005915,0.104537777777778,0.1113,0.1209,0.112448285408935,0.120993302257327,0.125752580533775,0.0628762902668877
36,77,10000,0.01,500,0,-40272.2085250039,-40272.2085249884,1.54905137605965e-08,FALSE,-41424.7393892091,-41480.0428943365,-55.3035051273619,TRUE,-41418.5247811107,-41473.828286238,-55.3035051273619,TRUE,-44879.5388891477,-44921.2463473284,715.742036506848,628.036205691467,1152.53086420515,1207.83436934801,0.115697777777778,0.1337,0.1441,0.13060925700137,0.154135427537583,0.161225201094257,0.0806126005471285
37,78,10000,0.01,500,0,-39133.9003059076,-39133.9003059081,-4.94765117764473e-10,TRUE,-41303.9160997711,-40904.9468926361,398.969207134971,FALSE,-41297.7014916727,-40898.7322845377,398.969207134971,FALSE,-43119.4418729943,-43123.8199777641,559.387418964749,566.812647221652,2170.01579386349,1771.04658672803,0.108262222222222,0.12,0.1269,0.121517426465756,0.139243148699503,0.143514577221265,0.0717572886106325
38,79,10000,0.01,500,2.82842712474619,-39752.1485398379,-39762.1245184358,-9.97597859786038,TRUE,-40522.8764178774,-41666.784687822,-1143.90826994458,TRUE,-40516.661809779,-41660.5700797236,-1143.90826994458,TRUE,-46025.6150409914,-46001.6604282521,914.668447139626,950.733113177725,770.727878039506,1904.66016938622,0.1177,0.1244,0.1445,0.132196225707146,0.139507997538948,0.161772779314362,0.080886389657181
39,80,10000,0.01,500,3.3166247903554,-42131.7701448003,-42223.1442272819,-91.3740824816196,TRUE,-42825.782123724,-43087.1719467178,-261.38982299385,TRUE,-42819.5675156255,-43080.9573386194,-261.38982299385,TRUE,-44828.1262588646,-44800.0130374152,365.922726327325,392.690387214332,694.011978923656,864.027719435886,0.119982222222222,0.1239,0.1362,0.130063248438054,0.142892958347049,0.143017774130333,0.0715088870651665
40,81,10000,0.01,500,1,-38361.1076801,-38360.1558017867,0.951878313288034,FALSE,-39786.4273179744,-40004.1690659584,-217.74174798403,TRUE,-39780.2127098759,-39997.95445786,-217.74174798403,TRUE,-41728.4442261364,-41709.1309406518,428.263960697183,427.780158997584,1425.31963787435,1644.01326417167,0.103406666666667,0.11,0.1166,0.114727581877305,0.124940797300773,0.124940797300774,0.0624703986503868
41,82,10000,0.01,500,0,-42927.7731750545,-42927.7731750545,-7.27595761418343e-12,TRUE,-43821.0694933274,-44273.9254064499,-452.855913122417,TRUE,-43814.854885229,-44267.7107983514,-452.855913122417,TRUE,-46863.0768978174,-46942.230328088,688.000151139138,608.696619010369,893.296318272922,1346.15223139533,0.126962222222222,0.1351,0.1441,0.14132847643768,0.154504805255435,0.154504805255435,0.0772524026277176
42,83,10000,0.01,500,2.64575131106459,-43110.8577549537,-43139.9043797779,-29.0466248242083,TRUE,-44021.7355188798,-44397.2140771262,-375.478558246425,TRUE,-44015.5209107813,-44390.9994690278,-375.478558246425,TRUE,-45534.7871576537,-45530.8719007448,335.753210772628,332.82594268754,910.87776392603,1257.30969734825,0.124208888888889,0.1286,0.1382,0.135837215302217,0.143341740994309,0.143341740994309,0.0716708704971547
43,84,10000,0.01,500,2,-39735.9107255947,-39750.425294279,-14.5145686843534,TRUE,-41324.0851391394,-41411.1587827285,-87.073643589174,TRUE,-41317.8705310409,-41404.9441746301,-87.073643589174,TRUE,-44097.2782011564,-44063.1139658933,678.585961287085,647.353180732654,1588.17441354468,1660.7334884495,0.112206666666667,0.1219,0.1334,0.123009943780815,0.134385965370184,0.14337430485139,0.0716871524256952
44,85,10000,0.01,500,2,-42133.1802223875,-42132.8472307365,0.332991650982876,FALSE,-43166.5889782724,-43911.5790943759,-744.990116103509,TRUE,-43160.3743701739,-43905.3644862774,-744.990116103509,TRUE,-47521.5885932328,-47551.1919149255,867.981350474402,873.744338127316,1033.40875588488,1778.73186363937,0.126531111111111,0.1347,0.1398,0.138998888609912,0.149078667370057,0.149707769869515,0.0748538849347574
45,86,10000,0.01,500,2.44948974278318,-39396.1971332123,-39401.7852506038,-5.58811739151861,TRUE,-40062.1312611073,-40228.780083536,-166.64882242876,TRUE,-40055.9166530089,-40222.5654754376,-166.64882242876,TRUE,-43890.1171228879,-43943.4333311198,722.277563886133,766.165849442251,665.934127895016,826.994832932258,0.110957777777778,0.121,0.1279,0.121443178810818,0.132043026702424,0.141257820252367,0.0706289101261836
46,87,10000,0.01,500,0,-41924.2354735054,-41924.2354735024,2.92493496090174e-09,FALSE,-42643.3310638958,-42877.7111592063,-234.380095310502,TRUE,-42637.1164557974,-42871.4970647683,-234.380608970918,TRUE,-44963.4519334171,-44948.3571969587,504.950291489594,479.68806506091,719.095590390447,953.475685703874,0.11942,0.128,0.1341,0.134351633362046,0.147804318999349,0.147804318999349,0.0739021594996748
47,88,10000,0.01,500,2,-42636.2854462497,-42639.238678185,-2.95323193536751,TRUE,-44342.557713938,-43983.164034208,359.393679729954,FALSE,-44336.3431058396,-43976.9494261096,359.393679729954,FALSE,-47184.6508101538,-47254.4849957401,778.947848757137,751.75860281765,1706.27226768831,1343.92535602298,0.126926666666667,0.1393,0.1454,0.138738437144275,0.156066440076651,0.156066440076651,0.0780332200383254
48,89,10000,0.01,500,2.23606797749979,-41414.482646681,-41457.4935725969,-43.0109259158999,TRUE,-42205.4739690925,-42243.4117906521,-37.9378215596444,TRUE,-42199.2593609941,-42237.1971825537,-37.9378215596444,TRUE,-44446.0330824925,-44476.3016373972,453.907103278048,423.144247795168,790.991322411515,785.91821805526,0.117224444444444,0.122,0.1374,0.127804036727354,0.135856387853179,0.142513207556529,0.0712566037782646
49,90,10000,0.01,500,1.4142135623731,-37890.9020962565,-37893.5618841984,-2.65978794192779,TRUE,-40072.3588631957,-39820.8641448217,251.49471837395,FALSE,-40066.1442550973,-39814.6495367233,251.49471837395,FALSE,-43237.7279330765,-43236.7658915905,718.269556404707,777.871821490988,2181.45676693922,1927.30226062334,0.105166666666667,0.1097,0.1266,0.114628568692922,0.119233380517312,0.139506599318156,0.0697532996590779
50,91,10000,0.01,500,1,-37717.2988946616,-37717.5277766577,-0.228881996132259,TRUE,-37767.5963370752,-38544.6308030538,-777.034465978577,TRUE,-37761.3817289768,-38538.4161949554,-777.034465978577,TRUE,-43623.3134087359,-43612.9759304614,969.676268836803,949.353620752665,50.2974424136337,827.103026396078,0.104928888888889,0.1032,0.1327,0.117124863644785,0.11481537305034,0.146490036792525,0.0732450183962624
51,92,10000,0.01,500,0,-41509.7175755117,-41522.2660550176,-12.5484795059601,TRUE,-43077.7341579975,-42103.7756270756,973.95853092194,FALSE,-43071.5195498991,-42097.5610189772,973.95853092194,FALSE,-46522.3548830721,-46516.3820375822,769.171481437885,765.054181527566,1568.01658248584,581.509572057941,0.122948888888889,0.1341,0.1445,0.138688202809823,0.159362596761773,0.159362596761773,0.0796812983808864
52,93,10000,0.01,500,0,-42516.7779144645,-42516.7779144525,1.20271579362452e-08,FALSE,-44238.3714333934,-43456.9557377671,781.415695626245,FALSE,-44232.1568252949,-43450.7411296687,781.415695626245,FALSE,-47041.1407133052,-47054.2545619229,714.55207104092,690.385628408198,1721.59351892886,940.17782331464,0.126688888888889,0.1283,0.1554,0.140194642436246,0.14749485974427,0.167078215465523,0.0835391077327615
53,94,10000,0.01,500,1,-38965.4367532554,-38965.399523164,0.0372300914459629,FALSE,-41360.826054503,-40373.6897599861,987.13629451696,FALSE,-41354.6114464046,-40367.4751518877,987.13629451696,FALSE,-44904.8006414714,-44848.9524401247,951.360690369437,961.093634191288,2395.3893012476,1408.29023682209,0.112015555555556,0.1233,0.1366,0.126765054427274,0.142277967916233,0.149957626199223,0.0749788130996114
54,95,10000,0.01,500,2.82842712474619,-41936.0680001874,-41955.2579804187,-19.1899802312037,TRUE,-43257.3071437527,-43009.005794734,248.301349018686,FALSE,-43251.0925356543,-43002.7911866356,248.301349018686,FALSE,-45823.6812757252,-45824.1163547316,589.880968741595,579.088355889636,1321.23914356527,1053.74781431538,0.121931111111111,0.1285,0.1384,0.135153034251688,0.139446825505039,0.150542225871827,0.0752711129359134
55,96,10000,0.01,500,2.44948974278318,-38592.0950203737,-38605.2785690164,-13.183548642708,TRUE,-40002.9615585228,-41763.0512430973,-1760.08968457453,TRUE,-39996.7469504243,-41756.8366349989,-1760.08968457453,TRUE,-46744.4927256572,-46769.5598784437,1198.55639445407,1256.62776766877,1410.86653814906,3157.77267408088,0.115504444444444,0.1227,0.1317,0.124479798874093,0.135953220283176,0.142807380444859,0.0714036902224293
56,97,10000,0.01,500,1,-40630.6953626579,-40635.3093992781,-4.61403662024532,TRUE,-41697.5068327071,-40884.8626576516,812.64417505551,FALSE,-41691.2922246087,-40878.6480495531,812.64417505551,FALSE,-43075.2570386929,-43057.0571184658,295.586571061952,319.586621931231,1066.81147004919,249.553258373431,0.112022222222222,0.119,0.1297,0.122495958338864,0.135708615640742,0.138939307226727,0.0694696536133638
57,98,10000,0.01,500,2.23606797749979,-41575.6508083992,-41593.6112323206,-17.9604239213659,TRUE,-42671.222949623,-43038.133409689,-366.910460065956,TRUE,-42665.0083415246,-43031.9188015906,-366.910460065956,TRUE,-44685.875032488,-44679.0641597737,348.015107624731,350.632359104513,1095.57214122378,1444.52217736837,0.118406666666667,0.1271,0.1372,0.130348912094599,0.14079059379897,0.147048715354979,0.0735243576774894
58,99,10000,0.01,500,2.44948974278318,-39673.2657188008,-39685.2119925602,-11.9462737594513,TRUE,-42420.2595198674,-41240.2522757489,1180.00724411859,FALSE,-42414.5933405743,-41234.0376676504,1180.5556729239,FALSE,-45641.1975600804,-45714.6097049138,847.014016526252,855.690203646565,2746.99380106667,1555.04028318863,0.115886666666667,0.1311,0.1423,0.131190856597759,0.154802964272006,0.154802964272007,0.0774014821360033
59,100,10000,0.01,500,0,-41032.5287566758,-41039.1507346827,-6.62197800680588,TRUE,-43052.1783340823,-42706.0286794382,346.149654644076,FALSE,-43045.9642094959,-42699.8140713398,346.150138156088,FALSE,-45445.9228224258,-45436.0790047364,606.621324347739,620.219893741156,2019.64957740645,1666.87794475557,0.119051111111111,0.1283,0.1333,0.128053385241746,0.137134868188672,0.141805810100749,0.0709029050503746
60,101,10000,0.01,500,1.4142135623731,-40750.7204371949,-40772.0044515028,-21.2840143078647,TRUE,-42002.9249706274,-41420.5297726034,582.395198023958,FALSE,-41996.7103625289,-41414.315164505,582.395198023958,FALSE,-44475.702259869,-44465.6822061002,502.370904252575,597.701031561038,1252.20453343246,648.525321100635,0.116431111111111,0.1183,0.1389,0.132571450666288,0.126804740914701,0.1518167750827,0.0759083875413503
61,102,10000,0.01,500,0,-39457.9095130586,-39457.9095130648,-6.15546014159918e-09,TRUE,-41429.2117809351,-40781.5817218627,647.630059072377,FALSE,-41422.9971728367,-40775.3671137643,647.630059072377,FALSE,-44792.3030316216,-44808.8488567806,802.33481508127,826.184069808384,1971.30226787648,1323.67220879795,0.112446666666667,0.1204,0.1316,0.122780549768948,0.130426892468046,0.140145090455351,0.0700725452276753
62,103,10000,0.01,500,3.3166247903554,-40885.2437672281,-40888.8704423394,-3.62667511123436,TRUE,-41397.4991018543,-41261.7331064256,135.765995428716,FALSE,-41391.2844937559,-41255.5184983271,135.765995428716,FALSE,-43927.1379130356,-43934.9719894989,361.705757355374,395.029450370983,512.255334626134,372.862664086184,0.114766666666667,0.1171,0.1379,0.129165582642211,0.13378094239724,0.151116540849896,0.0755582704249482
63,104,10000,0.01,500,0,-41214.9530901344,-41214.9530901361,-1.72440195456147e-09,TRUE,-43356.7110712515,-41929.8853682523,1426.82570299921,FALSE,-43350.4964631531,-41923.6707601539,1426.82570299921,FALSE,-47281.3022320218,-47290.4744884488,939.711746146343,923.744645014973,2141.75798111707,714.932278116139,0.124022222222222,0.1347,0.1419,0.137264732336004,0.15534069538356,0.15534069538356,0.0776703476917801
64,105,10000,0.01,500,0,-40585.4762072737,-40585.4762072783,-4.54019755125046e-09,TRUE,-41246.4779744833,-41225.6310128677,20.8469616156581,FALSE,-41240.2633663849,-41219.4164047693,20.8469616156581,FALSE,-42548.6935409044,-42552.5725166696,280.327125564737,258.488349959948,661.0017672096,640.154805589402,0.110555555555556,0.1177,0.1259,0.121816930246684,0.128845171473369,0.139793350935953,0.0698966754679766
65,106,10000,0.01,500,2.64575131106459,-40133.3806629699,-40133.6942368513,-0.313573881387128,TRUE,-41401.6550259906,-41136.3360751945,265.318950796085,FALSE,-41395.4404178922,-41130.1214670961,265.318950796085,FALSE,-42917.1891738887,-42904.2056543884,415.339002035672,402.339359731395,1268.27436302068,1002.64183834321,0.110273333333333,0.1154,0.1217,0.12299901271224,0.130215166070991,0.132187513746294,0.0660937568731472
66,107,10000,0.01,500,1,-40358.8244690033,-40368.4500785594,-9.62560955615481,TRUE,-42449.9996362589,-43023.7202596207,-573.720623361827,TRUE,-42443.7850281605,-43017.5056515223,-573.720623361827,TRUE,-49221.4705099636,-49208.198996168,1498.57584262451,1360.3588447879,2091.17516725563,2655.2701810613,0.122873333333333,0.1392,0.1467,0.135662859885845,0.158529310713923,0.158529310713923,0.0792646553569618
67,108,10000,0.01,500,0,-39302.9407697242,-39302.9407697154,8.71659722179174e-09,FALSE,-40358.5947575924,-39943.2346250738,415.360132518632,FALSE,-40352.380149494,-39937.0200169754,415.360132518632,FALSE,-42552.1519106732,-42539.3057354611,467.316500925461,456.688365524435,1055.65398786828,640.293855358366,0.107624444444444,0.1142,0.1237,0.116462691252223,0.126716936080425,0.128206185555106,0.0641030927775531
68,109,10000,0.01,500,2.64575131106459,-41570.7019435776,-41634.8720179742,-64.170074396563,TRUE,-42153.7453149782,-42176.2134715066,-22.46815652847,TRUE,-42147.5345082509,-42169.9988634082,-22.4643551572881,TRUE,-44209.1042143393,-44199.1033242775,351.208594782273,373.365719500587,583.043371400527,541.341453532434,0.117224444444444,0.1185,0.1412,0.129353901740098,0.1352969796783,0.15288086105,0.0764404305250001
69,110,10000,0.01,500,0,-39717.5899694796,-39717.5899694843,-4.70026861876249e-09,TRUE,-40647.0707497287,-40700.4929277935,-53.4221780647858,TRUE,-40640.8561416303,-40694.278319695,-53.4221780647858,TRUE,-42727.4226629315,-42716.8222499377,421.21880865588,444.687944920598,929.480780249047,982.902958309132,0.108468888888889,0.1052,0.1407,0.117600677687257,0.111115731617915,0.151631105944336,0.0758155529721682
70,111,10000,0.01,500,2.64575131106459,-39253.9688879004,-39263.0711043082,-9.10221640784584,TRUE,-41196.0528578122,-41103.660042797,92.3928150151914,FALSE,-41189.8382497138,-41097.4454346986,92.3928150151914,FALSE,-46295.1134565235,-46174.1023834134,904.583547567716,943.98559577611,1942.08396991179,1840.58893848875,0.116933333333333,0.1281,0.1404,0.131744667665089,0.139195051922314,0.150037557080332,0.0750187785401661
71,112,10000,0.01,500,1.73205080756888,-39907.4091698545,-39922.2459484399,-14.8367785854352,TRUE,-41083.6402165108,-40689.7170487038,393.923167807028,FALSE,-41077.4256084124,-40683.5024406054,393.923167807028,FALSE,-42847.0892170991,-42810.6683864997,388.818584110518,439.748134246079,1176.23104665632,767.471100263858,0.109553333333333,0.1149,0.1249,0.123824287975332,0.131093648243223,0.139153301828914,0.0695766509144572
72,113,10000,0.01,500,0,-39555.6328633261,-39555.6328633358,-9.76433511823416e-09,TRUE,-42746.7956896952,-42577.2860473813,169.509642313868,FALSE,-42740.5810815967,-42571.0714392829,169.509642313868,FALSE,-49624.8525671828,-49676.6151301055,1727.1595920537,1676.55714992104,3191.16282636907,3021.65318404544,0.126022222222222,0.1465,0.153,0.137961045440402,0.164326506301087,0.164326506301087,0.0821632531505434
73,114,10000,0.01,500,1.73205080756888,-39908.889145111,-39913.5102389071,-4.62109379607864,TRUE,-42090.39955015,-42205.4775470634,-115.077996913365,TRUE,-42084.1849420516,-42199.262938965,-115.077996913365,TRUE,-46814.5636660794,-46703.6067577493,1038.74998032469,1078.64144605056,2181.510405039,2291.96730815629,0.119657777777778,0.1293,0.1363,0.133729170922507,0.145988852203573,0.149010028003138,0.074505014001569
74,115,10000,0.01,500,0,-40571.5497237099,-40571.549723712,-2.06637196242809e-09,TRUE,-41579.061119997,-42371.1867090701,-792.125589073097,TRUE,-41572.8465118986,-42364.9736274266,-792.127115528012,TRUE,-44135.8382252129,-44139.174934634,457.697780671823,454.445420381402,1007.51139628706,1799.63698535809,0.114748888888889,0.1242,0.1393,0.128015307610547,0.142539991852449,0.14964152483188,0.0748207624159403
75,116,10000,0.01,500,2.44948974278318,-39642.7124600938,-39645.9002461685,-3.18778607475542,TRUE,-40463.8815669674,-41382.7112821194,-918.829715152038,TRUE,-40457.666958869,-41376.496674021,-918.829715152038,TRUE,-44024.7530300846,-44063.8146077157,708.883997395783,640.283723954131,821.169106873633,1736.81103595092,0.111751111111111,0.1204,0.1262,0.126217603959438,0.138095906249518,0.139866465779182,0.0699332328895911
76,117,10000,0.01,500,2.23606797749979,-42121.7778706184,-42121.4888908995,0.288979718883638,FALSE,-43139.9810888347,-43512.14079943,-372.159710595311,TRUE,-43133.7673747404,-43505.9261913316,-372.158816591167,TRUE,-46074.4938792016,-46026.9874516544,608.338832685585,609.834424115643,1018.2032182163,1390.6519085305,0.122546666666667,0.1307,0.1351,0.132365785844433,0.143278864302887,0.143278864302887,0.0716394321514436
77,118,10000,0.01,500,1.4142135623731,-42561.2221784534,-42564.8881105362,-3.66593208270933,TRUE,-43683.885499155,-43747.3582422101,-63.4727430551648,TRUE,-43677.6708910565,-43741.1436341117,-63.4727430551648,TRUE,-45366.2685601469,-45354.5024220255,417.969418501175,410.09308145245,1122.66332070151,1182.47013167397,0.122528888888889,0.13,0.1409,0.133853566899608,0.145367676544953,0.145367676544953,0.0726838382724765
78,119,10000,0.01,500,4.24264068711928,-42340.9052918095,-42346.1448630196,-5.2395712100988,TRUE,-42868.4552970284,-42918.9135437616,-50.458246733222,TRUE,-42862.24068893,-42912.6989356632,-50.458246733222,TRUE,-44202.0012643504,-44184.20435379,273.721560579146,280.73754563972,527.550005218945,572.768680742069,0.11914,0.1211,0.1329,0.132649831809844,0.130268839272486,0.142479673740101,0.0712398368700505
79,120,10000,0.01,500,0,-42201.2616171158,-42201.2616171111,4.75120032206178e-09,FALSE,-43910.9570569016,-44727.5039920811,-816.546935179525,TRUE,-43904.7424488032,-44721.2893839827,-816.546935179525,TRUE,-47044.175362523,-47065.5670971228,750.621042282304,709.185193236071,1709.69543978575,2526.24237497002,0.125744444444444,0.1399,0.1477,0.138107216708344,0.159916926095872,0.159916926095872,0.0799584630479362
80,121,10000,0.01,500,4.24264068711928,-39774.7293304739,-39787.9541304386,-13.2247999647516,TRUE,-41019.0929435213,-41120.7700217445,-101.677078223205,TRUE,-41012.8783354229,-41114.5554136461,-101.677078223205,TRUE,-42608.0411647623,-42565.6610000437,372.016876680051,381.236550099133,1244.36361304746,1332.81589130592,0.108653333333333,0.1184,0.1302,0.122495850760235,0.13881364864988,0.142904976333774,0.0714524881668872
81,122,10000,0.01,500,2.82842712474619,-40193.7167165958,-40192.4210211615,1.29569543438993,FALSE,-41427.4399447109,-40960.7911601264,466.648784584519,FALSE,-41421.2253366125,-40954.5765644744,466.648772138062,FALSE,-45889.4431444667,-45787.8404530194,793.506611617161,937.0557391311,1233.72322811504,768.370138964914,0.117964444444444,0.1258,0.1318,0.133071738761593,0.143077781027856,0.146688920585059,0.0733444602925295
82,123,10000,0.01,500,2.23606797749979,-38763.7504271026,-38764.2945914362,-0.54416433366714,TRUE,-39577.5666336185,-39518.901242164,58.6653914545386,FALSE,-39571.3520255201,-39512.6866340656,58.6653914545386,FALSE,-40750.0225847299,-40748.5757550645,276.389266352507,277.764274712782,813.816206515956,754.60665072775,0.101957777777778,0.0979,0.1435,0.111042467875992,0.107956021519823,0.159771919319828,0.0798859596599143
83,124,10000,0.01,500,0,-42390.1427123246,-42390.1427123293,-4.67116478830576e-09,TRUE,-43588.0948253308,-43595.7022481846,-7.6074228537982,TRUE,-43581.8802172324,-43589.4876400862,-7.6074228537982,TRUE,-46219.4448245125,-46227.2337290644,506.202663135016,475.489826646604,1197.95211300619,1205.55953585532,0.124482222222222,0.1243,0.1513,0.138496426498322,0.135578615367037,0.166141487010717,0.0830707435053586
84,125,10000,0.01,500,1,-41586.4237719159,-41586.8226077222,-0.398835806365241,TRUE,-43068.9649692689,-43492.2713153008,-423.306346031881,TRUE,-43062.7503611705,-43486.0567072024,-423.306346031881,TRUE,-46826.0438892132,-46932.3548965564,849.132010095525,762.918421489053,1482.54119735302,1905.44870757854,0.1238,0.1359,0.1424,0.13504527860989,0.151333995194665,0.151333995194665,0.0756669975973325
85,126,10000,0.01,500,2.23606797749979,-40821.0006161903,-40822.0426915444,-1.04207535406749,TRUE,-43333.9621797749,-42640.6795615985,693.282618176403,FALSE,-43327.7475716765,-42634.4649535001,693.282618176403,FALSE,-46039.323143517,-46066.558923078,795.28449833765,794.558957026226,2512.9615635846,1818.63687005413,0.119375555555556,0.1308,0.1374,0.126031102277905,0.142621597451307,0.142621597451307,0.0713107987256536
86,127,10000,0.01,500,0,-40296.3222808412,-40296.1260849798,0.196195861492015,FALSE,-40810.4112674564,-41634.9563353636,-824.545067907158,TRUE,-40804.196659358,-41628.7417272652,-824.545067907158,TRUE,-43172.1857062836,-43178.2656598827,384.746999557597,369.183220710377,514.088986615199,1338.83025038385,0.111686666666667,0.1129,0.1352,0.12152720339784,0.126387984141012,0.146710613489411,0.0733553067447054
87,128,10000,0.01,500,0,-39383.3700017109,-39383.3700017132,-2.27009877562523e-09,TRUE,-40936.896879171,-40789.5975945744,147.2992845966,FALSE,-40930.6822710725,-40783.3829864759,147.2992845966,FALSE,-43084.0562818313,-43134.8109964614,483.083986746931,468.69497991879,1553.52687746003,1406.22759286116,0.108646666666667,0.1222,0.1271,0.1197683936529,0.139502734539704,0.139570537921664,0.0697852689608322
88,129,10000,0.01,500,1.4142135623731,-42153.1297513651,-42169.6446138815,-16.5148625164511,TRUE,-43470.7568647103,-42857.1082332243,613.648631485965,FALSE,-43464.5422566118,-42850.8936251259,613.648631485965,FALSE,-45509.4260466882,-45512.6848943088,527.519702365376,565.44970047479,1317.62711334518,687.463619342765,0.121606666666667,0.1272,0.1377,0.131556520032612,0.141096261959405,0.141096261959406,0.0705481309797028
89,130,10000,0.01,500,2,-37253.1356064828,-37256.8554456634,-3.71983918059414,TRUE,-38720.042933501,-38331.2728969363,388.770036564725,FALSE,-38713.8283254026,-38325.0582888379,388.770036564725,FALSE,-41833.431048553,-41883.0345228259,708.4210957576,668.331609570939,1466.90732701824,1074.41745127292,0.101464444444444,0.1058,0.1141,0.109601485565941,0.116217871346183,0.117141525109162,0.0585707625545812
90,131,10000,0.01,500,0,-42512.34627538,-42512.346275378,1.97906047105789e-09,FALSE,-44115.18802377,-43642.8097759954,472.378247774672,FALSE,-44108.9734156716,-43636.5951678969,472.378247774672,FALSE,-46246.3606068361,-46250.345740669,551.569807913889,569.069628769853,1602.84174839006,1130.46350061736,0.124575555555556,0.133,0.1387,0.137838753842081,0.150385592983948,0.150385592983949,0.0751927964919743
91,132,10000,0.01,500,1.4142135623731,-38861.0535523583,-38862.5828100659,-1.52925770756701,TRUE,-40641.0192710235,-41024.9283572927,-383.909086269108,TRUE,-40634.8046629251,-41018.7137491942,-383.909086269108,TRUE,-43872.9066363421,-43919.1984704082,781.937827971809,734.359834615892,1779.96571866525,2162.34554722679,0.109493333333333,0.1187,0.1266,0.120753569079719,0.135574690815243,0.135574690815243,0.0677873454076215
92,133,10000,0.01,500,0,-38386.5107183932,-38386.510718399,-5.84986992180347e-09,TRUE,-39771.4251716941,-39083.0288285027,688.396343191438,FALSE,-39765.2105635957,-39076.8142204043,688.396343191438,FALSE,-43468.832390511,-43461.9928212907,707.264061381882,762.993772966374,1384.91445330095,696.518110103658,0.106642222222222,0.1095,0.1282,0.117053162781311,0.119065835518763,0.142509733400491,0.0712548667002453
93,134,10000,0.01,500,3.3166247903554,-41351.4594821182,-41361.4307314835,-9.97124936527689,TRUE,-42633.1497868098,-42411.5074007659,221.642386043939,FALSE,-42626.9351787114,-42405.2927926675,221.642386043939,FALSE,-44955.8752489451,-44997.8433578529,516.502702789265,474.981790737912,1281.6903046916,1050.07666928239,0.11848,0.1268,0.1356,0.12678519485851,0.136936448775678,0.144931244056906,0.0724656220284531
94,135,10000,0.01,500,2.82842712474619,-40840.1517891205,-40838.135662492,2.01612662843399,FALSE,-41797.7687672162,-41443.1338742443,354.634892971837,FALSE,-41791.5541591177,-41436.9192661459,354.634892971837,FALSE,-43734.3562187763,-43723.8568003708,378.696485618235,372.218371707807,957.616978095692,604.998211752289,0.113931111111111,0.1199,0.1252,0.124266495089025,0.131490340635202,0.134253021982115,0.0671265109910573
95,136,10000,0.01,500,2.44948974278318,-41320.2314938802,-41323.1848359631,-2.95334208297572,TRUE,-43066.3180626308,-42657.8692862867,408.448776344187,FALSE,-43060.1034545324,-42651.6546781882,408.448776344187,FALSE,-46800.6378386261,-46710.9340587458,850.99353057787,946.352073023571,1746.08656875067,1334.68445032351,0.122866666666667,0.1362,0.144,0.133804702410221,0.151840723054903,0.151840723054903,0.0759203615274513
96,137,10000,0.01,500,0,-38159.3571979378,-38258.2974659082,-98.9402679703926,TRUE,-38517.8185648688,-39309.9982071409,-792.179642272051,TRUE,-38511.6039567704,-39303.7835990424,-792.179642272051,TRUE,-41734.7238479868,-41750.9114180548,485.329830486084,453.200763998821,358.46136693102,1051.70074123268,0.102902222222222,0.11,0.1235,0.11182387660786,0.121514016423348,0.13469312868763,0.0673465643438151
97,138,10000,0.01,500,0,-39605.9926235261,-39605.9926235157,1.03609636425972e-08,FALSE,-41773.354044224,-41619.2450278585,154.109016365488,FALSE,-41767.1394361255,-41613.03041976,154.109016365488,FALSE,-45414.7240271298,-45503.3355604486,913.621887607242,836.253700836571,2167.36142069789,2013.25240434276,0.115224444444444,0.1303,0.1371,0.129922874781344,0.151143720352717,0.151143720352717,0.0755718601763587
98,139,10000,0.01,500,0,-39754.5284132683,-39754.5284132667,1.63709046319127e-09,FALSE,-41732.7210786121,-42673.8782431721,-941.157164560027,TRUE,-41726.5064705137,-42667.6636350737,-941.157164560027,TRUE,-47249.7358151421,-47230.9483864028,1138.44425242206,1145.43929149127,1978.19266534383,2919.34982990549,0.119402222222222,0.119,0.1437,0.13272539418326,0.133281206020303,0.155693697550473,0.0778468487752367
99,140,10000,0.01,500,0,-38269.1905946019,-38268.0652954017,1.12529920016823,FALSE,-39854.9757144388,-39332.2940718227,522.68164261616,FALSE,-39848.7611063404,-39326.0794637242,522.68164261616,FALSE,-43541.2239088428,-43481.4272587338,790.918993550034,858.533287970044,1585.78511983691,1064.22877642092,0.107506666666667,0.1161,0.1304,0.120070392892629,0.129426489541002,0.146669595189808,0.0733347975949039
100,141,10000,0.01,500,2,-40718.8241001374,-40732.3848543717,-13.5607542342987,TRUE,-42076.6791589147,-42569.6791356691,-492.999976754443,TRUE,-42070.4645508163,-42563.4645275707,-492.999976754443,TRUE,-47009.3588048752,-46920.1240167926,1082.31813259819,1175.47465832764,1357.85505877729,1837.29428129744,0.121882222222222,0.1361,0.1441,0.13540143175691,0.156478597027908,0.156478597027909,0.0782392985139543
