"idx","R","logmeanexp","max","meanlog","sd","min","dist_to_true","dist_to_init","num_cherries","is_true_F","is_init_F","rank_logmeanexp","rank_max","rank_meanlog"
2185,10,-3988.16267595299,-3985.86009086,-4251.87078244574,102.743475747611,-4323.89806143824,6,4.89897948556636,3,FALSE,FALSE,1,1,125
2159,10,-3992.24051121518,-3989.93792612218,-4272.94844764414,103.483503430987,-4340.66693585965,6.2449979983984,5.19615242270663,4,FALSE,FALSE,2,2,1065
5033,10,-3995.34993148074,-3993.04734638775,-4227.3864968115,92.3891291318479,-4325.64234150811,3.87298334620742,3.87298334620742,4,FALSE,FALSE,3,3,2
5327,10,-3998.48601396606,-3996.18342887306,-4252.12181668969,101.350170397489,-4334.47273663799,2.23606797749979,2.64575131106459,4,FALSE,FALSE,4,4,128
1126,10,-4003.89496375191,-4001.59237865891,-4230.36307009605,100.315366758785,-4341.08222465357,3.74165738677394,3.46410161513775,4,FALSE,FALSE,5,5,5
1111,10,-4006.11190500023,-4003.80931990724,-4248.14851311951,112.924450240561,-4337.34412281827,4.47213595499958,3.46410161513775,4,FALSE,FALSE,6,6,85
7891,10,-4011.33721163497,-4009.03462654198,-4258.50544308783,94.3969658177524,-4332.52478819978,3.16227766016838,2.82842712474619,2,FALSE,FALSE,7,7,280
6719,10,-4014.23872367708,-4011.93613858409,-4246.19319012056,90.2409107605337,-4313.39494116136,3.3166247903554,3.60555127546399,4,FALSE,FALSE,8,8,68
5588,10,-4015.81087906601,-4013.50829397301,-4275.70679014907,95.3320249410315,-4348.50180040841,3.16227766016838,3.46410161513775,4,FALSE,FALSE,9,9,1337
2269,10,-4015.82264484657,-4013.52005975358,-4259.67218854371,93.9196364328616,-4348.20902881819,5,4.58257569495584,4,FALSE,FALSE,10,10,310
896,10,-4017.12979663768,-4014.82721154468,-4269.82336004375,100.754969863715,-4354.34296593394,5.3851648071345,4.58257569495584,3,FALSE,FALSE,11,11,820
3979,10,-4017.15693255967,-4014.85434746667,-4240.76192818235,96.2349061796373,-4334.38651765273,4.47213595499958,3.74165738677394,4,FALSE,FALSE,12,12,37
3309,10,-4022.4208650127,-4020.1182799197,-4277.47527717905,103.783336010838,-4368.2112226461,4.69041575982343,4.24264068711928,4,FALSE,FALSE,13,13,1512
630,10,-4026.75071698226,-4024.44813188927,-4261.67001910574,89.0820121468793,-4325.87074326071,5.8309518948453,4.69041575982343,4,FALSE,FALSE,14,14,382
2969,10,-4030.65946113359,-4028.3568760406,-4272.85287177649,89.3557889153396,-4337.4014352613,3.3166247903554,3.60555127546399,3,FALSE,FALSE,15,15,1059
6243,10,-4032.14213122399,-4029.83954613099,-4284.94255998744,93.4459018498479,-4349.24646789181,3.87298334620742,3.87298334620742,3,FALSE,FALSE,16,16,2461
6249,10,-4034.12399120361,-4031.82140611061,-4289.72199975535,95.8778113431767,-4354.92160164115,3.60555127546399,3.3166247903554,3,FALSE,FALSE,17,17,3196
4711,10,-4034.33384193949,-4032.03125684649,-4278.86301546793,90.5982868028643,-4346.78079623438,4.24264068711928,4,4,FALSE,FALSE,18,18,1671
3635,10,-4035.56365091419,-4033.2610658212,-4265.26139481926,110.318674607475,-4365.93678190866,4.12310562561766,3.3166247903554,4,FALSE,FALSE,19,19,546
3096,10,-4037.6644805442,-4035.3618954512,-4275.17247702146,90.9212000631168,-4372.30610395866,5.29150262212918,5.09901951359278,5,FALSE,FALSE,20,20,1291
7571,10,-4038.19417913948,-4035.89159404648,-4264.07478989532,85.3688929970376,-4327.66276767187,5.47722557505166,5.65685424949238,2,FALSE,FALSE,21,21,493
2901,10,-4038.63681357466,-4036.33422848167,-4259.7899784255,95.193307221605,-4345.24070984878,4,3.16227766016838,3,FALSE,FALSE,22,22,315
1655,10,-4040.47179835838,-4038.16921326539,-4263.10231317555,90.0417317209831,-4343.50785022008,4.24264068711928,4,3,FALSE,FALSE,23,23,448
7353,10,-4042.88470706963,-4040.58212197663,-4260.76396394764,84.8445828548347,-4344.8582884738,4.79583152331272,4.58257569495584,3,FALSE,FALSE,24,24,350
800,10,-4044.92236693531,-4042.61978184232,-4295.61365175343,94.7700131688124,-4375.42449460348,4.58257569495584,3.3166247903554,4,FALSE,FALSE,25,25,4162
329,10,-4045.01593523205,-4042.71335013905,-4281.92543920305,94.027308124355,-4369.11681191844,5.09901951359278,4.47213595499958,4,FALSE,FALSE,26,26,2049
2692,10,-4045.09533557924,-4042.79275048624,-4257.56065485379,92.0848674983408,-4352.75446870721,4.79583152331272,3.87298334620742,4,FALSE,FALSE,27,27,250
7737,10,-4045.32929201737,-4043.02670692437,-4285.32734571989,89.7919299964507,-4345.73953738634,3.3166247903554,3.3166247903554,3,FALSE,FALSE,28,28,2521
7209,10,-4046.26168942549,-4043.9591043325,-4303.12816102393,98.4861104403716,-4371.37107317901,5.19615242270663,5.3851648071345,4,FALSE,FALSE,29,29,5363
2466,10,-4046.27141694251,-4043.96883184952,-4271.89454280015,95.5020904930003,-4356.49076123531,4.24264068711928,4.24264068711928,3,FALSE,FALSE,30,30,977
167,10,-4046.37053809181,-4044.06795299882,-4262.0723223763,96.9596314443205,-4368.18095341646,5.8309518948453,5.09901951359278,5,FALSE,FALSE,31,31,397
1935,10,-4048.32816885071,-4046.02558375771,-4254.03769809767,91.7503381653929,-4341.4438762592,4.58257569495584,3.60555127546399,3,FALSE,FALSE,32,32,165
2844,10,-4048.75608879172,-4046.45350369873,-4287.00298825487,95.1278434613967,-4361.81171180482,4.58257569495584,3.87298334620742,4,FALSE,FALSE,33,33,2803
5362,10,-4049.30791913629,-4047.0053340433,-4258.91931324445,77.3309577247153,-4310.14011536179,4.12310562561766,4.12310562561766,4,FALSE,FALSE,34,34,291
1559,10,-4049.4918813429,-4047.1892962499,-4286.30844221073,92.2670020000805,-4357.5856252017,4.89897948556636,4.24264068711928,4,FALSE,FALSE,35,35,2693
6216,10,-4050.08841722258,-4047.78583212959,-4274.65701516809,94.6562919413886,-4352.48451112998,3.60555127546399,3.60555127546399,3,FALSE,FALSE,36,36,1239
5852,10,-4050.35539710356,-4048.05281201057,-4238.84367344423,107.120220107868,-4343.44969561586,4.69041575982343,5.09901951359278,4,FALSE,FALSE,37,37,27
6241,10,-4050.54637760346,-4048.24379251046,-4248.1046201532,93.1519265413346,-4364.12344694454,3.46410161513775,3.46410161513775,3,FALSE,FALSE,38,38,84
30,10,-4050.58129255049,-4048.2787074575,-4278.90907277512,95.6519541190471,-4361.43359585944,6.557438524302,5.91607978309962,5,FALSE,FALSE,39,39,1675
3045,10,-4050.88075397126,-4048.57816887826,-4282.26352851949,92.3757018779864,-4363.52579832694,5.29150262212918,4.89897948556636,5,FALSE,FALSE,40,40,2090
5474,10,-4052.1425914693,-4049.8400063763,-4246.46079004149,81.1476441866966,-4337.2461222806,5.3851648071345,5,4,FALSE,FALSE,41,41,72
473,10,-4052.41532670337,-4050.11274161038,-4262.46137694332,103.665847206916,-4389.2007455987,5.91607978309962,5.56776436283002,5,FALSE,FALSE,42,42,419
6733,10,-4055.02510273744,-4052.72251764444,-4260.81318845961,78.7970998808996,-4323.18869166549,3.74165738677394,3.46410161513775,3,FALSE,FALSE,43,43,352
5508,10,-4055.1370860739,-4052.8345009809,-4275.09689455617,88.7705068863656,-4374.24934139177,4.58257569495584,4.35889894354067,4,FALSE,FALSE,44,44,1281
1212,10,-4055.66158860816,-4053.35900351517,-4275.59268001551,101.611313013171,-4370.31759074423,4.47213595499958,4.69041575982343,4,FALSE,FALSE,45,45,1331
2522,10,-4055.77762740921,-4053.47504231621,-4254.25697733971,91.0798630049436,-4343.27563173851,4.47213595499958,4.47213595499958,4,FALSE,FALSE,46,46,166
6503,10,-4055.80141921223,-4053.49883411923,-4260.12034123927,80.5718168713149,-4333.77639664825,3.46410161513775,3.46410161513775,2,FALSE,FALSE,47,47,329
5208,10,-4056.20874055514,-4053.90615546214,-4265.26387206072,94.16060742253,-4346.05401877866,3,3.3166247903554,2,FALSE,FALSE,48,48,547
95,10,-4057.71392598449,-4055.41134089149,-4305.35967648766,93.508256745062,-4386.63562053843,6,5.47722557505166,5,FALSE,FALSE,49,49,5687
5374,10,-4057.86280440242,-4055.56021930943,-4276.79701865349,105.654482380224,-4347.81281763007,3.74165738677394,3.16227766016838,3,FALSE,FALSE,50,50,1453
