"idx","R","logmeanexp","max","meanlog","sd","min","dist_to_true","dist_to_init","num_cherries","is_true_F","is_init_F","rank_logmeanexp_within_refined","rank_max_within_refined","rank_meanlog_within_refined"
30,500,-4085.23716762252,-4079.0225595241,-4528.76900007448,106.836172760069,-4697.96274124035,4.35889894354067,5.19615242270663,5,FALSE,FALSE,31,31,91
33,500,-4101.05154494737,-4094.83693684895,-4525.27598264197,112.758248156515,-4698.11989271919,5.19615242270663,5.91607978309962,5,FALSE,FALSE,38,38,79
94,500,-4058.08200723477,-4051.86739913635,-4534.68982675596,106.709144024943,-4691.76124273003,5,5.74456264653803,5,FALSE,FALSE,24,24,101
113,500,-4106.49147041833,-4100.27686231991,-4525.07475548748,109.272084036573,-4688.75331312618,4.69041575982343,5.47722557505166,5,FALSE,FALSE,41,41,78
119,500,-4065.75380103695,-4059.53919293878,-4527.32327832806,109.261560309351,-4697.23422229896,4.69041575982343,5.47722557505166,5,FALSE,FALSE,26,26,88
206,500,-4072.58135275951,-4066.36674466228,-4528.83130841578,108.445210845293,-4690.41816633668,4.24264068711928,4.24264068711928,5,FALSE,FALSE,28,28,92
530,500,-4235.05442380124,-4229.02580336227,-4535.13788819657,95.5147069009274,-4683.09986319978,3,3.60555127546399,4,FALSE,FALSE,102,102,102
661,500,-4177.6931667428,-4171.47855864469,-4533.24163862825,98.2694695691129,-4692.42343256312,3.87298334620742,3.87298334620742,5,FALSE,FALSE,88,88,99
762,500,-4149.21014362954,-4142.99553648375,-4530.5648202126,106.571445260081,-4676.28906499027,4.79583152331272,4.79583152331272,4,FALSE,FALSE,70,70,97
764,500,-4129.28023343854,-4123.06562534012,-4527.88419018828,104.050139983655,-4692.19125841659,4.35889894354067,4.35889894354067,5,FALSE,FALSE,55,55,89
794,500,-4146.99045817863,-4140.7758500802,-4531.01697536197,105.113446539102,-4672.82019372988,4,4,3,FALSE,FALSE,69,69,98
952,500,-4104.86482865227,-4098.65022055385,-4526.31688071971,106.275219417612,-4685.60740653167,3.16227766016838,3.74165738677394,4,FALSE,FALSE,40,40,83
956,500,-4172.54756199495,-4166.33295389653,-4529.9274237028,101.699692102966,-4682.25938485673,3.46410161513775,4,4,FALSE,FALSE,86,86,95
1001,500,-4188.97761354105,-4182.76300544263,-4530.26560348133,105.631590457597,-4690.58144679311,4.12310562561766,4.58257569495584,4,FALSE,FALSE,93,93,96
1028,500,-4156.38392586291,-4150.16931776449,-4526.90404644505,108.035975191035,-4682.90550396873,3.16227766016838,3.74165738677394,4,FALSE,FALSE,73,73,87
1153,500,-4122.60917551199,-4116.65007905761,-4519.99952193745,102.266953600289,-4661.0144373078,4.89897948556636,4.89897948556636,4,FALSE,FALSE,48,48,68
1163,500,-4216.95552892619,-4210.81061034006,-4519.99534224684,105.968683932617,-4677.38324060796,3.46410161513775,4,4,FALSE,FALSE,99,99,67
1381,500,-4007.41575813372,-4001.2011500353,-4526.59184713956,103.767167161698,-4667.09456821028,4.35889894354067,3.87298334620742,3,FALSE,FALSE,8,8,85
1431,500,-4038.37497791058,-4032.16036981216,-4529.79175541379,105.15173443925,-4677.94220945289,4.24264068711928,4.69041575982343,4,FALSE,FALSE,16,16,94
1509,500,-4121.50111548182,-4115.28650738354,-4516.91921726991,106.417928163788,-4662.97310251075,3.3166247903554,3.3166247903554,4,FALSE,FALSE,46,46,58
1614,500,-4043.97713458433,-4037.76252648591,-4517.94227001549,101.549974919628,-4661.24681419301,5.09901951359278,5.09901951359278,3,FALSE,FALSE,18,18,63
1634,500,-4118.86401345508,-4112.64940535666,-4510.13456623127,104.40605238783,-4653.22713867169,2.82842712474619,2.82842712474619,3,FALSE,FALSE,44,44,33
1714,500,-4058.55811820132,-4052.3435101029,-4517.921467705,106.314767094131,-4686.05755863023,3.74165738677394,4.47213595499958,4,FALSE,FALSE,25,25,62
1788,500,-4187.68961284675,-4181.47500474841,-4526.67867649509,103.6419702935,-4674.06732670691,3,3.60555127546399,4,FALSE,FALSE,92,92,86
1812,500,-4159.58148401945,-4153.42034286574,-4514.75874801791,99.8682641928397,-4669.93723995917,5,5,4,FALSE,FALSE,77,77,48
1828,500,-4087.4700141237,-4081.25540602528,-4517.89976446044,108.041850080702,-4683.17992761581,3.74165738677394,4.24264068711928,4,FALSE,FALSE,32,32,61
2006,500,-4168.7043285944,-4162.48972049598,-4525.48038125345,106.129543073446,-4671.17710658715,3.87298334620742,3.87298334620742,3,FALSE,FALSE,84,84,80
2099,500,-4137.39043149078,-4131.1758233998,-4506.36660176525,99.6164133492018,-4657.67366746134,4,4,4,FALSE,FALSE,63,63,21
2237,500,-4221.70406956634,-4215.57688536373,-4526.57414584835,106.899072736258,-4688.77178857645,4.12310562561766,4.79583152331272,4,FALSE,FALSE,101,101,84
2368,500,-3993.02710194024,-3986.81249384182,-4534.54820029661,111.392499859104,-4687.59050375926,4.35889894354067,4.79583152331272,4,FALSE,FALSE,3,3,100
2379,500,-4098.20792108654,-4091.99331298812,-4519.80148440946,105.460382752559,-4681.08987723425,4.58257569495584,4.79583152331272,5,FALSE,FALSE,35,35,65
2722,500,-4112.66366063844,-4106.44905254001,-4510.6631760223,106.935143841225,-4664.82760611221,3.60555127546399,3.60555127546399,3,FALSE,FALSE,43,43,36
2830,500,-4096.22654002272,-4090.0119319243,-4520.44030065533,104.701177568877,-4656.78011341994,3.46410161513775,3.46410161513775,3,FALSE,FALSE,34,34,69
2842,500,-4050.6749062221,-4044.46029812368,-4517.07550799165,109.152903708326,-4675.10819227357,3.74165738677394,3.74165738677394,4,FALSE,FALSE,20,20,59
2914,500,-4079.53639884542,-4073.321790747,-4512.86650625754,100.688502909383,-4656.17514416948,3.3166247903554,3.3166247903554,4,FALSE,FALSE,29,29,42
3194,500,-4042.99033879173,-4036.77573069331,-4522.15975776178,102.954969994495,-4681.74395692135,3.74165738677394,4,4,FALSE,FALSE,17,17,73
3480,500,-4018.24627763388,-4012.03175844239,-4512.96321552724,100.605773128343,-4647.72572077395,4,3.74165738677394,3,FALSE,FALSE,11,11,43
3487,500,-4205.62267370536,-4199.51868462709,-4510.04265435,83.867067028615,-4641.5723782662,4,3.74165738677394,3,FALSE,FALSE,97,97,32
3529,500,-4161.03672010113,-4155.29380380992,-4514.80053029566,103.269824178543,-4680.17656669982,3.74165738677394,3.46410161513775,4,FALSE,FALSE,78,78,49
3530,500,-4156.29620358522,-4150.08159554449,-4510.3081394127,101.096319754044,-4663.25498144402,4.89897948556636,4.69041575982343,4,FALSE,FALSE,72,72,35
3595,500,-4191.5358057043,-4185.34415927308,-4512.53454750045,102.376234941878,-4664.52658415277,4.58257569495584,4.35889894354067,4,FALSE,FALSE,95,95,39
3641,500,-4052.14792255193,-4045.93331445351,-4522.85128219306,109.507954326437,-4686.42425780407,3.87298334620742,4.12310562561766,4,FALSE,FALSE,21,21,75
3661,500,-4125.14153423808,-4118.92692958789,-4513.81181345954,103.460273689679,-4664.65792519692,4.35889894354067,4.12310562561766,4,FALSE,FALSE,50,50,44
3905,500,-4161.88313496446,-4155.67748935529,-4521.44071866192,100.54302120435,-4661.9562723629,4.58257569495584,4.35889894354067,3,FALSE,FALSE,79,79,71
3931,500,-4182.54858269066,-4176.85163919979,-4502.45015824253,100.494855497454,-4651.39901282422,4.12310562561766,3.3166247903554,4,FALSE,FALSE,90,90,11
4075,500,-4135.49502299524,-4129.28041489681,-4501.84005023467,103.552168923903,-4652.35880681087,3.87298334620742,4.12310562561766,4,FALSE,FALSE,61,61,7
4141,500,-4124.87612451357,-4118.66151641643,-4519.95227647338,108.291799058983,-4670.54049499271,3.74165738677394,4.47213595499958,4,FALSE,FALSE,49,49,66
4159,500,-4135.28956039101,-4129.07495229309,-4524.30109538439,103.141146135117,-4674.14099524247,3.87298334620742,4.58257569495584,4,FALSE,FALSE,59,59,76
4184,500,-4126.14805938163,-4119.94826259223,-4521.55728078416,102.653143214142,-4664.53457135348,3.87298334620742,4.58257569495584,4,FALSE,FALSE,52,52,72
4196,500,-4092.23643940447,-4086.02183130605,-4525.73545773389,101.431563032471,-4671.47983152642,4.12310562561766,4.35889894354067,4,FALSE,FALSE,33,33,81
4212,500,-4031.10759304883,-4024.8929849504,-4505.14772916583,95.9750612124521,-4646.92673300931,4.12310562561766,4.35889894354067,5,FALSE,FALSE,14,14,18
4242,500,-4135.45668666493,-4129.24207856651,-4512.73133555372,101.60664512093,-4657.12300373073,3.60555127546399,3.87298334620742,3,FALSE,FALSE,60,60,41
4255,500,-4216.44559011201,-4210.23098201365,-4503.13482352111,92.4871658922199,-4658.14635290688,3.3166247903554,3.60555127546399,4,FALSE,FALSE,98,98,14
4440,500,-4162.36865217311,-4156.15406646016,-4521.0274742748,110.429980385323,-4681.64154051127,3.46410161513775,4.24264068711928,4,FALSE,FALSE,80,80,70
4473,500,-4159.16190669382,-4152.9472985954,-4522.41069267129,102.264321033107,-4678.63786874558,3.87298334620742,4.12310562561766,4,FALSE,FALSE,75,75,74
4673,500,-4002.98124189988,-3996.76663380146,-4515.01803354937,99.9865250024162,-4662.8394891199,0,1.4142135623731,4,TRUE,FALSE,7,7,51
4711,500,-4066.86880280555,-4060.65419470713,-4504.16702564006,104.806432889708,-4660.26238540897,1.4142135623731,0,4,FALSE,TRUE,27,27,16
4857,500,-4056.29349048353,-4050.07888238511,-4529.39686084199,96.4106675284097,-4678.572118294,3.46410161513775,3.74165738677394,3,FALSE,FALSE,23,23,93
4866,500,-4050.55794127865,-4044.34333318023,-4506.40752459444,102.167862730207,-4667.62490098234,4,3.74165738677394,4,FALSE,FALSE,19,19,22
4931,500,-4171.09790077786,-4164.89798518876,-4517.4616638844,104.075480686098,-4667.53819094798,3.16227766016838,3.46410161513775,3,FALSE,FALSE,85,85,60
4981,500,-4135.55532105348,-4129.34209178818,-4512.06584286285,98.5902678006289,-4662.65438704993,3.3166247903554,3,4,FALSE,FALSE,62,62,38
5014,500,-4186.70645993604,-4180.49185191808,-4508.31910634603,99.9652656916906,-4657.73128972577,4.24264068711928,4,4,FALSE,FALSE,91,91,29
5040,500,-4189.0494159133,-4182.83480781488,-4528.50498118367,94.1199053799855,-4657.01302032049,3.46410161513775,3.74165738677394,3,FALSE,FALSE,94,94,90
5043,500,-4129.17469191831,-4122.96008625146,-4516.12394717072,110.271194289018,-4659.83969040042,3.74165738677394,4,3,FALSE,FALSE,54,54,55
5159,500,-4011.58724452034,-4005.37263642192,-4498.72249356836,106.264094452937,-4653.86298151016,3.46410161513775,3.16227766016838,3,FALSE,FALSE,10,10,3
5160,500,-4131.6274259747,-4125.47119149636,-4502.30479157373,104.101917844434,-4646.10726307451,3.16227766016838,2.82842712474619,3,FALSE,FALSE,58,58,9
5242,500,-4177.22982273722,-4171.0152146388,-4502.77765103661,87.8375517084332,-4637.82475516128,5.74456264653803,5.56776436283002,3,FALSE,FALSE,87,87,12
5308,500,-4126.74275188291,-4120.74722732032,-4509.03697642696,108.275290664937,-4664.55355326367,4.58257569495584,4.35889894354067,4,FALSE,FALSE,53,53,31
5383,500,-4220.14327629406,-4213.92866953181,-4502.16637315177,100.187141035992,-4659.57845063917,3.74165738677394,3.46410161513775,3,FALSE,FALSE,100,100,8
5494,500,-3958.71880118202,-3952.5041930836,-4496.66055566357,98.0357121301435,-4643.54418882994,3.74165738677394,4,3,FALSE,FALSE,1,1,1
5548,500,-4025.15666505986,-4018.94205696144,-4516.21607775548,106.341111662573,-4670.93254481285,4.24264068711928,4.89897948556636,4,FALSE,FALSE,13,13,56
5630,500,-3977.9796367067,-3971.76502860828,-4508.70331131177,102.878504167033,-4652.08140277394,3.46410161513775,3.74165738677394,3,FALSE,FALSE,2,2,30
5696,500,-4081.79848899478,-4075.63483459844,-4507.40578394614,104.530219927769,-4651.55004272676,2.44948974278318,2.82842712474619,3,FALSE,FALSE,30,30,24
5730,500,-4022.88102866429,-4016.66642056586,-4507.00233753176,101.597441692476,-4652.44117930355,4,4.24264068711928,4,FALSE,FALSE,12,12,23
6036,500,-4139.98007036855,-4133.76546227013,-4513.9373418326,106.394259162372,-4666.91737567953,2,2.44948974278318,3,FALSE,FALSE,65,65,45
6044,500,-4153.58869180818,-4147.37408370976,-4515.37272643911,101.569039444403,-4659.82643857786,3.46410161513775,3.74165738677394,3,FALSE,FALSE,71,71,52
6234,500,-4162.42885360517,-4156.21424550766,-4512.59583187706,105.278780198798,-4665.67948071985,3,3.3166247903554,3,FALSE,FALSE,81,81,40
6349,500,-4131.17367762179,-4124.9619842741,-4526.06228924929,95.2742184400982,-4656.06623727184,3.60555127546399,3.3166247903554,3,FALSE,FALSE,57,57,82
6350,500,-4119.05918849154,-4112.84458039312,-4518.30747939177,101.808096022526,-4654.65551166089,3.3166247903554,3,3,FALSE,FALSE,45,45,64
6364,500,-4138.80235360443,-4132.58774550601,-4504.28190693225,100.44512825673,-4651.83256512604,4.47213595499958,4.24264068711928,3,FALSE,FALSE,64,64,17
6372,500,-4167.75504008902,-4161.54044965814,-4508.22198615015,108.046171108985,-4659.41487211692,3.16227766016838,2.82842712474619,3,FALSE,FALSE,83,83,28
6395,500,-4158.34693649516,-4152.22961289165,-4504.00327324104,101.067948367946,-4668.51221621768,3.60555127546399,3.87298334620742,4,FALSE,FALSE,74,74,15
6404,500,-4129.6690270627,-4123.45441896428,-4507.84220589845,99.8604616684698,-4652.32475192939,3.87298334620742,3.60555127546399,4,FALSE,FALSE,56,56,27
6433,500,-3997.92879359703,-3991.71418549861,-4500.17877835455,101.381307652068,-4649.80863648458,4.35889894354067,4.12310562561766,4,FALSE,FALSE,4,4,4
6452,500,-4141.81520021817,-4135.60059373866,-4497.68968723938,98.452971581704,-4647.771613684,5,4.79583152331272,4,FALSE,FALSE,66,66,2
6455,500,-4143.89999244223,-4137.68538434381,-4501.46708908427,95.9247377036571,-4634.35983239327,5.74456264653803,5.19615242270663,4,FALSE,FALSE,68,68,6
6483,500,-4104.6328313909,-4098.4182481849,-4501.29416451198,100.367052915077,-4633.49768142935,4.35889894354067,4.12310562561766,3,FALSE,FALSE,39,39,5
6891,500,-4125.73354402813,-4119.51893644258,-4511.89325915786,108.047062955832,-4671.04791937235,4.47213595499958,5.09901951359278,4,FALSE,FALSE,51,51,37
6957,500,-4165.36448891885,-4159.14991939515,-4506.36513516213,100.460445448532,-4666.13556512008,4.47213595499958,4.69041575982343,4,FALSE,FALSE,82,82,20
6996,500,-4053.60414827423,-4047.38954028611,-4514.4439880438,100.366741227183,-4643.41690493137,4.69041575982343,4.89897948556636,3,FALSE,FALSE,22,22,46
7096,500,-4099.95804909864,-4093.74344100107,-4505.35686661823,97.2603230319327,-4651.32303858779,3,3.3166247903554,3,FALSE,FALSE,37,37,19
7142,500,-4122.02517026232,-4115.81056216389,-4514.96627745276,108.364230376188,-4671.87218714158,4.12310562561766,4.79583152331272,4,FALSE,FALSE,47,47,50
7151,500,-4141.83533787208,-4135.62072977365,-4516.2608735831,109.438607639014,-4672.52554168514,4.24264068711928,4.89897948556636,4,FALSE,FALSE,67,67,57
7203,500,-4159.25333871365,-4153.0387306223,-4515.9043598096,109.826200067316,-4672.07379630415,3.74165738677394,4.47213595499958,4,FALSE,FALSE,76,76,54
7438,500,-4033.36243793658,-4027.14782983816,-4514.681694984,96.8316484272399,-4640.22066810654,2.44948974278318,2.82842712474619,3,FALSE,FALSE,15,15,47
7506,500,-4001.72786432187,-3995.51325622345,-4502.33446105154,105.563472259114,-4648.74925871534,2.82842712474619,2.44948974278318,3,FALSE,FALSE,6,6,10
7608,500,-4181.65023158856,-4175.45703963613,-4524.87763882566,100.778864451997,-4657.24700656957,3.3166247903554,3.60555127546399,3,FALSE,FALSE,89,89,77
7680,500,-4196.07526998021,-4190.09093172746,-4510.18509139189,104.474226519329,-4665.11091526826,3.60555127546399,3.87298334620742,3,FALSE,FALSE,96,96,34
7705,500,-4111.81898908556,-4105.60438098714,-4515.55361592107,95.1845787774001,-4650.77851712866,4.12310562561766,3.87298334620742,3,FALSE,FALSE,42,42,53
7859,500,-4099.7888781144,-4093.57427001598,-4502.89740628709,99.713321464765,-4641.96548368796,4.79583152331272,4.58257569495584,2,FALSE,FALSE,36,36,13
7897,500,-4010.747837471,-4004.53322937258,-4507.71748032742,98.6799691467154,-4647.01847033436,3.60555127546399,3.3166247903554,2,FALSE,FALSE,9,9,26
7907,500,-3999.31853734953,-3993.10392925115,-4507.57742237797,101.116421312492,-4646.061582071,4.69041575982343,4.47213595499958,2,FALSE,FALSE,5,5,25
