"experiment","seq_len","rate","replicate","replicate_seed","random_label_R","init_l2_to_true","true_labeled_ll","upgma_labeled_ll","labeled_upgma_minus_true","labeled_true_beats_upgma","true_random_logmeanexp","upgma_random_logmeanexp","unlabeled_logmeanexp_upgma_minus_true","unlabeled_logmeanexp_true_beats_upgma","true_random_max","upgma_random_max","unlabeled_max_upgma_minus_true","unlabeled_max_true_beats_upgma","true_random_meanlog","upgma_random_meanlog","true_random_sd","upgma_random_sd","true_labeled_minus_true_random_logmeanexp","upgma_labeled_minus_upgma_random_logmeanexp","mean_pairwise_hamming","median_pairwise_hamming","max_pairwise_hamming","mean_pairwise_subs","median_pairwise_subs","max_pairwise_subs","tree_height_subs"
"higher_rates_seq1000",1000,0.1,1,42,500,0,-11282.2795803852,-11282.2795803891,-3.87080945074558e-09,TRUE,-11766.2621939795,-11543.9471558731,222.315038106324,FALSE,-11760.047585881,-11537.7325477747,222.315038106324,FALSE,-12387.781636467,-12398.3955886176,172.336900138433,174.619949719779,483.982613594271,261.667575484076,0.566577777777778,0.607,0.646,1.243515444291,1.47483106584278,1.47483106584279,0.737415532921394
"higher_rates_seq1000",1000,0.1,2,43,500,2.64575131106459,-11292.278004864,-11292.7364831827,-0.458478318731068,TRUE,-11439.8202949924,-11511.2731019168,-71.4528069243806,TRUE,-11433.6258492735,-11505.1605664934,-71.5347172198617,TRUE,-11743.1773797234,-11739.3270390334,67.0342940595977,65.0608038263733,147.54229012844,218.53661873409,0.543155555555556,0.554,0.634,1.11517711132348,1.11817464754358,1.40314081016444,0.70157040508222
"higher_rates_seq1000",1000,0.1,3,44,500,0,-11621.9674585456,-11621.9674585414,4.1691237129271e-09,FALSE,-11876.6351305399,-11861.7186231254,14.9165074145603,FALSE,-11870.4205224415,-11855.504015027,14.9165074145603,FALSE,-12289.0574479814,-12294.2524815282,104.342051836124,100.037356239762,254.667671994323,239.751164583931,0.572377777777778,0.593,0.62,1.2801160451792,1.44546594273245,1.44546594273245,0.722732971366223
"higher_rates_seq1000",1000,0.1,4,45,500,1,-11765.7897155015,-11764.4011544842,1.38856101733654,FALSE,-11907.8718995021,-11988.4836281055,-80.6117286033441,TRUE,-11901.6572914338,-11982.2690200071,-80.6117285732671,TRUE,-12514.011892215,-12516.7393836323,119.852584495788,110.805749748013,142.082184000599,224.08247362128,0.584533333333333,0.595,0.649,1.34086449380872,1.3857826994721,1.52009119038723,0.760045595193616
"higher_rates_seq1000",1000,0.1,5,46,500,3.87298334620742,-11476.3334693569,-11479.9589788854,-3.62550952857055,TRUE,-11515.3365343465,-11516.6567922881,-1.32025794157562,TRUE,-11509.4184326984,-11510.4424472145,-1.02401451615879,TRUE,-11681.0474824103,-11678.8183452156,43.2264242878848,43.1647436823985,39.0030649896053,36.6978134026103,0.546933333333333,0.569,0.619,1.1477895892401,1.30799518583273,1.33884781840347,0.669423909201736
"higher_rates_seq1000",1000,0.1,6,47,500,1.4142135623731,-11363.6633776302,-11362.4881386661,1.17523896411149,FALSE,-11412.9375318371,-11623.9959414277,-211.058409590662,TRUE,-11406.7229237387,-11617.7813333293,-211.058409590662,TRUE,-12270.854905557,-12265.669951241,136.998831650428,121.701925640469,49.2741542068543,261.507802761627,0.564,0.584,0.627,1.17734803466842,1.18395092895026,1.40638154281556,0.70319077140778
"higher_rates_seq1000",1000,0.1,7,48,500,3.3166247903554,-11796.7810036307,-11795.8502353706,0.930768260046534,FALSE,-11840.5354235795,-11837.663136264,2.87228731547657,FALSE,-11834.320815481,-11831.4485281656,2.87228731547657,FALSE,-12531.1247404349,-12540.7108795664,133.609974648321,100.249259053611,43.7544199487638,41.8129008933338,0.588288888888889,0.598,0.638,1.32835194518544,1.42383785711527,1.42383785711527,0.711918928557636
"higher_rates_seq1000",1000,0.1,8,49,500,4,-11803.1952489044,-11807.7526663934,-4.55741748906439,TRUE,-11946.5341654478,-11891.1076996418,55.4264658060529,FALSE,-11940.3195573494,-11884.8930915433,55.4264658060529,FALSE,-12121.035249682,-12105.5923491056,50.0094183965203,51.4340258155446,143.33891654344,83.3550332483228,0.5732,0.567,0.638,1.22495770305696,1.20229044693428,1.45295486321196,0.726477431605981
"higher_rates_seq1000",1000,0.1,9,50,500,4.35889894354067,-11667.2630325843,-11666.4775944482,0.785438136112134,FALSE,-11964.9731299013,-11913.7330206759,51.2401092253767,FALSE,-11958.758521803,-11907.5184125791,51.2401092239306,FALSE,-12346.9638632394,-12353.1835915208,108.445260687787,95.0214071649759,297.710097317007,247.255426227743,0.5772,0.599,0.649,1.33490298453701,1.46500606989113,1.49906274433951,0.749531372169754
"higher_rates_seq1000",1000,0.1,10,51,500,3.16227766016838,-11880.9566936509,-11885.9802555434,-5.0235618924944,TRUE,-12200.2500271844,-12167.5585440612,32.6914831232189,FALSE,-12194.0354190861,-12161.3439359628,32.6914831233644,FALSE,-12629.3762374033,-12635.4034101277,128.004313370089,115.67836866839,319.293333533542,281.578288517829,0.5996,0.62,0.678,1.41578689879015,1.67599833352889,1.67599833352889,0.837999166764443
"higher_rates_seq1000",1000,0.1,11,52,500,2.44948974278318,-11856.3473324684,-11854.7548207227,1.59251174568453,FALSE,-12009.4800556306,-11899.2199599954,110.260095635158,FALSE,-12003.5761713323,-11893.1854958716,110.390675460756,FALSE,-12178.8499670058,-12167.8691749134,49.5090886751562,55.6556853883887,153.132723162147,44.4651392726737,0.578155555555556,0.591,0.646,1.23685737241226,1.35464410287194,1.45431287183944,0.727156435919718
"higher_rates_seq1000",1000,0.1,12,53,500,3.74165738677394,-11670.7910268625,-11669.58608153,1.20494533256169,FALSE,-11753.8182096915,-11865.5302789735,-111.712069282026,TRUE,-11747.603601593,-11859.3156708751,-111.712069282026,TRUE,-12603.0740366059,-12590.9101876463,137.67460139779,139.354789940117,83.0271828289297,195.944197443518,0.583888888888889,0.606,0.639,1.3463367006683,1.5121260497733,1.5121260497733,0.75606302488665
"higher_rates_seq1000",1000,0.1,13,54,500,2.23606797749979,-11300.5708027217,-11300.5930806408,-0.0222779190098663,TRUE,-11648.3058759842,-11619.5467955422,28.7590804420252,FALSE,-11642.0913563247,-11613.3321874438,28.7591688809061,FALSE,-12224.5665014612,-12220.5116873708,125.90146472858,145.448040007479,347.735073262504,318.953714901469,0.559155555555556,0.576,0.623,1.17989685085953,1.42731720488679,1.4326297930426,0.716314896521302
"higher_rates_seq1000",1000,0.1,14,55,500,2.23606797749979,-11502.4971389805,-11501.850003974,0.647135006560347,FALSE,-11701.443690276,-11706.0094239704,-4.56573369436228,TRUE,-11695.2290821776,-11699.7948158719,-4.56573369436228,TRUE,-12663.9322930236,-12658.5561235558,179.173636887474,172.465842154505,198.946551295454,204.159419996377,0.581311111111111,0.602,0.641,1.26383300884453,1.42059803381811,1.42059803381811,0.710299016909055
"higher_rates_seq1000",1000,0.1,15,56,500,3,-11736.414443573,-11738.2425739461,-1.82813037305641,TRUE,-11939.4851236179,-11915.8407601793,23.6443634385159,FALSE,-11933.2705155194,-11909.6261520809,23.6443634385159,FALSE,-12152.6219568026,-12170.8286656981,59.5851469604505,65.8233577783527,203.070680044846,177.598186233274,0.574533333333333,0.585,0.631,1.24388390582706,1.30859908619451,1.38394662207162,0.691973311035812
"higher_rates_seq1000",1000,0.1,16,57,500,3.87298334620742,-11557.1520986876,-11562.6706331197,-5.51853443215077,TRUE,-11618.2607528631,-11635.6046277117,-17.3438748486296,TRUE,-11612.0461447647,-11629.3900244236,-17.3438796589926,TRUE,-11952.0267192645,-11964.7177902145,58.7985595396046,59.7414400061013,61.1086541754739,72.9339945919528,0.559088888888889,0.582,0.632,1.20178335517483,1.32642587087321,1.4208159624283,0.710407981214148
"higher_rates_seq1000",1000,0.1,17,58,500,3,-11929.1884271198,-11927.8005194421,1.3879076777157,FALSE,-12096.9678942537,-12139.0907243149,-42.122830061131,TRUE,-12090.7532861553,-12132.8761162164,-42.122830061131,TRUE,-12439.1945939054,-12441.1961980997,76.3198111438122,75.1379288474426,167.779467133894,211.290204872741,0.592555555555556,0.61,0.647,1.3339430264492,1.33170382802668,1.52422908216197,0.762114541080987
"higher_rates_seq1000",1000,0.1,18,59,500,2.64575131106459,-11920.0953124192,-11921.4547232851,-1.35941086586172,TRUE,-12050.3376741705,-11978.2369659261,72.1007082443521,FALSE,-12044.1230660721,-11972.0223578277,72.1007082443521,FALSE,-12328.3351328459,-12340.4176975979,62.3178776081884,69.602338226594,130.2423617513,56.7822426410858,0.586355555555556,0.6,0.65,1.30147010962102,1.41308787965337,1.51908140519459,0.759540702597297
"higher_rates_seq1000",1000,0.1,19,60,500,0,-11895.3827624299,-11895.3827624405,-1.06429070001468e-08,TRUE,-11982.6992395471,-12159.9202233967,-177.220983849602,TRUE,-11976.4846314487,-12153.7056152983,-177.220983849602,TRUE,-12775.7327813576,-12789.0998844208,156.748202539532,139.854211721025,87.3164771172269,264.537460956186,0.603244444444444,0.625,0.677,1.41081367968956,1.65108524919349,1.65108524919349,0.825542624596747
"higher_rates_seq1000",1000,0.1,20,61,500,1.73205080756888,-11925.5293293462,-11923.4747859344,2.05454341177938,FALSE,-12105.967020467,-12014.2337845366,91.7332359303618,FALSE,-12100.1730425189,-12008.0191764382,92.1538660806691,FALSE,-12382.3989468137,-12379.0006630459,66.2273582251432,68.7563355515469,180.437691120784,90.7589986022012,0.586644444444444,0.606,0.652,1.32619811095817,1.4087563269381,1.52233342584238,0.761166712921192
"higher_rates_seq1000",1000,0.15,1,42,500,0,-12407.0620770649,-12407.062077067,-2.1063897293061e-09,TRUE,-12623.4927737103,-12498.7681600229,124.724613687449,FALSE,-12617.2781656119,-12492.5535519244,124.724613687449,FALSE,-13238.3881137124,-13242.334493161,137.759557491875,135.121523213308,216.430696645428,91.7060829558723,0.640422222222222,0.669,0.708,1.8652731664365,2.21224659876418,2.21224659876418,1.10612329938209
"higher_rates_seq1000",1000,0.15,2,43,500,3,-12519.0221961101,-12520.1593154375,-1.13711932741171,TRUE,-12627.4523299044,-12654.711668335,-27.2593384306729,TRUE,-12621.2457261989,-12648.4970624499,-27.2513362509726,TRUE,-12823.6203960839,-12814.3669851398,50.8535267351915,50.4267833529875,108.430133794227,134.552352897488,0.625222222222222,0.633,0.703,1.67276566698522,1.67726197131537,2.10471121524666,1.05235560762333
"higher_rates_seq1000",1000,0.15,3,44,500,0,-12738.2492854292,-12738.2594467066,-0.0101612774033129,TRUE,-12863.3942729125,-12904.7701468871,-41.3758739745917,TRUE,-12857.1796648141,-12898.5555387887,-41.3758739745917,TRUE,-13208.8417898025,-13215.3266266697,75.6742954577001,70.4386722542691,125.144987483305,166.510700180494,0.648666666666667,0.664,0.702,1.9201740677688,2.16819891409867,2.16819891409867,1.08409945704933
"higher_rates_seq1000",1000,0.15,4,45,500,1.4142135623731,-12777.9571825011,-12779.0855874962,-1.12840499511913,TRUE,-12887.2340047691,-12868.1527405047,19.081264264345,FALSE,-12881.0193966707,-12861.9381324063,19.081264264345,FALSE,-13329.3999082925,-13328.3364095966,74.1221834552883,85.546487918602,109.276822268004,89.0671530085401,0.6554,0.665,0.707,2.01129674071309,2.07867404920816,2.28013678558085,1.14006839279042
"higher_rates_seq1000",1000,0.15,5,46,500,2.44948974278318,-12650.9495512589,-12650.2654866187,0.684064640216093,FALSE,-12674.1345214882,-12663.866100572,10.2684209162308,FALSE,-12668.2567122281,-12657.6514924736,10.6052197545578,FALSE,-12803.7647971079,-12808.6773342415,37.0579780529084,36.1240631502745,23.1849702293548,13.6006139533401,0.630533333333333,0.653,0.689,1.72168438386015,1.9619927787491,2.00827172760521,1.0041358638026
"higher_rates_seq1000",1000,0.15,6,47,500,1.73205080756888,-12452.1047042449,-12451.8969242923,0.207779952599594,FALSE,-12554.3119367307,-12556.614338048,-2.30240131730898,TRUE,-12548.0973286323,-12550.3997299566,-2.30240132433573,TRUE,-13193.8488640232,-13191.8341878714,110.288805799465,114.751096812896,102.20723248574,104.717413755649,0.640088888888889,0.663,0.7,1.76602205200262,1.77592639342538,2.10957231422334,1.05478615711167
"higher_rates_seq1000",1000,0.15,7,48,500,3.3166247903554,-12768.084536371,-12764.3621226398,3.7224137311423,FALSE,-12815.251938321,-12813.0814427015,2.17049561950262,FALSE,-12809.0536239003,-12806.8791962142,2.17442768606816,FALSE,-13362.11985131,-13345.7730596989,80.5756382366333,88.0667657711017,47.1674019500515,48.7193200616912,0.657177777777778,0.667,0.696,1.99252791777816,2.1357567856729,2.13575678567291,1.06787839283645
"higher_rates_seq1000",1000,0.15,8,49,500,2.23606797749979,-12895.9541809752,-12899.4245287738,-3.47034779859678,TRUE,-12957.775727587,-12954.4632473611,3.31248022591717,FALSE,-12951.5611194886,-12948.2486392627,3.31248022592081,FALSE,-13105.9890173364,-13107.4486579188,34.8696850477579,37.0072062102193,61.8215466118054,55.0387185872914,0.652355555555556,0.65,0.704,1.83743655458545,1.80343567040142,2.17943229481794,1.08971614740897
"higher_rates_seq1000",1000,0.15,9,50,500,3.46410161513775,-12785.4418456035,-12783.3377916072,2.1040539962305,FALSE,-12933.2422354326,-12943.8299993272,-10.5877638946004,TRUE,-12927.0276278664,-12937.6489273853,-10.6212995189508,TRUE,-13272.2848217589,-13271.2459596954,77.7197667043334,72.2146110159276,147.800389829137,160.492207719968,0.654333333333333,0.666,0.708,2.00235447680552,2.1975091048367,2.24859411650926,1.12429705825463
"higher_rates_seq1000",1000,0.15,10,51,500,3.16227766016838,-12965.4372705457,-12968.2846572562,-2.84738671045125,TRUE,-13149.4745191463,-13140.0979951018,9.37652404451728,FALSE,-13143.2599445242,-13133.8833870035,9.37655752074897,FALSE,-13412.4769636044,-13417.7122970918,73.5783960513773,69.8054832639472,184.037248600593,171.813337845624,0.671066666666667,0.689,0.718,2.12368034818523,2.51399750029333,2.51399750029333,1.25699875014666
"higher_rates_seq1000",1000,0.15,11,52,500,5.19615242270663,-12890.9941228722,-12885.1196348991,5.87448797310753,FALSE,-12918.4666303254,-12915.9221448434,2.54448548200162,FALSE,-12912.2520484901,-12909.7075477413,2.54450074880879,FALSE,-13096.3931573839,-13093.5937724587,35.4614266922891,36.8263646623708,27.4725074531816,30.8025099442875,0.651933333333333,0.665,0.703,1.85528605861839,2.03196615430791,2.18146930775915,1.09073465387958
"higher_rates_seq1000",1000,0.15,12,53,500,3.60555127546399,-12690.4049702807,-12686.8787414606,3.52622882013202,FALSE,-12839.1228424454,-12821.0784793786,18.0443630667978,FALSE,-12832.908234347,-12814.8638720009,18.0443623460887,FALSE,-13421.3032350108,-13420.3496846315,116.534816989557,100.927846985178,148.717872164672,134.199737918007,0.655955555555556,0.672,0.706,2.01950505100244,2.26818907465995,2.26818907465995,1.13409453732998
"higher_rates_seq1000",1000,0.15,13,54,500,2.64575131106459,-12542.8476014761,-12540.3527265932,2.49487488287923,FALSE,-12754.9232692942,-12667.0280340634,87.8952352307952,FALSE,-12748.7086612245,-12660.8480057597,87.8606554648504,FALSE,-13229.1367900931,-13215.2069135821,93.9398460560976,117.126372019203,212.075667818081,126.675307470165,0.640777777777778,0.66,0.692,1.76984527628929,2.14097580733019,2.14894468956391,1.07447234478195
"higher_rates_seq1000",1000,0.15,14,55,500,2.82842712474619,-12542.1554922433,-12544.7987730607,-2.64328081743952,TRUE,-12681.4788922336,-12672.9960931747,8.4827990588783,FALSE,-12675.2843334997,-12666.781646037,8.50268746265283,FALSE,-13479.7792128482,-13487.0258066021,134.212197765427,131.827845950141,139.323399990259,128.197320113941,0.653266666666667,0.67,0.708,1.89574951326679,2.13089705072716,2.13089705072716,1.06544852536358
"higher_rates_seq1000",1000,0.15,15,56,500,2,-12835.4978759568,-12839.3335161796,-3.83564022279643,TRUE,-12906.8570449128,-12955.967391207,-49.1103462941137,TRUE,-12900.6424368144,-12949.7527831186,-49.1103463042109,TRUE,-13074.3608104098,-13079.662299645,37.9349202216997,36.4518326512207,71.3591689560017,116.633875027319,0.648422222222222,0.655,0.696,1.86582585874058,1.96289862929177,2.07591993310743,1.03795996655372
"higher_rates_seq1000",1000,0.15,16,57,500,2.82842712474619,-12731.0493926216,-12747.2207485573,-16.171355935694,TRUE,-12795.6034838784,-12876.146912075,-80.5434281965845,TRUE,-12789.38887578,-12869.9372077402,-80.5483319601917,TRUE,-12996.8972950755,-13013.6266603952,42.8588220582351,42.1264872264365,64.5540912567976,128.926163517688,0.640955555555556,0.654,0.715,1.80267503276225,1.98963880630981,2.13122394364244,1.06561197182122
"higher_rates_seq1000",1000,0.15,17,58,500,2,-12975.036498147,-12974.445846878,0.59065126902351,FALSE,-13090.9465607873,-13044.8183315287,46.1282292585638,FALSE,-13084.7319526888,-13038.6037234303,46.1282292585638,FALSE,-13282.780136134,-13284.5924426359,47.6323682325714,48.1124482805677,115.910062640269,70.3724846507284,0.665755555555556,0.68,0.709,2.0009145396738,1.99755574204002,2.28634362324296,1.14317181162148
"higher_rates_seq1000",1000,0.15,18,59,500,2.64575131106459,-12940.4815607862,-12941.6281403795,-1.14657959336364,TRUE,-13003.145175149,-13016.6628872844,-13.5177121353699,TRUE,-12996.9305670506,-13010.448279186,-13.5177121354063,TRUE,-13173.5666833709,-13185.9626712922,35.1081066124091,39.1532553491543,62.6636143628766,75.0347469048829,0.655644444444444,0.667,0.708,1.95220516443154,2.11963181948006,2.27862210779189,1.13931105389595
"higher_rates_seq1000",1000,0.15,19,60,500,0,-12921.1967406854,-12921.9445231089,-0.747782423468379,TRUE,-13153.5892668251,-13092.2910916672,61.2981751579209,FALSE,-13147.3947527376,-13086.0764835688,61.3182691688071,FALSE,-13444.4332539173,-13443.7546289385,80.4624588513539,90.6048209906601,232.392526139747,170.346568558358,0.670755555555556,0.683,0.722,2.11622051953434,2.47662787379024,2.47662787379024,1.23831393689512
"higher_rates_seq1000",1000,0.15,20,61,500,2.64575131106459,-12898.8959672008,-12897.4251106404,1.47085656037052,FALSE,-12991.1079737919,-12994.7669214459,-3.65894765402663,TRUE,-12984.8934144596,-12988.5523133505,-3.65889889092796,TRUE,-13187.4943973368,-13179.539294009,45.3887755429413,43.6586348561484,92.2120065910931,97.3418108054902,0.654444444444444,0.665,0.705,1.98929716643725,2.11313449040715,2.28350013876357,1.14175006938179
"higher_rates_seq1000",1000,0.2,1,42,500,3.3166247903554,-13053.6678897476,-13047.5919494432,6.0759403043121,FALSE,-13232.2046834534,-13193.2641608657,38.9405225876853,FALSE,-13225.9910154905,-13187.0495527673,38.9414627232509,FALSE,-13607.1588974565,-13605.6109986574,85.4518466542169,89.191118633397,178.536793705825,145.672211422452,0.679266666666667,0.696,0.724,2.487030888582,2.94966213168557,2.94966213168557,1.47483106584279
"higher_rates_seq1000",1000,0.2,2,43,500,2.23606797749979,-13146.5669730343,-13152.5304638854,-5.96349085114889,TRUE,-13224.1966862437,-13231.4807764643,-7.28409022055166,TRUE,-13217.98314296,-13225.2694275284,-7.2862845683303,TRUE,-13374.9796638906,-13369.271369789,40.602352223172,42.6035859384626,77.6297132094842,78.950312578887,0.673377777777778,0.679,0.742,2.23035422264695,2.23634929508716,2.80628162032888,1.40314081016444
"higher_rates_seq1000",1000,0.2,3,44,500,3,-13272.0879947509,-13268.2046172293,3.88337752163716,FALSE,-13344.3970381437,-13397.5367527367,-53.1397145929714,TRUE,-13338.2202339562,-13391.4604317428,-53.2401977866084,TRUE,-13576.3042605665,-13562.5517600282,51.1479872580271,45.0407910766909,72.3090433928191,129.332135507428,0.688711111111111,0.699,0.747,2.5602320903584,2.89093188546489,2.89093188546489,1.44546594273245
"higher_rates_seq1000",1000,0.2,4,45,500,2.23606797749979,-13286.0550320021,-13286.0526282107,0.00240379140086588,FALSE,-13320.1202513906,-13355.8387513048,-35.71849991421,TRUE,-13313.9056432921,-13349.6284134332,-35.7227701411066,TRUE,-13688.4697657249,-13687.0068967092,64.3094382603888,61.7274112551151,34.065219388458,69.7861230940689,0.694244444444444,0.705,0.746,2.68172898761745,2.77156539894421,3.04018238077446,1.52009119038723
"higher_rates_seq1000",1000,0.2,5,46,500,4.12310562561766,-13262.475944897,-13265.3660832389,-2.89013834189973,TRUE,-13278.9197119631,-13283.8742344211,-4.95452245802153,TRUE,-13273.3018010842,-13278.3784297258,-5.07662864153826,TRUE,-13369.0503530201,-13373.151238714,27.9920041259546,28.2683528646122,16.4437670660391,18.5081511821609,0.6766,0.688,0.728,2.2955791784802,2.61599037166547,2.67769563680694,1.33884781840347
"higher_rates_seq1000",1000,0.2,6,47,500,1.73205080756888,-13078.1317185337,-13078.9192861823,-0.787567648592812,TRUE,-13173.7039453303,-13132.528004584,41.1759407462177,FALSE,-13168.0476634874,-13126.3133964856,41.7342670017351,FALSE,-13586.1358733354,-13581.3018572872,81.2521455395635,76.6932533630639,95.5722267965994,53.6087184017888,0.682266666666667,0.696,0.747,2.35469606933683,2.36790185790051,2.81276308563112,1.40638154281556
"higher_rates_seq1000",1000,0.2,7,48,500,2.82842712474619,-13275.6988630564,-13271.9937601649,3.70510289143931,FALSE,-13325.5940879773,-13311.1463132482,14.4477747290075,FALSE,-13319.4829655911,-13304.9434368667,14.5395287243919,FALSE,-13751.3592324652,-13744.1412235715,61.5316201570417,60.7460196841565,49.895224920896,39.1525530833278,0.697688888888889,0.704,0.744,2.65670389037087,2.84767571423054,2.84767571423054,1.42383785711527
"higher_rates_seq1000",1000,0.2,8,49,500,3,-13387.5087812535,-13389.839825991,-2.33104473753701,TRUE,-13434.0359822799,-13423.9228474931,10.1131347868522,FALSE,-13427.8219973493,-13417.7082400171,10.1137573321339,FALSE,-13510.398604575,-13516.6068201338,22.9015919103847,22.2398599584383,46.527201026398,34.0830215020087,0.691022222222222,0.691,0.741,2.44991540611393,2.40458089386856,2.90590972642392,1.45295486321196
"higher_rates_seq1000",1000,0.2,9,50,500,3.3166247903554,-13301.1817687091,-13300.0944593458,1.08730936327629,FALSE,-13432.4600400799,-13386.5328694086,45.9271706712534,FALSE,-13426.2456851916,-13380.3183131972,45.9273719944176,FALSE,-13622.0118980319,-13615.8615836629,44.4603861131849,51.2892981414594,131.278271370806,86.4384100628286,0.691933333333333,0.699,0.743,2.66980596907403,2.93001213978227,2.99812548867902,1.49906274433951
"higher_rates_seq1000",1000,0.2,10,51,500,3.16227766016838,-13397.4275768591,-13398.288763826,-0.861186966893001,TRUE,-13518.1000074776,-13479.2205537548,38.8794537228223,FALSE,-13512.3926801572,-13473.0059457163,39.3867344409264,FALSE,-13673.1375543273,-13681.1124774345,46.5493250627794,43.1995153692215,120.672430618562,80.9317899288471,0.702155555555556,0.712,0.737,2.83157379758031,3.35199666705777,3.35199666705777,1.67599833352889
"higher_rates_seq1000",1000,0.2,11,52,500,4.12310562561766,-13375.6271852689,-13373.2592826151,2.3679026538357,FALSE,-13392.8701260935,-13384.3320667857,8.53805930784256,FALSE,-13386.918782154,-13378.1450018043,8.77378034970752,FALSE,-13522.3674949643,-13519.5821659453,33.2909144667796,31.2496729340791,17.2429408245789,11.072784170572,0.6922,0.701,0.742,2.47371474482453,2.70928820574388,2.90862574367887,1.45431287183944
"higher_rates_seq1000",1000,0.2,12,53,500,2.82842712474619,-13201.5157079091,-13199.5532451073,1.96246280183368,FALSE,-13277.7331815179,-13290.8253739575,-13.0921924395789,TRUE,-13271.5185737438,-13285.1926490158,-13.6740752720179,TRUE,-13730.7381150742,-13743.6612868367,102.449399509504,72.0569454866374,76.2174736088036,91.2721288502162,0.691111111111111,0.703,0.73,2.69267340133659,3.0242520995466,3.0242520995466,1.5121260497733
"higher_rates_seq1000",1000,0.2,13,54,500,1.73205080756888,-13085.474333224,-13085.1921893601,0.282143863822057,FALSE,-13209.419042715,-13167.7282476054,41.6907951095654,FALSE,-13203.2044346166,-13161.513639508,41.690795108605,FALSE,-13621.9330552024,-13619.059420016,75.939237574572,85.8187761192091,123.944709491028,82.536058245285,0.679644444444444,0.684,0.739,2.35979370171906,2.85463440977359,2.86525958608521,1.4326297930426
"higher_rates_seq1000",1000,0.2,14,55,500,0,-13039.3057066601,-13039.5045712049,-0.198864544785465,TRUE,-13117.116859594,-13130.7488062135,-13.6319466195418,TRUE,-13110.9022514955,-13124.5397513747,-13.6374998791161,TRUE,-13772.1511329024,-13784.2348528718,129.874457949618,108.343187732336,77.8111529338639,91.2442350086203,0.687866666666667,0.704,0.745,2.52766601768906,2.84119606763621,2.84119606763622,1.42059803381811
"higher_rates_seq1000",1000,0.2,15,56,500,3.74165738677394,-13337.888684024,-13343.5419497841,-5.65326576017833,TRUE,-13389.2844361509,-13401.9529971758,-12.6685610248987,TRUE,-13383.0698284948,-13395.7383900483,-12.668561553568,TRUE,-13488.0065155227,-13497.0816569293,26.5879256425264,27.0176150334915,51.3957521269258,58.4110473916462,0.686844444444444,0.693,0.726,2.48776781165411,2.61719817238902,2.76789324414325,1.38394662207162
"higher_rates_seq1000",1000,0.2,16,57,500,1.4142135623731,-13240.0923272204,-13242.6244145526,-2.53208733214524,TRUE,-13283.6374264534,-13313.4003224247,-29.7628959713311,TRUE,-13277.51741689,-13307.7628638043,-30.2454469143449,TRUE,-13425.9649588627,-13435.3107039183,35.6391746142515,31.0264302495183,43.5450992329643,70.7759078721501,0.678466666666667,0.688,0.742,2.40356671034966,2.65285174174642,2.84163192485659,1.4208159624283
"higher_rates_seq1000",1000,0.2,17,58,500,2.23606797749979,-13454.3623343027,-13454.9900963941,-0.627762091397017,TRUE,-13545.9541306606,-13536.5459197942,9.40821086635515,FALSE,-13539.7997969831,-13530.4893064959,9.31049048716341,FALSE,-13639.1591612761,-13640.8609842854,27.2735868906498,30.8160226834687,91.5917963578268,81.5558234000746,0.701466666666667,0.709,0.736,2.6678860528984,2.66340765605336,3.04845816432395,1.52422908216197
"higher_rates_seq1000",1000,0.2,18,59,500,1.4142135623731,-13423.8912163211,-13422.8446678458,1.04654847526399,FALSE,-13459.7725905066,-13472.0571032463,-12.2845127397122,TRUE,-13453.5902516407,-13466.2242531402,-12.6340014995585,TRUE,-13549.7239232331,-13551.5165167395,22.0438700844677,20.5404695550978,35.8813741855211,49.2124354004973,0.694044444444444,0.698,0.758,2.60294021924205,2.82617575930675,3.03816281038919,1.51908140519459
"higher_rates_seq1000",1000,0.2,19,60,500,2.23606797749979,-13394.6595450181,-13395.6071274799,-0.947582461780257,TRUE,-13534.6617883803,-13531.5911844078,3.07060397255009,FALSE,-13528.4471861051,-13525.3765763176,3.0706097874754,FALSE,-13731.1529615302,-13729.9100896579,55.2199992233319,59.3172704473313,140.002243362194,135.984056927864,0.706222222222222,0.717,0.746,2.82162735937913,3.30217049838698,3.30217049838699,1.6510852491935
"higher_rates_seq1000",1000,0.2,20,61,500,2.64575131106459,-13418.1927922685,-13412.7144524733,5.4783397952051,FALSE,-13440.2884674339,-13489.271044873,-48.9825774391302,TRUE,-13434.0738593355,-13483.0571952567,-48.9833359212771,TRUE,-13585.7340577068,-13583.6820330501,29.4752391397614,27.2673096317994,22.0956751654012,76.5565923997365,0.692888888888889,0.702,0.745,2.65239622191633,2.8175126538762,3.04466685168476,1.52233342584238
"higher_rates_seq1000",1000,0.3,1,42,500,3.87298334620742,-13597.6179295248,-13590.5642635413,7.05366598350338,FALSE,-13673.5018544291,-13616.2980994341,57.20375499496,FALSE,-13667.2873554246,-13610.0834913357,57.2038640888932,FALSE,-13850.7629251446,-13846.2782872467,39.6664833575289,43.3091743954816,75.8839249043103,25.7338358928537,0.719977777777778,0.73,0.769,3.730546332873,4.42449319752835,4.42449319752836,2.21224659876418
"higher_rates_seq1000",1000,0.3,2,43,500,2.64575131106459,-13660.3254240904,-13659.9681417144,0.357282375969589,FALSE,-13700.6627132743,-13706.5376277032,-5.87491442887767,TRUE,-13694.4487399017,-13700.5238025196,-6.07506261785602,TRUE,-13751.0697947176,-13750.857320132,16.3413026819462,16.331615759411,40.3372891839208,46.5694859887681,0.718688888888889,0.717,0.765,3.34553133397043,3.35452394263074,4.20942243049332,2.10471121524666
"higher_rates_seq1000",1000,0.3,3,44,500,4.47213595499958,-13698.7922480491,-13700.5646434764,-1.77239542730604,TRUE,-13746.6127355183,-13732.81140133,13.8013341883343,FALSE,-13741.0193805346,-13726.59679324,14.4225872946354,FALSE,-13817.8431548525,-13820.1166585649,20.7830449200047,21.5982093578349,47.8204874692456,32.2467578536052,0.726177777777778,0.73,0.769,3.8403481355376,4.33639782819734,4.33639782819734,2.16819891409867
"higher_rates_seq1000",1000,0.3,4,45,500,4.35889894354067,-13684.4251295127,-13683.5226172914,0.902512221307916,FALSE,-13717.3566882471,-13709.3315970437,8.02509120346986,FALSE,-13711.144498236,-13703.1169985915,8.02749964450595,FALSE,-13873.7817622406,-13873.3940668457,27.8764594018092,27.4965060309425,32.9315587344663,25.8089797523044,0.728555555555556,0.733,0.767,4.02259348142617,4.15734809841631,4.56027357116169,2.28013678558085
"higher_rates_seq1000",1000,0.3,5,46,500,3.87298334620742,-13716.8369546643,-13714.760026602,2.07692806232444,FALSE,-13722.1276311222,-13723.5756932466,-1.44806212438016,TRUE,-13716.8227294777,-13717.6464701297,-0.823740651974731,TRUE,-13756.2225113942,-13757.8171454262,11.7389902363331,11.9257134128519,5.29067645795476,8.81566664465936,0.720177777777778,0.719,0.766,3.4433687677203,3.9239855574982,4.01654345521041,2.00827172760521
"higher_rates_seq1000",1000,0.3,6,47,500,3.60555127546399,-13581.922114181,-13582.4533101255,-0.531195944546198,TRUE,-13658.2687674059,-13625.0209673735,33.2478000324718,FALSE,-13652.0541593075,-13618.8063592787,33.2478000287902,FALSE,-13828.3597115605,-13837.1240743818,38.6357738338413,37.6678721425109,76.3466532249604,42.5676572479424,0.718844444444444,0.727,0.761,3.53204410400525,3.55185278685077,4.21914462844667,2.10957231422334
"higher_rates_seq1000",1000,0.3,7,48,500,1.73205080756888,-13639.9532697875,-13639.3656297977,0.587639989804302,FALSE,-13652.060742504,-13649.9098516599,2.15089084408464,FALSE,-13646.2820721883,-13643.9831427372,2.29892945110805,FALSE,-13917.7208642642,-13911.9822534695,37.959437071202,47.5295657770151,12.1074727164414,10.5442218621611,0.728155555555556,0.732,0.765,3.98505583555631,4.27151357134581,4.27151357134581,2.13575678567291
"higher_rates_seq1000",1000,0.3,8,49,500,3.46410161513775,-13753.8179361287,-13756.0479707621,-2.23003463348323,TRUE,-13777.0574899497,-13772.3620386213,4.69545132848361,FALSE,-13771.7133356539,-13766.4997125252,5.21362312868951,FALSE,-13802.2329055084,-13799.9106717484,9.52899928069475,10.6515143920613,23.2395538210803,16.3140678591135,0.729933333333333,0.734,0.766,3.67487310917089,3.60687134080283,4.35886458963588,2.17943229481794
"higher_rates_seq1000",1000,0.3,9,50,500,5.19615242270663,-13693.2171196001,-13691.735627919,1.48149168106465,FALSE,-13718.588461375,-13732.6457060525,-14.0572446774913,TRUE,-13712.7074612598,-13726.6527553278,-13.9452940679421,TRUE,-13833.3407771179,-13829.5844664774,24.5156619219138,23.8949740821411,25.3713417749677,40.9100781335237,0.726822222222222,0.734,0.763,4.00470895361104,4.3950182096734,4.49718823301852,2.24859411650926
"higher_rates_seq1000",1000,0.3,10,51,500,4.24264068711928,-13747.1427351321,-13751.6348849424,-4.49214981036675,TRUE,-13778.0737405839,-13774.4241546851,3.64958589884009,FALSE,-13772.1461767019,-13768.3525473344,3.79362936750113,FALSE,-13840.6184505971,-13840.9589856672,15.429424446317,15.9789743343163,30.9310054518446,22.7892697426378,0.731511111111111,0.735,0.766,4.24736069637046,5.02799500058665,5.02799500058666,2.51399750029333
"higher_rates_seq1000",1000,0.3,11,52,500,3.60555127546399,-13722.8746388404,-13723.5747604789,-0.700121638505152,TRUE,-13728.9113913494,-13737.3807270757,-8.46933572625676,TRUE,-13722.6967833808,-13731.2363723239,-8.53958894314201,TRUE,-13798.0436800884,-13802.2750389322,15.838568635148,14.4488945855324,6.03675250906781,13.8059665968194,0.726044444444444,0.729,0.764,3.71057211723679,4.06393230861582,4.36293861551831,2.18146930775915
"higher_rates_seq1000",1000,0.3,12,53,500,4.12310562561766,-13622.358683341,-13620.9297642404,1.42891910060644,FALSE,-13653.5598854631,-13649.9277658234,3.63211963973299,FALSE,-13647.5624247878,-13643.7740831744,3.78834161344275,FALSE,-13901.7197680732,-13896.4467803107,47.9021698707256,45.8959802883574,31.2012021220817,28.9980015829551,0.722577777777778,0.731,0.765,4.03901010200489,4.5363781493199,4.5363781493199,2.26818907465995
"higher_rates_seq1000",1000,0.3,13,54,500,2.64575131106459,-13548.5732266599,-13548.4325557657,0.14067089413038,FALSE,-13577.0854069602,-13573.8186906874,3.26671627277756,FALSE,-13570.8707988647,-13567.6040831514,3.26671571329825,FALSE,-13867.5660351785,-13861.1165661884,49.5158072363944,57.8311890390706,28.5121803003422,25.386134921695,0.717977777777778,0.727,0.76,3.53969055257858,4.28195161466038,4.29788937912781,2.14894468956391
"higher_rates_seq1000",1000,0.3,14,55,500,3,-13510.7429966654,-13512.0597145092,-1.31671784379978,TRUE,-13546.6205278139,-13535.2735719012,11.3469559126752,FALSE,-13540.4059207948,-13529.0791900104,11.3267307844199,FALSE,-13955.3816003133,-13955.071179707,64.4866345477683,74.0788944921895,35.8775311485097,23.2138573920347,0.721,0.732,0.768,3.79149902653358,4.26179410145432,4.26179410145433,2.13089705072716
"higher_rates_seq1000",1000,0.3,15,56,500,4.35889894354067,-13738.6562046385,-13744.5764930862,-5.92028844763263,TRUE,-13757.7865493534,-13763.1177323149,-5.33118296149405,TRUE,-13751.5721607789,-13757.2008995192,-5.62873874024808,TRUE,-13782.7372900128,-13786.1908421193,7.68105967401997,8.05475305501584,19.1303447148712,18.5412392287326,0.720822222222222,0.721,0.753,3.73165171748117,3.92579725858353,4.15183986621487,2.07591993310743
"higher_rates_seq1000",1000,0.3,16,57,500,2.44948974278318,-13686.1795237638,-13690.6339125353,-4.45438877153356,TRUE,-13710.4857625015,-13707.6526344834,2.83312801810825,FALSE,-13704.3285805804,-13701.7405105755,2.58807000486922,FALSE,-13758.0679784169,-13759.9553055861,14.6240580372151,14.3884364186921,24.3062387376976,17.0187219480558,0.716444444444444,0.722,0.758,3.6053500655245,3.97927761261962,4.26244788728489,2.13122394364245
"higher_rates_seq1000",1000,0.3,17,58,500,2.44948974278318,-13763.1518682537,-13763.6170790234,-0.46521076972931,TRUE,-13780.5893463677,-13795.5815975952,-14.9922512275352,TRUE,-13774.4382247566,-13789.5474153004,-15.1091905438188,TRUE,-13823.9419377906,-13826.8321588518,11.4195969078183,10.9875222932131,17.4374781140159,31.9645185718218,0.732733333333333,0.735,0.781,4.0018290793476,3.99511148408004,4.57268724648592,2.28634362324296
"higher_rates_seq1000",1000,0.3,18,59,500,2.44948974278318,-13769.1490597625,-13771.4108650187,-2.26180525615018,TRUE,-13774.7235542583,-13791.2884605899,-16.5649063315577,TRUE,-13768.5089466994,-13785.1047959081,-16.5958492087229,TRUE,-13813.2932018061,-13815.5121142189,8.84166219642329,8.0631372444575,5.574494495826,19.8775955712335,0.731044444444444,0.732,0.771,3.90441032886307,4.23926363896012,4.55724421558378,2.27862210779189
"higher_rates_seq1000",1000,0.3,19,60,500,4,-13718.4738434127,-13719.5991087373,-1.12526532462107,TRUE,-13741.7583252895,-13748.3028910163,-6.54456572673917,TRUE,-13735.5441172738,-13742.0937735606,-6.54965628686296,TRUE,-13837.9277373111,-13834.7057528602,22.4349141371727,20.8193823438458,23.2844818767953,28.7037822789134,0.731311111111111,0.735,0.764,4.23244103906869,4.95325574758048,4.95325574758048,2.47662787379024
"higher_rates_seq1000",1000,0.3,20,61,500,4.24264068711928,-13742.4713672897,-13745.5401827583,-3.0688154686286,TRUE,-13765.1946273747,-13755.9851341248,9.20949324986032,FALSE,-13758.9858922219,-13749.7705268463,9.21536537554312,FALSE,-13806.0803976167,-13811.1673328051,12.0143362839864,11.7549481131637,22.7232600850093,10.4449513665204,0.722688888888889,0.727,0.761,3.9785943328745,4.2262689808143,4.56700027752715,2.28350013876357
"longer_sequences_moderate_rates",10000,0.01,1,42,500,1.73205080756888,-38965.5785527316,-38964.9066839975,0.671868734098098,FALSE,-42330.4088923392,-40904.7793249872,1425.62956735199,FALSE,-42324.1942842408,-40898.564716889,1425.62956735174,FALSE,-46249.4288818378,-46283.1263786331,1138.1673688221,1256.70346813896,3364.83033960759,1939.87264098969,0.115871111111111,0.1304,0.1416,0.1243515444291,0.147483106584278,0.147483106584279,0.0737415532921394
"longer_sequences_moderate_rates",10000,0.01,2,43,500,1.73205080756888,-38348.7945835298,-38380.8925932421,-32.0980097123538,TRUE,-39480.0185327845,-39539.9400673105,-59.9215345260673,TRUE,-39473.8039246861,-39533.7254592121,-59.92153452606,TRUE,-41285.8726681125,-41286.6933613145,378.457455913359,375.936340068787,1131.22394925469,1159.04747406841,0.10224,0.103,0.1325,0.111517711132348,0.111817464754358,0.140314081016444,0.070157040508222
"longer_sequences_moderate_rates",10000,0.01,3,44,500,2,-39826.2566354563,-39826.3326449726,-0.0760095163059304,TRUE,-42228.2397515153,-42376.3758752284,-148.136123713026,TRUE,-42222.0251434169,-42370.16126713,-148.136123713026,TRUE,-45176.3859135788,-45241.9478387047,852.897278132516,766.195484383436,2401.98311605903,2550.04323025575,0.115064444444444,0.125,0.1336,0.12801160451792,0.144546594273245,0.144546594273245,0.0722732971366223
"longer_sequences_moderate_rates",10000,0.01,4,45,500,1,-41169.2786243525,-41175.1231767642,-5.8445524116687,TRUE,-42384.1160291982,-43285.8388641355,-901.722834937333,TRUE,-42377.9014210998,-43279.6242560371,-901.722834937333,TRUE,-46245.0559832083,-46277.3429322768,752.987297927228,674.83334092554,1214.83740484566,2110.71568737132,0.121033333333333,0.1252,0.1406,0.134086449380872,0.13857826994721,0.152009119038723,0.0760045595193616
"longer_sequences_moderate_rates",10000,0.01,5,46,500,3.16227766016838,-40027.1153661342,-40052.9562027739,-25.8408366397125,TRUE,-40515.568839291,-40428.2116894507,87.3571498403471,FALSE,-40509.3568975721,-40421.9970813573,87.3598162147246,FALSE,-41572.8838872068,-41562.5707178426,181.675825613164,189.532103820786,488.453473156864,375.255486676804,0.107024444444444,0.1174,0.1273,0.11477895892401,0.130799518583273,0.133884781840347,0.0669423909201736
"longer_sequences_moderate_rates",10000,0.01,6,47,500,0,-38591.4667346846,-38591.4667346919,-7.34144123271108e-09,TRUE,-39004.1230933951,-39894.3615173712,-890.238423976101,TRUE,-38997.9084852967,-39888.1469092728,-890.238423976101,TRUE,-43470.5036676616,-43459.3900762188,683.77021440845,700.201029656205,412.656358710548,1302.89478267931,0.108455555555556,0.1105,0.1321,0.117734803466842,0.118395092895026,0.140638154281556,0.070319077140778
"longer_sequences_moderate_rates",10000,0.01,7,48,500,2,-41735.3149284044,-41746.9755635385,-11.6606351340597,TRUE,-42490.9653638743,-42497.1247852847,-6.15942141040432,TRUE,-42484.7507557759,-42490.9101771863,-6.15942141040432,TRUE,-46277.4979902603,-46384.6845204525,770.453379484854,592.958827477018,755.650435469855,750.1492217462,0.122602222222222,0.1263,0.1378,0.132835194518544,0.142383785711527,0.142383785711527,0.0711918928557636
"longer_sequences_moderate_rates",10000,0.01,8,49,500,1.73205080756888,-40281.9539664179,-40281.4574423345,0.496524083348049,FALSE,-41529.4041350066,-41391.5367528108,137.867382195822,FALSE,-41523.1895269082,-41385.3221447124,137.867382195822,FALSE,-42574.9985101643,-42572.8715287436,286.951468304214,277.5923390829,1247.45016858875,1110.07931047628,0.109948888888889,0.1066,0.1346,0.122495770305696,0.120229044693428,0.145295486321196,0.0726477431605981
"longer_sequences_moderate_rates",10000,0.01,9,50,500,1,-41067.5100030704,-41067.9991982972,-0.489195226728043,TRUE,-43110.9173839174,-43138.3447141629,-27.4273302454239,TRUE,-43104.702775819,-43132.1301060644,-27.4273302454239,TRUE,-46145.8525636129,-46217.2493249631,808.637421388909,773.919573764731,2043.407380847,2070.34551586569,0.120435555555556,0.1301,0.1394,0.133490298453701,0.146500606989113,0.149906274433951,0.0749531372169754
"longer_sequences_moderate_rates",10000,0.01,10,51,500,2,-41790.8909767188,-41794.8338794105,-3.94290269176417,TRUE,-44312.7161549619,-43542.2243924847,770.491762477235,FALSE,-44306.5015468635,-43536.0097843862,770.491762477235,FALSE,-48762.6072506014,-48809.1218581967,1147.94062932941,1094.52515917854,2521.82517824315,1747.39051307415,0.129315555555556,0.1463,0.154,0.141578689879015,0.167599833352888,0.167599833352889,0.0837999166764443
"longer_sequences_moderate_rates",10000,0.01,11,52,500,2.23606797749979,-41162.1556619041,-41163.1097003603,-0.954038456220587,TRUE,-42383.2705676259,-41581.1670292311,802.103538394753,FALSE,-42377.0559595275,-41574.9524211327,802.103538394753,FALSE,-43733.6267432522,-43723.3129870542,316.692210641643,361.635740695598,1221.11490572178,418.057328870811,0.114757777777778,0.1189,0.1324,0.123685737241226,0.135464410287194,0.145431287183944,0.0727156435919718
"longer_sequences_moderate_rates",10000,0.01,12,53,500,0,-40818.2233770713,-40818.2233770727,-1.47701939567924e-09,TRUE,-42057.2963888895,-43673.0727615624,-1615.77637267287,TRUE,-42051.0817807911,-43666.858153464,-1615.77637267287,TRUE,-46816.7610172762,-46808.8002205508,920.564119516839,868.996665195568,1239.07301181828,2854.84938448967,0.121317777777778,0.1323,0.1388,0.13463367006683,0.15121260497733,0.15121260497733,0.075606302488665
"longer_sequences_moderate_rates",10000,0.01,13,54,500,0,-38483.9280871321,-38488.5418882656,-4.61380113357154,TRUE,-40156.7397394646,-40173.7579905957,-17.0182511311359,TRUE,-40150.5251313661,-40167.5433824973,-17.0182511311359,TRUE,-43790.95325265,-43732.1966126615,732.019901201465,781.138386617102,1672.8116523325,1685.21610233007,0.108564444444444,0.1255,0.1342,0.117989685085953,0.142731720488679,0.14326297930426,0.0716314896521302
"longer_sequences_moderate_rates",10000,0.01,14,55,500,1,-39839.753149564,-39838.7343676074,1.01878195659083,FALSE,-41544.8320157478,-41573.7876189805,-28.9556032327746,TRUE,-41538.6174076493,-41567.5730143357,-28.9556066863515,TRUE,-45447.6723522311,-45401.7720444703,810.057810018057,849.587586453925,1705.07886618377,1735.05325137314,0.115075555555556,0.1245,0.1316,0.126383300884453,0.142059803381811,0.142059803381811,0.0710299016909055
"longer_sequences_moderate_rates",10000,0.01,15,56,500,0,-41020.4495926666,-41020.449592667,-4.29281499236822e-10,TRUE,-42632.9675954737,-42130.9929193017,501.974676172009,FALSE,-42626.7529873753,-42124.7783112033,501.974676172009,FALSE,-44318.6670647861,-44330.0453105926,416.459161430245,419.515674489982,1612.51800280711,1110.54332663467,0.11596,0.1208,0.1303,0.124388390582706,0.130859908619451,0.138394662207162,0.0691973311035811
"longer_sequences_moderate_rates",10000,0.01,16,57,500,0,-39937.916064405,-39937.9160644042,7.49423634260893e-10,FALSE,-40547.9833126189,-40557.1368722162,-9.15355959723092,TRUE,-40541.7687045205,-40550.9222641177,-9.15355959723092,TRUE,-43700.0408228645,-43716.8191149589,536.01861252985,527.97955008837,610.067248213949,619.220807811929,0.112153333333333,0.1224,0.136,0.120178335517483,0.132642587087321,0.14208159624283,0.0710407981214148
"longer_sequences_moderate_rates",10000,0.01,17,58,500,0,-40983.2590762264,-40987.2871772709,-4.02810104448872,TRUE,-42570.7421974809,-43019.6264819873,-448.88428450645,TRUE,-42564.5275893825,-43013.4118738889,-448.88428450645,TRUE,-45666.803168409,-45753.176554772,672.150751537685,619.616719865778,1587.48312125453,2032.33930471649,0.119826666666667,0.1252,0.1418,0.13339430264492,0.133170382802668,0.152422908216197,0.0762114541080987
"longer_sequences_moderate_rates",10000,0.01,18,59,500,1,-40790.6122430098,-40791.4851185798,-0.872875569984899,TRUE,-41894.0141263726,-41457.6618470984,436.352279274222,FALSE,-41887.7995182742,-41451.447239,436.352279274222,FALSE,-44629.0988661386,-44552.9738724099,609.411940507434,629.041582803192,1103.40188336277,666.176728518563,0.116284444444444,0.124,0.1407,0.130147010962102,0.141308787965337,0.151908140519459,0.0759540702597297
"longer_sequences_moderate_rates",10000,0.01,19,60,500,0,-41123.4377289284,-41123.4377289332,-4.88216755911708e-09,TRUE,-41898.849087991,-43688.1622591435,-1789.31317115253,TRUE,-41892.6344798926,-43681.9476510451,-1789.31317115253,TRUE,-48533.8108802207,-48613.8473637609,1299.98194175115,1196.38835972082,775.411359062658,2564.7245302103,0.127206666666667,0.1445,0.15,0.141081367968956,0.165108524919349,0.165108524919349,0.0825542624596747
"longer_sequences_moderate_rates",10000,0.01,20,61,500,1.4142135623731,-41877.8930143367,-41877.9119330246,-0.0189186878633336,TRUE,-43364.3246851579,-43593.5875002255,-229.262815067537,TRUE,-43358.1100770595,-43587.372892127,-229.262815067537,TRUE,-45735.8124023921,-45742.5178249972,518.107882398146,522.38888226604,1486.43167082122,1715.6755672009,0.120864444444444,0.1271,0.1401,0.132619811095817,0.14087563269381,0.152233342584238,0.0761166712921191
"longer_sequences_moderate_rates",10000,0.02,1,42,500,0,-55219.2069563303,-55219.206956334,-3.66708263754845e-09,TRUE,-58266.7394848103,-56464.8935060015,1801.84597880887,FALSE,-58260.5248767119,-56458.678897903,1801.84597880887,FALSE,-65573.0814115071,-65664.9600585616,1806.21694915891,1712.80129734821,3047.53252848003,1245.68654966749,0.207457777777778,0.2354,0.2501,0.2487030888582,0.294966213168557,0.294966213168557,0.147483106584279
"longer_sequences_moderate_rates",10000,0.02,2,43,500,1.73205080756888,-54935.3351066266,-54936.5726794988,-1.23757287218177,TRUE,-56206.9626932322,-57181.2839381423,-974.321244910068,TRUE,-56200.7480851338,-57175.0693300438,-974.321244910068,TRUE,-59137.9682631435,-59100.287378447,564.931708536815,514.92140491374,1271.62758660558,2244.71125864347,0.189166666666667,0.1921,0.2333,0.223035422264695,0.223634929508716,0.280628162032888,0.140314081016444
"longer_sequences_moderate_rates",10000,0.02,3,44,500,2,-56825.5194184758,-56823.8438106541,1.67560782165674,FALSE,-58935.7954580135,-60407.5035704717,-1471.70811245817,TRUE,-58929.5808499151,-60401.2889623733,-1471.70811245817,TRUE,-64457.4313695445,-64385.6064913277,1178.28076537291,1060.98547648485,2110.27603953772,3583.65975981754,0.208424444444444,0.2268,0.2357,0.25602320903584,0.289093188546489,0.289093188546489,0.144546594273245
"longer_sequences_moderate_rates",10000,0.02,4,45,500,0,-58783.406030363,-58783.4060303732,-1.01863406598568e-08,TRUE,-60898.7925604341,-60908.7955166418,-10.0029562077252,TRUE,-60892.5779523357,-60902.5809085434,-10.0029562077252,TRUE,-66263.1898142913,-66213.212252957,956.915272900864,1049.90289057665,2115.38653007111,2125.38948626865,0.219266666666667,0.2259,0.2469,0.268172898761745,0.277156539894421,0.304018238077446,0.152009119038723
"longer_sequences_moderate_rates",10000,0.02,5,46,500,2.44948974278318,-57030.0977811454,-57031.3125943917,-1.21481324624619,TRUE,-57612.7837699189,-57351.1069013772,261.676868541705,FALSE,-57606.5691618205,-57344.8922932788,261.676868541705,FALSE,-59178.976234999,-59221.3482118016,267.371029609893,242.652396187042,582.685988773468,319.794306985517,0.195997777777778,0.2149,0.2274,0.22955791784802,0.261599037166547,0.267769563680694,0.133884781840347
"longer_sequences_moderate_rates",10000,0.02,6,47,500,0,-55174.1000284384,-55174.100028441,-2.61934474110603e-09,TRUE,-56707.7626291403,-56544.9840364769,162.778592663366,FALSE,-56701.5480210419,-56538.7694283785,162.778592663366,FALSE,-62524.7398741185,-62487.2035412792,1004.454075032,1039.18638780071,1533.66260070187,1370.88400803589,0.199384444444444,0.2029,0.2354,0.235469606933683,0.236790185790051,0.281276308563112,0.140638154281556
"longer_sequences_moderate_rates",10000,0.02,7,48,500,1,-59289.9141852273,-59288.5543417686,1.35984345874022,FALSE,-60582.7702573543,-60773.8121143634,-191.041857009157,TRUE,-60576.5556492559,-60767.597506265,-191.041857009157,TRUE,-65834.1023101498,-65772.8230807982,848.695967938773,926.903529264673,1292.85607212696,1485.25777259486,0.218633333333333,0.2257,0.2365,0.265670389037087,0.284767571423054,0.284767571423054,0.142383785711527
"longer_sequences_moderate_rates",10000,0.02,8,49,500,1.73205080756888,-57826.1344472285,-57828.3354051459,-2.20095791732456,TRUE,-58979.4805832632,-59604.0811963282,-624.600613064977,TRUE,-58973.2659751648,-59597.8665882298,-624.600613064977,TRUE,-61274.9770606027,-61237.9583531073,440.011260945933,438.640146504395,1153.34613603468,1775.74579118234,0.20346,0.2008,0.2403,0.244991540611393,0.240458089386856,0.290590972642392,0.145295486321196
"longer_sequences_moderate_rates",10000,0.02,9,50,500,1,-58705.3241065799,-58705.6222833023,-0.298176722462813,TRUE,-61670.1533894823,-61025.5036069177,644.649782564571,FALSE,-61663.9387813839,-61019.2889988193,644.649782564571,FALSE,-66011.2514290395,-65937.8491406777,1080.24747028969,1081.69296422154,2964.82928290243,2319.88132361539,0.217495555555556,0.2363,0.2487,0.266980596907403,0.293001213978227,0.299812548867902,0.149906274433951
"longer_sequences_moderate_rates",10000,0.02,10,51,500,0,-59614.4422628015,-59618.7101988575,-4.26793605597049,TRUE,-63086.9867626341,-62940.4428150315,146.54394760252,FALSE,-63080.7721545356,-62934.2282069331,146.54394760252,FALSE,-68967.4022534255,-68936.5411230799,1473.20455447007,1471.107785336,3472.54449983257,3321.73261617408,0.229564444444444,0.2576,0.2695,0.283157379758031,0.335199666705777,0.335199666705777,0.167599833352889
"longer_sequences_moderate_rates",10000,0.02,11,52,500,4.69041575982343,-58634.3062480464,-58633.5364317517,0.769816294705379,FALSE,-59555.3247934914,-59283.4902920449,271.834501446516,FALSE,-59549.110185393,-59277.2756839464,271.834501446516,FALSE,-62372.7827476202,-62336.8974925384,490.376898763072,526.044596252815,921.018545444982,649.953860293172,0.208028888888889,0.2137,0.2404,0.247371474482453,0.270928820574388,0.290862574367887,0.145431287183944
"longer_sequences_moderate_rates",10000,0.02,12,53,500,0,-58325.7008858331,-58325.7008858318,1.26601662486792e-09,FALSE,-62072.8080929682,-61675.5806090819,397.227483886265,FALSE,-62066.5934848698,-61669.3660009835,397.227483886265,FALSE,-67058.07735119,-67162.8073487397,1406.78970257242,1287.5925383046,3747.10720713509,3349.87972325009,0.218857777777778,0.2375,0.2469,0.269267340133659,0.30242520995466,0.30242520995466,0.15121260497733
"longer_sequences_moderate_rates",10000,0.02,13,54,500,0,-54873.2664120452,-54871.661877665,1.60453438025434,FALSE,-57365.4728035747,-56630.8630313429,734.609772231815,FALSE,-57359.2581954762,-56624.6484232444,734.609772231815,FALSE,-62796.6451638632,-62723.8961209937,1112.59930012629,1224.8142136513,2492.20639152946,1759.2011536779,0.199073333333333,0.2253,0.2425,0.235979370171906,0.285463440977359,0.286525958608521,0.14326297930426
"longer_sequences_moderate_rates",10000,0.02,14,55,500,1,-56465.4522228434,-56464.6741357112,0.778087132151995,FALSE,-58666.6924556297,-58099.0402974775,567.652158152108,FALSE,-58660.4778475312,-58092.8256893791,567.652158152108,FALSE,-64895.008879432,-64844.5512612161,1198.37694934634,1176.57462547949,2201.24023278629,1634.36616176633,0.207957777777778,0.2272,0.235,0.252766601768906,0.284119606763621,0.284119606763622,0.142059803381811
"longer_sequences_moderate_rates",10000,0.02,15,56,500,0,-58386.5821354007,-58386.5821354002,4.8748916015029e-10,FALSE,-59897.0457041025,-59823.2232411494,73.8224629530596,FALSE,-59890.8310960041,-59817.008633051,73.8224629530596,FALSE,-63101.6495936608,-63129.6172901358,627.150309345588,592.771437589766,1510.46356870179,1436.64110574922,0.209764444444444,0.2192,0.2346,0.248776781165411,0.261719817238902,0.276789324414325,0.138394662207162
"longer_sequences_moderate_rates",10000,0.02,16,57,500,0,-56481.958751926,-56481.9587519309,-4.95492713525891e-09,TRUE,-57384.4707690599,-58162.7383685568,-778.267599496932,TRUE,-57378.2561609615,-58156.5237604584,-778.267599496932,TRUE,-61458.3060045306,-61434.1389565114,686.344358497973,682.683082126987,902.51201713393,1680.77961662591,0.200464444444444,0.217,0.2371,0.240356671034966,0.265285174174642,0.284163192485659,0.14208159624283
"longer_sequences_moderate_rates",10000,0.02,17,58,500,2,-58590.1414442211,-58597.203274675,-7.06183045380749,TRUE,-61203.4919278182,-60999.1262241421,204.365703676049,FALSE,-61197.2773329362,-60992.9116160437,204.365716892484,FALSE,-64877.7404528855,-64957.0256446739,865.675153876452,851.327720754778,2613.35048359705,2401.92294946719,0.215206666666667,0.2211,0.2501,0.26678860528984,0.266340765605336,0.304845816432395,0.152422908216197
"longer_sequences_moderate_rates",10000,0.02,18,59,500,1,-58936.6209492996,-58937.0884334127,-0.467484113047249,TRUE,-60868.7501745285,-60604.8083442017,263.941830326752,FALSE,-60862.5355664301,-60598.5937361033,263.941830326752,FALSE,-64213.1143113052,-64169.4036553344,735.721041592051,787.009058544002,1932.12922522887,1667.71991078907,0.213968888888889,0.2291,0.2477,0.260294021924205,0.282617575930675,0.303816281038919,0.151908140519459
"longer_sequences_moderate_rates",10000,0.02,19,60,500,0,-58838.4576512359,-58838.4576512604,-2.44908733293414e-08,TRUE,-64089.9823205491,-61738.179278355,2351.80304219403,FALSE,-64083.7677124506,-61731.9646702566,2351.80304219403,FALSE,-69475.0994881995,-69485.9246293556,1590.33084394363,1770.8048681631,5251.52466931319,2899.72162709467,0.228744444444444,0.2582,0.2659,0.282162735937913,0.330217049838698,0.330217049838699,0.16510852491935
"longer_sequences_moderate_rates",10000,0.02,20,61,500,1.4142135623731,-59688.5753430386,-59688.3370802016,0.238262837017828,FALSE,-61762.1986829029,-61592.8488766656,169.349806237326,FALSE,-61755.9840748045,-61586.6342685672,169.349806237326,FALSE,-65084.0256474744,-65127.567789013,788.23590759503,741.833641566169,2073.62333986432,1904.51179646401,0.21772,0.2275,0.2499,0.265239622191633,0.28175126538762,0.304466685168476,0.152233342584238
"longer_sequences_moderate_rates",10000,0.05,1,42,500,0,-87678.9699909958,-87678.9699909946,1.19325704872608e-09,FALSE,-93296.5396448996,-92311.2774655704,985.262179329147,FALSE,-93290.3250368012,-92305.062857472,985.262179329147,FALSE,-100777.217563457,-100726.458957336,2028.72583590529,2073.63043562075,5617.56965390382,4632.30747457586,0.404306666666667,0.4484,0.46,0.621757722145501,0.737415532921392,0.737415532921393,0.368707766460697
"longer_sequences_moderate_rates",10000,0.05,2,43,500,1.73205080756888,-86836.0342145069,-86839.8298311036,-3.7956165966898,TRUE,-88298.2235042621,-88613.9706187954,-315.747114533267,TRUE,-88292.0088961637,-88607.7560106969,-315.747114533267,TRUE,-91841.521077713,-91741.3763343671,678.966995951637,651.31373674417,1462.18928975519,1774.14078769177,0.375475555555556,0.3801,0.4456,0.557588555661739,0.55908732377179,0.70157040508222,0.35078520254111
"longer_sequences_moderate_rates",10000,0.05,3,44,500,1.4142135623731,-90367.4475270815,-90361.1513702645,6.29615681695577,FALSE,-92323.8450778596,-91040.6256250671,1283.21945279247,FALSE,-92317.6304697611,-91034.4110169687,1283.21945279247,FALSE,-99793.4772271203,-99619.3021744725,1504.86175146675,1492.68466742519,1956.39755077811,679.474254802597,0.410413333333333,0.4422,0.4554,0.640058022589599,0.722732971366223,0.722732971366223,0.361366485683112
"longer_sequences_moderate_rates",10000,0.05,4,45,500,1,-92053.4972568648,-92052.587435244,0.909821620734874,FALSE,-92936.8753590573,-94844.2781247596,-1907.4027657023,TRUE,-92930.6607509588,-94838.0635166611,-1907.4027657023,TRUE,-101239.966268817,-101191.481230436,1375.3346712072,1350.12143374323,883.378102192481,2791.69068951551,0.420471111111111,0.4302,0.4636,0.670432246904362,0.692891349736052,0.760045595193616,0.380022797596808
"longer_sequences_moderate_rates",10000,0.05,5,46,500,0,-89550.7517677781,-89550.7517677534,2.46800482273102e-08,FALSE,-89873.351563501,-90099.9233369508,-226.571773449876,TRUE,-89867.1369554025,-90093.7087288524,-226.571773449876,TRUE,-91915.771465347,-91956.1133380256,407.393816740419,352.989697324503,322.599795722897,549.171569197453,0.386464444444444,0.416,0.4345,0.573894794620051,0.653997592916367,0.669423909201735,0.334711954600868
"longer_sequences_moderate_rates",10000,0.05,6,47,500,0,-86760.6975373106,-86760.6975373143,-3.66708263754845e-09,TRUE,-88917.2746359683,-87836.8219244954,1080.45271147296,FALSE,-88911.063444133,-87830.6073163969,1080.45612773603,FALSE,-96767.4126686566,-96666.2196316899,1446.40907624639,1382.19166122037,2156.5770986577,1076.12438718107,0.390966666666667,0.3985,0.4486,0.588674017334208,0.591975464475128,0.703190771407779,0.35159538570389
"longer_sequences_moderate_rates",10000,0.05,7,48,500,1.4142135623731,-92935.597251868,-92937.1197078095,-1.52245594150736,TRUE,-94713.3561517996,-94299.8732777872,413.482874012436,FALSE,-94707.1415437012,-94293.6586696888,413.482874012436,FALSE,-101543.939041502,-101414.553956779,1088.06644043517,1220.38897286048,1777.75889993162,1362.75356997768,0.422826666666667,0.4333,0.4528,0.664175972592719,0.711918928557635,0.711918928557635,0.355959464278818
"longer_sequences_moderate_rates",10000,0.05,8,49,500,1,-91282.0555546882,-91282.7547535035,-0.699198815331329,TRUE,-92905.9296122232,-92792.520768682,113.40884354114,FALSE,-92899.7150041247,-92786.3061605836,113.40884354114,FALSE,-95400.2481449417,-95458.4155053553,563.677942882514,566.075281291161,1623.87405753497,1509.7660151785,0.400315555555556,0.4004,0.4527,0.612478851528482,0.601145223467139,0.72647743160598,0.36323871580299
"longer_sequences_moderate_rates",10000,0.05,9,50,500,1.73205080756888,-92160.1771617741,-92166.2549507695,-6.07778899538971,TRUE,-95239.2819831477,-95596.8037213684,-357.521738220719,TRUE,-95233.0673750493,-95590.58911327,-357.521738220719,TRUE,-100999.835639798,-100897.731678471,1255.67350478173,1374.73104277212,3079.10482137356,3430.54877059889,0.419226666666667,0.4506,0.46,0.667451492268507,0.732503034945567,0.749531372169754,0.374765686084877
"longer_sequences_moderate_rates",10000,0.05,10,51,500,2,-93357.2168081795,-93356.8666892707,0.350118908827426,FALSE,-97711.757207203,-95827.7938574147,1883.96334978835,FALSE,-97705.5425991046,-95821.5792493162,1883.96334978835,FALSE,-103815.302223829,-103972.380228822,1593.88212160502,1643.10429437525,4354.54039902352,2470.927168144,0.434406666666667,0.4756,0.4934,0.707893449395077,0.837999166764443,0.837999166764443,0.418999583382222
"longer_sequences_moderate_rates",10000,0.05,11,52,500,4.58257569495584,-92041.2108851382,-92040.6143153371,0.596569801127771,FALSE,-92810.3175922067,-92661.8979698375,148.419622369212,FALSE,-92804.5170097598,-92655.683361739,148.833648020722,FALSE,-96236.6272071485,-96249.4924720328,667.026732855512,681.511792173924,769.106707068437,621.283654500352,0.405791111111111,0.4271,0.4601,0.618428686206132,0.67732205143597,0.727156435919718,0.363578217959859
"longer_sequences_moderate_rates",10000,0.05,12,53,500,0,-91726.3230986784,-91726.3230986828,-4.43833414465189e-09,TRUE,-95452.9449653004,-95979.8416249503,-526.896659649952,TRUE,-95446.730357202,-95973.6270168519,-526.896659649952,TRUE,-102561.788236039,-102636.142220965,1855.05075066515,1733.61495470842,3726.62186662198,4253.51852626749,0.422964444444444,0.4547,0.4646,0.673168350334148,0.756063024886649,0.75606302488665,0.378031512443325
"longer_sequences_moderate_rates",10000,0.05,13,54,500,2,-86741.8663173799,-86741.9187463471,-0.0524289672030136,TRUE,-91589.9256918042,-89496.6455650537,2093.28012675044,FALSE,-91583.7110837058,-89490.4309569553,2093.28012675044,FALSE,-97363.6779088774,-97292.2390874524,1484.00764294177,1648.18514367361,4848.05937442427,2754.72681870662,0.391482222222222,0.4431,0.4548,0.589948425429764,0.713658602443397,0.716314896521302,0.358157448260651
"longer_sequences_moderate_rates",10000,0.05,14,55,500,2.64575131106459,-88659.5118620777,-88659.4082995817,0.103562495976803,FALSE,-91352.9927201617,-91189.7050966987,163.287623462966,FALSE,-91346.7781120633,-91183.4904886003,163.287623462966,FALSE,-99982.7757148754,-100073.542724065,1825.15501892299,1634.66775131231,2693.48085808402,2530.29679711703,0.404,0.4356,0.4463,0.631916504422264,0.710299016909054,0.710299016909054,0.355149508454527
"longer_sequences_moderate_rates",10000,0.05,15,56,500,0,-91799.4769004612,-91799.4769004359,2.52766767516732e-08,FALSE,-94287.2596865776,-92911.3620921798,1375.89759439779,FALSE,-94281.0450784792,-92905.1474840814,1375.89759439779,FALSE,-97066.0352470456,-97059.8513771436,753.512089024828,774.728076928264,2487.78278611643,1111.88519174392,0.407748888888889,0.4213,0.4429,0.621941952913528,0.654299543097255,0.691973311035811,0.345986655517906
"longer_sequences_moderate_rates",10000,0.05,16,57,500,0,-89332.3807577602,-89332.3807577791,-1.89029378816485e-08,TRUE,-90328.9514659837,-91935.096298095,-1606.14483211125,TRUE,-90322.7368578853,-91928.8816899965,-1606.14483211125,TRUE,-95003.6356849453,-95064.0451010274,898.060428595146,767.665168352646,996.570708223502,2602.71554031585,0.393506666666667,0.4222,0.4499,0.600891677587416,0.663212935436604,0.710407981214148,0.355203990607074
"longer_sequences_moderate_rates",10000,0.05,17,58,500,2,-92738.8893938935,-92739.3328745783,-0.443480684873066,TRUE,-96100.1665543465,-94421.7715278525,1678.39502649405,FALSE,-96093.9519462481,-94415.5569197541,1678.39502649405,FALSE,-100022.468733518,-99898.0780044334,986.516175887738,1133.15997322073,3361.27716045309,1682.43865327416,0.419437777777778,0.4272,0.4676,0.666971513224599,0.66585191401334,0.762114541080986,0.381057270540493
"longer_sequences_moderate_rates",10000,0.05,18,59,500,1,-92983.8647182714,-92984.9919624726,-1.12724420119775,TRUE,-94059.6434900252,-95329.9124895176,-1270.2689994924,TRUE,-94053.4288819268,-95323.6978814192,-1270.2689994924,TRUE,-98405.7626881594,-98512.5695074463,826.270140193558,697.909954770193,1075.77877175384,2344.92052704505,0.415273333333333,0.4342,0.4634,0.650735054810512,0.706543939826687,0.759540702597296,0.379770351298648
"longer_sequences_moderate_rates",10000,0.05,19,60,500,0,-92817.8966749936,-92817.8966750436,-4.99567249789834e-08,TRUE,-98489.0261076567,-96529.1185585281,1959.90754912859,FALSE,-98482.8114995583,-96522.9039504297,1959.90754912859,FALSE,-104368.411892618,-104395.634791607,1813.30280017243,1892.95466184095,5671.12943266313,3711.22188348458,0.43378,0.4763,0.487,0.705406839844782,0.825542624596746,0.825542624596747,0.412771312298374
"longer_sequences_moderate_rates",10000,0.05,20,61,500,1.4142135623731,-93195.3037578815,-93195.017121407,0.286636474513216,FALSE,-94545.8663581661,-95223.0779364718,-677.211578305752,TRUE,-94539.6517500677,-95216.8633283734,-677.211578305752,TRUE,-99192.3654222222,-99285.3427187355,915.042084344728,807.416493279503,1350.56260028458,2028.06081506485,0.417535555555556,0.4338,0.4616,0.663099055479083,0.704378163469049,0.761166712921191,0.380583356460596
"longer_sequences_moderate_rates",10000,0.1,1,42,500,0,-113312.57935861,-113312.579358604,5.80621417611837e-09,FALSE,-117107.995814198,-117193.706517385,-85.7107031875057,TRUE,-117101.781206099,-117187.491909287,-85.7107031875057,TRUE,-124027.330884574,-123926.224268277,1645.00207853601,1567.48384244652,3795.41645558793,3881.12715878124,0.566835555555556,0.607,0.6222,1.243515444291,1.47483106584278,1.47483106584279,0.737415532921394
"longer_sequences_moderate_rates",10000,0.1,2,43,500,0,-113838.978705654,-113838.774729573,0.203976080141729,FALSE,-115115.06773609,-115425.341100481,-310.273364390479,TRUE,-115108.853127992,-115419.126492382,-310.273364390479,TRUE,-118135.779391147,-118164.475584684,633.017652223429,619.925068636242,1276.08903043641,1586.56637090704,0.548584444444444,0.5592,0.6124,1.11517711132348,1.11817464754358,1.40314081016444,0.70157040508222
"longer_sequences_moderate_rates",10000,0.1,3,44,500,0,-116665.477435581,-116664.792843654,0.684591926910798,FALSE,-119278.516737883,-119394.424499318,-115.907761435243,TRUE,-119272.302129785,-119388.20989122,-115.907761435243,TRUE,-123632.935143065,-123731.59684085,1085.61251628812,1131.28326169079,2613.0393023022,2729.63165566436,0.578088888888889,0.6046,0.6205,1.2801160451792,1.44546594273245,1.44546594273245,0.722732971366223
"longer_sequences_moderate_rates",10000,0.1,4,45,500,1,-117660.733210715,-117658.941227159,1.79198355597327,FALSE,-119101.845978155,-118850.458167367,251.387810788088,FALSE,-119095.631370057,-118844.243559269,251.387810788088,FALSE,-125389.187786353,-125350.749581152,1163.14161456284,1256.94605251578,1441.11276744003,1191.51694020792,0.587244444444444,0.599,0.6286,1.34086449380872,1.3857826994721,1.52009119038723,0.760045595193616
"longer_sequences_moderate_rates",10000,0.1,5,46,500,0,-115789.877940199,-115791.759483278,-1.8815430792165,TRUE,-115910.591348801,-116585.928695823,-675.337347022854,TRUE,-115904.376740702,-116579.714087725,-675.337347022854,TRUE,-117714.519690303,-117738.483408502,442.347259978506,389.543688441295,120.71340860182,794.169212545457,0.555115555555556,0.584,0.6022,1.1477895892401,1.30799518583273,1.33884781840347,0.669423909201736
"longer_sequences_moderate_rates",10000,0.1,6,47,500,0,-112882.475758529,-112882.475758513,1.62108335644007e-08,FALSE,-115581.993058544,-114791.817617876,790.175440668783,FALSE,-115575.778450446,-114785.603009777,790.175440668783,FALSE,-122155.022950182,-122248.263973187,1230.60211576636,1409.71292313986,2699.51730001548,1909.3418593629,0.560224444444444,0.5781,0.614,1.17734803466842,1.18395092895026,1.40638154281556,0.70319077140778
"longer_sequences_moderate_rates",10000,0.1,7,48,500,1,-118041.871277222,-118040.588912186,1.28236503596418,FALSE,-118933.053173068,-118900.314343266,32.7388298017031,FALSE,-118926.838564969,-118894.099735168,32.7388298017031,FALSE,-125715.916132007,-125684.751524631,1019.62817281396,1123.01329935607,891.181895845715,859.725431079976,0.589035555555556,0.6016,0.6157,1.32835194518544,1.42383785711527,1.42383785711527,0.711918928557636
"longer_sequences_moderate_rates",10000,0.1,8,49,500,1.73205080756888,-117507.098626297,-117506.28635088,0.812275416436023,FALSE,-118752.598722755,-118418.725705185,333.87301756996,FALSE,-118746.384114657,-118412.511097087,333.87301756996,FALSE,-120627.434547705,-120690.09415638,470.013914195224,443.050796017606,1245.50009645862,912.439354305097,0.570008888888889,0.569,0.6198,1.22495770305696,1.20229044693428,1.45295486321196,0.726477431605981
"longer_sequences_moderate_rates",10000,0.1,9,50,500,2,-117714.916521246,-117714.677724636,0.238796610050485,FALSE,-119835.272830073,-120580.032363655,-744.759533582925,TRUE,-119829.058221974,-120573.817755557,-744.759533582925,TRUE,-124535.377950834,-124627.822535578,1040.27305792632,933.045431586952,2120.35630882693,2865.3546390199,0.583962222222222,0.6129,0.6227,1.33490298453701,1.46500606989113,1.49906274433951,0.749531372169754
"longer_sequences_moderate_rates",10000,0.1,10,51,500,2,-118796.236312455,-118796.095151527,0.141160928527825,FALSE,-121857.946899483,-120620.718912313,1237.22798716968,FALSE,-121851.732291385,-120614.504304215,1237.22798716968,FALSE,-125859.709207602,-125851.460305832,1143.63684044306,1136.25496244036,3061.71058702782,1824.62376078666,0.593964444444444,0.6288,0.6444,1.41578689879015,1.67599833352889,1.67599833352889,0.837999166764443
"longer_sequences_moderate_rates",10000,0.1,11,52,500,4.69041575982343,-117646.963725413,-117647.534001144,-0.570275731384754,TRUE,-117994.408985548,-118180.827545751,-186.418560203514,TRUE,-117988.194377449,-118174.612937653,-186.418560203514,TRUE,-120856.201008374,-120901.769875766,526.708689044743,490.076841875436,347.445260134933,533.293544607062,0.572035555555556,0.5898,0.6189,1.23685737241226,1.35464410287194,1.45431287183944,0.727156435919718
"longer_sequences_moderate_rates",10000,0.1,12,53,500,2,-116457.311208671,-116453.671378395,3.63983027567156,FALSE,-118668.937831815,-119408.781543984,-739.843712168309,TRUE,-118662.723223717,-119402.566935885,-739.843712168309,TRUE,-125572.22089765,-125562.821439303,1404.2047743053,1200.87106463834,2211.62662314461,2955.11016558859,0.582466666666667,0.6107,0.6204,1.3463367006683,1.5121260497733,1.5121260497733,0.75606302488665
"longer_sequences_moderate_rates",10000,0.1,13,54,500,0,-112380.230989481,-112380.230989431,4.92000253871083e-08,FALSE,-113833.909136804,-113355.644950321,478.264186483095,FALSE,-113827.694528705,-113349.430342222,478.264186483095,FALSE,-122069.483806639,-121932.596667334,1461.76390742095,1538.84779150855,1453.67814732318,975.413960889287,0.556302222222222,0.6056,0.6188,1.17989685085953,1.42731720488679,1.4326297930426,0.716314896521302
"longer_sequences_moderate_rates",10000,0.1,14,55,500,1,-114282.718040512,-114284.393672063,-1.67563155076641,TRUE,-116459.584825614,-115613.616548769,845.968276845742,FALSE,-116453.370217516,-115607.40194067,845.968276845742,FALSE,-125087.107245287,-125084.492398612,1563.67166882019,1700.83466501327,2176.86678510233,1329.22287670583,0.572755555555556,0.6021,0.6115,1.26383300884453,1.42059803381811,1.42059803381811,0.710299016909055
"longer_sequences_moderate_rates",10000,0.1,15,56,500,0,-118250.966911281,-118250.966911207,7.36181391403079e-08,FALSE,-119410.815802476,-119851.460148636,-440.644346159068,TRUE,-119404.601194378,-119845.245540537,-440.644346159068,TRUE,-121992.43091627,-121917.816877356,499.110027302617,521.179995226863,1159.84889119593,1600.49323742861,0.577644444444444,0.591,0.6089,1.24388390582706,1.30859908619451,1.38394662207162,0.691973311035812
"longer_sequences_moderate_rates",10000,0.1,16,57,500,0,-115657.072910025,-115657.072910065,-3.98285919800401e-08,TRUE,-116380.716972576,-117151.370863494,-770.653890917994,TRUE,-116374.502364477,-117145.156264373,-770.65389989593,TRUE,-120100.268017207,-120074.037103666,686.594525441407,696.36622162923,723.644062550578,1494.29795342874,0.561706666666667,0.5906,0.6116,1.20178335517483,1.32642587087321,1.4208159624283,0.710407981214148
"longer_sequences_moderate_rates",10000,0.1,17,58,500,2,-118683.368583294,-118684.138427696,-0.76984440254455,TRUE,-119271.797404643,-120532.551524585,-1260.7541199425,TRUE,-119265.582796544,-120526.336916487,-1260.7541199425,TRUE,-123653.632831268,-123699.112627792,787.795028207751,685.180594346123,588.428821349342,1848.4130968893,0.585853333333333,0.5976,0.6294,1.3339430264492,1.33170382802668,1.52422908216197,0.762114541080987
"longer_sequences_moderate_rates",10000,0.1,18,59,500,1,-118616.357911926,-118615.662438665,0.695473261672305,FALSE,-118978.426510882,-119780.120801803,-801.694290920947,TRUE,-118972.211902784,-119773.906193705,-801.694290920947,TRUE,-122332.901988727,-122382.355085025,604.735037365468,550.514955701593,362.068598956073,1164.45836313869,0.581115555555555,0.6031,0.6256,1.30147010962102,1.41308787965337,1.51908140519459,0.759540702597297
"longer_sequences_moderate_rates",10000,0.1,19,60,500,0,-118158.804091211,-118158.804091364,-1.52693246491253e-07,TRUE,-120802.283709962,-121121.036720154,-318.753010192362,TRUE,-120796.069101863,-121114.822112056,-318.753010192362,TRUE,-126374.2134882,-126376.979574448,1360.09679232246,1284.71842062358,2643.47961875056,2962.23262879023,0.594177777777778,0.6306,0.6414,1.41081367968956,1.65108524919349,1.65108524919349,0.825542624596747
"longer_sequences_moderate_rates",10000,0.1,20,61,500,1.4142135623731,-118974.283557581,-118972.849025363,1.43453221839445,FALSE,-120659.421705115,-120535.468720827,123.952984287695,FALSE,-120653.207097016,-120529.254112728,123.952984287695,FALSE,-123376.976950939,-123370.781706732,650.286264142501,628.257470806846,1685.13814753365,1562.61969546435,0.584184444444444,0.6003,0.62,1.32619811095817,1.4087563269381,1.52233342584238,0.761166712921192
