"row","category","probability"
3,1,0.527747232457582
3,2,0.472252767542418
4,1,0.581833577332512
4,2,0.341947467116383
4,3,0.0762189555511052
5,1,0.460807558469179
5,2,0.367128300781568
5,3,0.0557335533068218
5,4,0.116330587442431
6,1,0.678740565174926
6,2,0.260587788410704
6,3,0.00508104349112797
6,4,0.0089348503176813
6,5,0.0466557526055604
7,1,0.419888701563023
7,2,0.158863808482398
7,3,0.250807562827807
7,4,0.09262088948264
7,5,0.0447856047942435
7,6,0.033033432849889
8,1,0.0482512849248382
8,2,0.225428477911042
8,3,0.162812245000971
8,4,0.280643310885798
8,5,0.0775864058746217
8,6,0.193392405381156
8,7,0.0118858700215735
9,1,4.21774495275136e-05
9,2,3.56558200297636e-06
9,3,0.000106277183485985
9,4,0.00941744910479696
9,5,0.0276949046101941
9,6,0.0353940583265885
9,7,0.904246143764084
9,8,0.0230954239793202
