"replicate","quantity","log_likelihood"
1,"true_labeled_tree",-3928.505701887
1,"upgma_labeled_tree",-3928.1344980422
1,"true_F_random_labels_logmeanexp",-4149.6985769638
1,"true_F_random_labels_max",-4143.48396886538
1,"true_F_random_labels_meanlog",-4690.53905964942
1,"init_F_random_labels_logmeanexp",-4317.64489184948
1,"init_F_random_labels_max",-4311.43075637348
1,"init_F_random_labels_meanlog",-4689.67922572914
2,"true_labeled_tree",-3831.97247828407
2,"upgma_labeled_tree",-3849.89302699972
2,"true_F_random_labels_logmeanexp",-3861.24788017909
2,"true_F_random_labels_max",-3855.03327208067
2,"true_F_random_labels_meanlog",-4126.93019415331
2,"init_F_random_labels_logmeanexp",-3914.09808394993
2,"init_F_random_labels_max",-3907.88347585183
2,"init_F_random_labels_meanlog",-4132.35611896038
3,"true_labeled_tree",-4049.66248747416
3,"upgma_labeled_tree",-4054.3183587221
3,"true_F_random_labels_logmeanexp",-4228.80112976827
3,"true_F_random_labels_max",-4222.58652166984
3,"true_F_random_labels_meanlog",-4539.65443428084
3,"init_F_random_labels_logmeanexp",-4275.22496012231
3,"init_F_random_labels_max",-4269.01035202637
3,"init_F_random_labels_meanlog",-4524.17557603032
4,"true_labeled_tree",-4239.84956778077
4,"upgma_labeled_tree",-4246.30702778881
4,"true_F_random_labels_logmeanexp",-4342.99477989456
4,"true_F_random_labels_max",-4336.78017179614
4,"true_F_random_labels_meanlog",-4761.93041337734
4,"init_F_random_labels_logmeanexp",-4364.98170913448
4,"init_F_random_labels_max",-4358.76710103606
4,"init_F_random_labels_meanlog",-4766.72303091106
5,"true_labeled_tree",-3960.91839683834
5,"upgma_labeled_tree",-3974.68980177917
5,"true_F_random_labels_logmeanexp",-3998.33318422128
5,"true_F_random_labels_max",-3992.16867094038
5,"true_F_random_labels_meanlog",-4114.06839780392
5,"init_F_random_labels_logmeanexp",-3972.99943165856
5,"init_F_random_labels_max",-3966.78482356015
5,"init_F_random_labels_meanlog",-4114.98296541938
6,"true_labeled_tree",-3805.78589574034
6,"upgma_labeled_tree",-3805.57200503747
6,"true_F_random_labels_logmeanexp",-3892.33478243207
6,"true_F_random_labels_max",-3886.12017433365
6,"true_F_random_labels_meanlog",-4161.43579357773
6,"init_F_random_labels_logmeanexp",-3835.32202571303
6,"init_F_random_labels_max",-3829.10741761461
6,"init_F_random_labels_meanlog",-4159.8593325724
7,"true_labeled_tree",-4165.40821775191
7,"upgma_labeled_tree",-4163.43526320634
7,"true_F_random_labels_logmeanexp",-4266.73288592763
7,"true_F_random_labels_max",-4260.69940203422
7,"true_F_random_labels_meanlog",-4580.43356944556
7,"init_F_random_labels_logmeanexp",-4290.37570635851
7,"init_F_random_labels_max",-4284.34016711944
7,"init_F_random_labels_meanlog",-4586.76105668416
8,"true_labeled_tree",-4125.93400203712
8,"upgma_labeled_tree",-4136.36159385798
8,"true_F_random_labels_logmeanexp",-4202.6919354927
8,"true_F_random_labels_max",-4196.47732739428
8,"true_F_random_labels_meanlog",-4393.27955597802
8,"init_F_random_labels_logmeanexp",-4281.78427808304
8,"init_F_random_labels_max",-4275.56984344574
8,"init_F_random_labels_meanlog",-4402.2935995824
9,"true_labeled_tree",-4039.02391294703
9,"upgma_labeled_tree",-4059.10177928166
9,"true_F_random_labels_logmeanexp",-4112.47506498327
9,"true_F_random_labels_max",-4106.26045688485
9,"true_F_random_labels_meanlog",-4593.50556884816
9,"init_F_random_labels_logmeanexp",-4230.29398876652
9,"init_F_random_labels_max",-4224.0793806681
9,"init_F_random_labels_meanlog",-4590.44342667445
10,"true_labeled_tree",-4142.10099290133
10,"upgma_labeled_tree",-4146.72950577142
10,"true_F_random_labels_logmeanexp",-4369.50265939532
10,"true_F_random_labels_max",-4363.2880512969
10,"true_F_random_labels_meanlog",-4829.80946765306
10,"init_F_random_labels_logmeanexp",-4413.83981862608
10,"init_F_random_labels_max",-4407.62521052765
10,"init_F_random_labels_meanlog",-4838.67373587537
11,"true_labeled_tree",-4268.94701399408
11,"upgma_labeled_tree",-4293.3734831538
11,"true_F_random_labels_logmeanexp",-4299.23400717814
11,"true_F_random_labels_max",-4293.01939909236
11,"true_F_random_labels_meanlog",-4582.33230065961
11,"init_F_random_labels_logmeanexp",-4354.20495708905
11,"init_F_random_labels_max",-4347.99034899062
11,"init_F_random_labels_meanlog",-4587.16190827719
12,"true_labeled_tree",-3910.5058390693
12,"upgma_labeled_tree",-3910.44684028466
12,"true_F_random_labels_logmeanexp",-4100.16722462302
12,"true_F_random_labels_max",-4093.95261720239
12,"true_F_random_labels_meanlog",-4503.52273874212
12,"init_F_random_labels_logmeanexp",-4082.27480396128
12,"init_F_random_labels_max",-4076.06019586285
12,"init_F_random_labels_meanlog",-4514.54485098578
13,"true_labeled_tree",-3902.79278209071
13,"upgma_labeled_tree",-3904.23951857345
13,"true_F_random_labels_logmeanexp",-3959.39983109578
13,"true_F_random_labels_max",-3953.18522299736
13,"true_F_random_labels_meanlog",-4464.02248109143
13,"init_F_random_labels_logmeanexp",-4075.67625732457
13,"init_F_random_labels_max",-4069.46164922614
13,"init_F_random_labels_meanlog",-4465.86826453549
14,"true_labeled_tree",-4063.31575740037
14,"upgma_labeled_tree",-4135.68808980199
14,"true_F_random_labels_logmeanexp",-4328.61573491506
14,"true_F_random_labels_max",-4322.40343422596
14,"true_F_random_labels_meanlog",-4626.80747965978
14,"init_F_random_labels_logmeanexp",-4232.19558539277
14,"init_F_random_labels_max",-4225.98097729435
14,"init_F_random_labels_meanlog",-4606.39687687812
15,"true_labeled_tree",-3898.21783102044
15,"upgma_labeled_tree",-3900.96394856384
15,"true_F_random_labels_logmeanexp",-4055.74729699289
15,"true_F_random_labels_max",-4049.54993480021
15,"true_F_random_labels_meanlog",-4201.15026097282
15,"init_F_random_labels_logmeanexp",-4010.21204035734
15,"init_F_random_labels_max",-4003.99743226303
15,"init_F_random_labels_meanlog",-4203.09448562369
16,"true_labeled_tree",-3972.60441909225
16,"upgma_labeled_tree",-3982.07204786281
16,"true_F_random_labels_logmeanexp",-4010.08806412006
16,"true_F_random_labels_max",-4003.87345602164
16,"true_F_random_labels_meanlog",-4281.25458820002
16,"init_F_random_labels_logmeanexp",-4001.051584015
16,"init_F_random_labels_max",-3994.8961283877
16,"init_F_random_labels_meanlog",-4281.68048842503
17,"true_labeled_tree",-4165.91186861827
17,"upgma_labeled_tree",-4165.85692413886
17,"true_F_random_labels_logmeanexp",-4307.12028556498
17,"true_F_random_labels_max",-4300.90567746656
17,"true_F_random_labels_meanlog",-4710.13713982829
17,"init_F_random_labels_logmeanexp",-4227.80252541644
17,"init_F_random_labels_max",-4221.58791731802
17,"init_F_random_labels_meanlog",-4702.82102481951
18,"true_labeled_tree",-4114.38219449521
18,"upgma_labeled_tree",-4122.98806102751
18,"true_F_random_labels_logmeanexp",-4215.09693570872
18,"true_F_random_labels_max",-4208.8823276103
18,"true_F_random_labels_meanlog",-4470.89767756379
18,"init_F_random_labels_logmeanexp",-4229.00871880543
18,"init_F_random_labels_max",-4222.794110707
18,"init_F_random_labels_meanlog",-4469.96755213531
19,"true_labeled_tree",-4107.28158349191
19,"upgma_labeled_tree",-4109.22203020803
19,"true_F_random_labels_logmeanexp",-4202.3822323992
19,"true_F_random_labels_max",-4196.16762430077
19,"true_F_random_labels_meanlog",-4868.27049723207
19,"init_F_random_labels_logmeanexp",-4396.88880820416
19,"init_F_random_labels_max",-4390.70187332099
19,"init_F_random_labels_meanlog",-4874.41269540289
20,"true_labeled_tree",-4230.02503184023
20,"upgma_labeled_tree",-4236.00619580309
20,"true_F_random_labels_logmeanexp",-4365.62534279121
20,"true_F_random_labels_max",-4359.41073469278
20,"true_F_random_labels_meanlog",-4642.94863339071
20,"init_F_random_labels_logmeanexp",-4398.59053512328
20,"init_F_random_labels_max",-4392.39399474386
20,"init_F_random_labels_meanlog",-4635.20972935562
