"experiment","seq_len","rate","replicate","replicate_seed","support_seed","label_seed","mean_pairwise_hamming","upgma_l2_to_true","support_scored","cor_logmeanexp_neg_dist","spearman_logmeanexp_neg_dist","cor_max_neg_dist","spearman_max_neg_dist","true_rank_logmeanexp","true_rank_max","upgma_rank_logmeanexp","upgma_rank_max","true_logmeanexp_minus_upgma","true_max_minus_upgma","top_20_logmeanexp_mean_dist","top_20_max_mean_dist"
"higher_rates_seq1000",1000,0.1,1,42,100043,200043,0.566577777777778,0,501,0.00457842804637385,-0.000394595818686328,0.00459620593059724,-0.000395598542814161,410,410,410,410,0,0,4.24667613764063,4.24667613764063
"higher_rates_seq1000",1000,0.1,2,43,100044,200044,0.543155555555556,2.64575131106459,502,0.311867029832808,0.317702264971243,0.311905983124409,0.317812158246348,210,210,182,182,-10.3872720172913,-10.387272017304,4.62534539277288,4.62534539277288
"higher_rates_seq1000",1000,0.15,1,42,200043,400043,0.640422222222222,0,501,-0.0707515912135408,-0.0942279932977899,-0.0707880569556967,-0.0943846529595166,362,362,362,362,0,0,4.46458105645684,4.46458105645684
"higher_rates_seq1000",1000,0.15,2,43,200044,400044,0.625222222222222,3,502,0.413403161837074,0.430395274801696,0.413308971628277,0.430418759851322,238,238,42,42,-61.4798247089366,-61.4798259716481,4.41523910460902,4.41523910460902
"higher_rates_seq1000",1000,0.2,1,42,300043,600043,0.679266666666667,3.3166247903554,502,-0.0485673686390884,-0.0386322495914086,-0.0485722952026103,-0.0385771446735024,468,468,173,173,-170.121645254707,-170.121662674246,4.29804550738435,4.29804550738435
"higher_rates_seq1000",1000,0.2,2,43,300044,600044,0.673377777777778,2.23606797749979,502,0.40587339567909,0.381503906585857,0.405805482684689,0.381464383968009,30,30,136,136,29.1693011046027,29.1693011071911,4.2221707915736,4.2221707915736
"higher_rates_seq1000",1000,0.3,1,42,400043,800043,0.719977777777778,3.87298334620742,502,-0.0542003731185302,-0.0741010865686147,-0.0542522576503745,-0.0744012931198546,326,326,77,77,-37.0971151638714,-37.0971151638714,5.02361475863348,5.02361475863348
"higher_rates_seq1000",1000,0.3,2,43,400044,800044,0.718688888888889,2.64575131106459,502,0.454851726539254,0.446162867419824,0.453859171421189,0.44453017751999,54,54,40,39,-2.42502995984796,-2.42546344352741,4.08964958021512,4.08964958021512
"longer_sequences_moderate_rates",10000,0.01,1,42,100043,200043,0.115871111111111,1.73205080756888,502,0.061374893321567,0.0402393265640736,0.0613780184303237,0.0402393265640736,7,7,241,241,1879.74167735544,1879.74167735544,3.78864993022319,3.78864993022319
"longer_sequences_moderate_rates",10000,0.01,2,43,100044,200044,0.10224,1.73205080756888,502,0.150770278567398,0.158601525886004,0.150767797517576,0.158604752352709,312,312,95,95,-386.697058624515,-386.697058624515,4.80790200070327,4.80790200070327
"longer_sequences_moderate_rates",10000,0.02,1,42,200043,400043,0.207457777777778,0,501,-0.0187214426092039,-0.034230732931457,-0.0187211555973022,-0.034230732931457,284,284,284,284,0,0,4.23150406497065,4.23150406497065
"longer_sequences_moderate_rates",10000,0.02,2,43,200044,400044,0.189166666666667,1.73205080756888,502,0.172222520309714,0.203811479716736,0.172219046599482,0.203811479716736,270,270,24,24,-1155.05151482988,-1155.05151482988,5.37931265002225,5.37931265002225
"longer_sequences_moderate_rates",10000,0.05,1,42,300043,600043,0.404306666666667,0,501,0.0126799219353188,0.0283606408022889,0.0126799208599377,0.0283606408022889,456,456,456,456,0,0,3.96104263703311,3.96104263703311
"longer_sequences_moderate_rates",10000,0.05,2,43,300044,600044,0.375475555555556,1.73205080756888,502,0.227411181216514,0.218686769645589,0.227410860603676,0.218683780550252,105,105,288,288,626.045054818547,626.045054818547,5.04621017244568,5.04621017244568
"longer_sequences_moderate_rates",10000,0.1,1,42,400043,800043,0.566835555555556,0,501,-0.0109183664102573,-0.0119622555480419,-0.0109183278489565,-0.0119622555480419,330,330,330,330,0,0,4.40363956454643,4.40363956454643
"longer_sequences_moderate_rates",10000,0.1,2,43,400044,800044,0.548584444444444,0,501,0.24596310219728,0.24621491067505,0.24595783454694,0.246203073761637,8,8,8,8,0,0,4.52980994686614,4.52980994686614
