"idx","logmeanexp","max","meanlog","sd","dist_to_true","dist_to_upgma","is_true_F","is_upgma_F","experiment","seq_len","rate","replicate"
51,-13809.0277577448,-13805.1933670281,-13854.58448988,25.1690971282702,3.16227766016838,4.58257569495584,FALSE,FALSE,"higher_rates_seq1000",1000,0.3,1
54,-13762.4625592343,-13758.5505362288,-13855.1744076074,31.8956536431492,2.23606797749979,4,FALSE,FALSE,"higher_rates_seq1000",1000,0.3,1
57,-13795.3382539613,-13791.4262839538,-13860.7530673346,32.8068321470589,2.44948974278318,4.12310562561766,FALSE,FALSE,"higher_rates_seq1000",1000,0.3,1
63,-13731.921177452,-13728.0091544466,-13853.0099751378,33.8183701832666,3.46410161513775,4.79583152331272,FALSE,FALSE,"higher_rates_seq1000",1000,0.3,1
88,-13700.9726802327,-13697.0606572273,-13853.5958126965,38.5489871303487,3.16227766016838,4.58257569495584,FALSE,FALSE,"higher_rates_seq1000",1000,0.3,1
91,-13678.4571449211,-13674.5475304504,-13844.1237140249,52.2183826616842,3.16227766016838,4.58257569495584,FALSE,FALSE,"higher_rates_seq1000",1000,0.3,1
108,-13658.7654527172,-13654.8534297118,-13846.2393597732,42.0769634392413,3.60555127546399,5.8309518948453,FALSE,FALSE,"higher_rates_seq1000",1000,0.3,1
121,-13684.8271430587,-13680.9151200532,-13855.319314809,38.0069112242613,3.74165738677394,4.79583152331272,FALSE,FALSE,"higher_rates_seq1000",1000,0.3,1
127,-13797.4107454364,-13793.6324372872,-13861.657922659,34.0429745206054,3.74165738677394,4.79583152331272,FALSE,FALSE,"higher_rates_seq1000",1000,0.3,1
155,-13658.5258919223,-13654.6139613613,-13844.515112286,48.0711081310094,4.89897948556636,6.85565460040104,FALSE,FALSE,"higher_rates_seq1000",1000,0.3,1
161,-13684.2202175646,-13680.7541602162,-13845.496546076,52.6989695988827,1.4142135623731,3.87298334620742,FALSE,FALSE,"higher_rates_seq1000",1000,0.3,1
170,-13778.2203037355,-13774.3082807307,-13846.9020769903,30.6290457369969,3.74165738677394,6.08276253029822,FALSE,FALSE,"higher_rates_seq1000",1000,0.3,1
185,-13764.6848883201,-13760.7728653147,-13856.8787522525,33.2327301793129,3.60555127546399,4.69041575982343,FALSE,FALSE,"higher_rates_seq1000",1000,0.3,1
191,-13770.9415238867,-13767.0295008812,-13854.6149838762,31.825568173135,3.3166247903554,5.09901951359278,FALSE,FALSE,"higher_rates_seq1000",1000,0.3,1
192,-13661.728882106,-13657.8168591006,-13853.9426120087,41.2843372639431,3.16227766016838,5,FALSE,FALSE,"higher_rates_seq1000",1000,0.3,1
198,-13697.1133888492,-13693.2013658438,-13854.9963296284,40.9152044250986,2.82842712474619,4.79583152331272,FALSE,FALSE,"higher_rates_seq1000",1000,0.3,1
218,-13789.6539667103,-13785.7561761915,-13858.5772235378,29.0711620595782,3.16227766016838,4.12310562561766,FALSE,FALSE,"higher_rates_seq1000",1000,0.3,1
224,-13674.1780487319,-13670.2660263963,-13850.5096726163,49.3630282060758,2.64575131106459,3.74165738677394,FALSE,FALSE,"higher_rates_seq1000",1000,0.3,1
228,-13659.4955873512,-13655.5835643458,-13844.6891599817,45.8333056756359,3.46410161513775,5.3851648071345,FALSE,FALSE,"higher_rates_seq1000",1000,0.3,1
240,-13681.7518686285,-13677.8440502076,-13850.9334677381,45.4334480954196,2.82842712474619,3.3166247903554,FALSE,FALSE,"higher_rates_seq1000",1000,0.3,1
246,-13669.5937713347,-13665.6817483292,-13846.6737897705,40.6547477741897,4,4.35889894354067,FALSE,FALSE,"higher_rates_seq1000",1000,0.3,1
247,-13725.0975409746,-13721.1855179691,-13843.6906671966,35.3401543027363,4.12310562561766,4.69041575982343,FALSE,FALSE,"higher_rates_seq1000",1000,0.3,1
251,-13675.3437225559,-13672.3771122745,-13840.7559749556,56.9051490408225,3.60555127546399,4.89897948556636,FALSE,FALSE,"higher_rates_seq1000",1000,0.3,1
274,-13772.0129170697,-13768.1009240261,-13846.5714942702,31.4808580639338,3.87298334620742,5.09901951359278,FALSE,FALSE,"higher_rates_seq1000",1000,0.3,1
284,-13766.9406433122,-13763.0286207216,-13852.9267277866,30.2043981720486,3.46410161513775,5.3851648071345,FALSE,FALSE,"higher_rates_seq1000",1000,0.3,1
288,-13788.1302694364,-13784.2182472205,-13852.1554467293,26.3669223612234,4.12310562561766,6,FALSE,FALSE,"higher_rates_seq1000",1000,0.3,1
298,-13677.88928241,-13673.9772594045,-13844.9867111132,38.3285779103242,4.89897948556636,6.40312423743285,FALSE,FALSE,"higher_rates_seq1000",1000,0.3,1
357,-13793.3096778597,-13789.9390634812,-13858.5474390542,26.3661233325776,3.46410161513775,4.79583152331272,FALSE,FALSE,"higher_rates_seq1000",1000,0.3,1
421,-13658.8636608108,-13654.9516622924,-13851.7892598757,55.7356745054545,2.82842712474619,3.87298334620742,FALSE,FALSE,"higher_rates_seq1000",1000,0.3,1
435,-13682.1661976665,-13678.2541746611,-13851.8992714172,37.4266558892698,3.60555127546399,4.89897948556636,FALSE,FALSE,"higher_rates_seq1000",1000,0.3,1
464,-13753.9573905452,-13750.0453675398,-13861.4797631075,30.8665444427938,3.46410161513775,4.58257569495584,FALSE,FALSE,"higher_rates_seq1000",1000,0.3,1
467,-13793.3311265635,-13789.4221094862,-13858.0767572427,26.7464887621667,4.12310562561766,4.69041575982343,FALSE,FALSE,"higher_rates_seq1000",1000,0.3,1
480,-13769.6968639468,-13765.7848409414,-13848.8148822727,27.7642727913605,3.3166247903554,4.69041575982343,FALSE,FALSE,"higher_rates_seq1000",1000,0.3,1
487,-13721.8737167665,-13717.9616937611,-13860.2833471371,33.6492947213944,4.12310562561766,5.47722557505166,FALSE,FALSE,"higher_rates_seq1000",1000,0.3,1
529,-13655.6645367703,-13651.7525137649,-13842.2077435279,46.7171627048373,3.16227766016838,3.60555127546399,FALSE,FALSE,"higher_rates_seq1000",1000,0.3,1
535,-13690.2729673568,-13686.3609443514,-13852.1819191827,36.3495612245889,4.12310562561766,4.69041575982343,FALSE,FALSE,"higher_rates_seq1000",1000,0.3,1
616,-13687.1805502263,-13683.2685272209,-13850.6049946927,44.2738191490079,4,5,FALSE,FALSE,"higher_rates_seq1000",1000,0.3,1
670,-13683.4743477266,-13679.5623247212,-13851.2903713489,41.6024287057636,2.44948974278318,4.58257569495584,FALSE,FALSE,"higher_rates_seq1000",1000,0.3,1
672,-13658.9857923801,-13655.0737693747,-13847.3267324978,44.2533156718092,3.16227766016838,5,FALSE,FALSE,"higher_rates_seq1000",1000,0.3,1
677,-13687.8676950263,-13683.9556720209,-13848.2505512534,37.2858794767612,2.64575131106459,4.47213595499958,FALSE,FALSE,"higher_rates_seq1000",1000,0.3,1
700,-13649.3504074957,-13645.4383844903,-13849.9951061195,44.3569742844439,2.44948974278318,4.35889894354067,FALSE,FALSE,"higher_rates_seq1000",1000,0.3,1
705,-13692.5899911,-13688.7591186658,-13854.6283490686,50.0323696898448,2.44948974278318,3.87298334620742,FALSE,FALSE,"higher_rates_seq1000",1000,0.3,1
708,-13687.4427197064,-13683.530696701,-13853.7883642114,40.2136838315574,3,4,FALSE,FALSE,"higher_rates_seq1000",1000,0.3,1
710,-13679.9770819182,-13676.0650589128,-13855.4506175011,39.9412611561294,2.82842712474619,3.87298334620742,FALSE,FALSE,"higher_rates_seq1000",1000,0.3,1
718,-13767.7809306011,-13763.8690821921,-13847.0178523804,29.1492213587165,5.3851648071345,6.78232998312527,FALSE,FALSE,"higher_rates_seq1000",1000,0.3,1
740,-13680.7368579677,-13676.8248349623,-13844.4056795828,39.1755291207414,3.46410161513775,4.35889894354067,FALSE,FALSE,"higher_rates_seq1000",1000,0.3,1
749,-13696.6591470429,-13692.7471240374,-13847.6360447653,37.2717188963872,2.64575131106459,4.24264068711928,FALSE,FALSE,"higher_rates_seq1000",1000,0.3,1
758,-13785.9221289125,-13782.0400117726,-13854.2465134984,33.631908490548,3,4,FALSE,FALSE,"higher_rates_seq1000",1000,0.3,1
788,-13701.1491595323,-13697.2371365269,-13854.9649798272,39.9109971744694,3.3166247903554,3.74165738677394,FALSE,FALSE,"higher_rates_seq1000",1000,0.3,1
799,-13672.0435444817,-13668.1315214763,-13846.1523979585,40.9753677545129,5.09901951359278,5.56776436283002,FALSE,FALSE,"higher_rates_seq1000",1000,0.3,1
806,-13691.3076814812,-13687.3956584758,-13839.9540332351,37.6242199439157,4.12310562561766,5.65685424949238,FALSE,FALSE,"higher_rates_seq1000",1000,0.3,1
812,-13766.531073901,-13762.6191220044,-13846.0948938829,33.5007787738654,4.35889894354067,5.47722557505166,FALSE,FALSE,"higher_rates_seq1000",1000,0.3,1
827,-13681.1438676274,-13677.3591655436,-13842.9318375649,49.445432535205,3.60555127546399,5.47722557505166,FALSE,FALSE,"higher_rates_seq1000",1000,0.3,1
837,-13653.4711150978,-13649.5590920924,-13847.4448401077,45.4332285894435,4.35889894354067,5.47722557505166,FALSE,FALSE,"higher_rates_seq1000",1000,0.3,1
856,-13663.1105479338,-13659.2121894342,-13835.3170845585,50.6607115236219,6.6332495807108,7.93725393319377,FALSE,FALSE,"higher_rates_seq1000",1000,0.3,1
873,-13667.5050697984,-13663.5930469746,-13831.3843542372,55.1556795298618,4.89897948556636,5.56776436283002,FALSE,FALSE,"higher_rates_seq1000",1000,0.3,1
889,-13681.3806615643,-13677.4686385589,-13851.0149166892,43.1520348717909,3.87298334620742,4.69041575982343,FALSE,FALSE,"higher_rates_seq1000",1000,0.3,1
890,-13695.562632026,-13691.6506090205,-13857.3242259629,39.1283279242303,3.60555127546399,4.47213595499958,FALSE,FALSE,"higher_rates_seq1000",1000,0.3,1
903,-13679.4724112554,-13675.5617557658,-13839.9211770001,51.2124164411847,6.16441400296898,7.41619848709566,FALSE,FALSE,"higher_rates_seq1000",1000,0.3,1
920,-13676.0718242912,-13672.1598013998,-13851.6034542969,47.6001974408905,2.64575131106459,2.82842712474619,FALSE,FALSE,"higher_rates_seq1000",1000,0.3,1
933,-13676.0434739964,-13672.131450991,-13839.576507664,39.060233276913,3.74165738677394,5,FALSE,FALSE,"higher_rates_seq1000",1000,0.3,1
941,-13666.5860046115,-13662.6739816065,-13834.1844279397,50.1030444290286,4.24264068711928,4.58257569495584,FALSE,FALSE,"higher_rates_seq1000",1000,0.3,1
944,-13685.4949826122,-13681.5829596068,-13842.1616557265,37.7460095932962,3.46410161513775,4.58257569495584,FALSE,FALSE,"higher_rates_seq1000",1000,0.3,1
949,-13677.6087108784,-13673.696687873,-13849.0205801836,41.0258419566997,3,4,FALSE,FALSE,"higher_rates_seq1000",1000,0.3,1
969,-13677.4790478849,-13673.5670248794,-13855.1926110858,36.8609027626638,2.82842712474619,4.12310562561766,FALSE,FALSE,"higher_rates_seq1000",1000,0.3,1
1016,-13684.622705947,-13680.7129819632,-13844.2244438387,45.5608273100642,2.82842712474619,3.60555127546399,FALSE,FALSE,"higher_rates_seq1000",1000,0.3,1
1024,-13678.1083747182,-13674.2772923279,-13841.5525723878,46.3037986764924,3.74165738677394,3.60555127546399,FALSE,FALSE,"higher_rates_seq1000",1000,0.3,1
1049,-13754.6311639214,-13750.719140916,-13851.921268509,31.7469839620633,4.35889894354067,3.74165738677394,FALSE,FALSE,"higher_rates_seq1000",1000,0.3,1
1078,-13653.095749326,-13649.1837263206,-13848.6506368829,44.1226876631863,5,5.29150262212918,FALSE,FALSE,"higher_rates_seq1000",1000,0.3,1
1082,-13650.226230222,-13646.3142072166,-13847.5807452485,46.7083248116361,4.12310562561766,5.47722557505166,FALSE,FALSE,"higher_rates_seq1000",1000,0.3,1
1124,-13769.2622970539,-13765.3502740486,-13840.7660530916,33.1650432828573,4.69041575982343,5.19615242270663,FALSE,FALSE,"higher_rates_seq1000",1000,0.3,1
1168,-13690.8552660919,-13686.9432430865,-13850.4342099195,38.0306761562942,5.8309518948453,6.70820393249937,FALSE,FALSE,"higher_rates_seq1000",1000,0.3,1
1230,-13691.4824135439,-13687.5703905385,-13850.6057287836,42.498822144444,3.16227766016838,3,FALSE,FALSE,"higher_rates_seq1000",1000,0.3,1
1240,-13673.5653543159,-13669.6601729523,-13843.2178785882,44.6549881674358,2.64575131106459,3.16227766016838,FALSE,FALSE,"higher_rates_seq1000",1000,0.3,1
1324,-13675.3720719059,-13671.4600489437,-13836.4538006617,54.8281448937836,4,2.64575131106459,FALSE,FALSE,"higher_rates_seq1000",1000,0.3,1
1329,-13670.1880973461,-13666.2760743407,-13851.69518926,48.3553845201988,4.12310562561766,2.82842712474619,FALSE,FALSE,"higher_rates_seq1000",1000,0.3,1
1331,-13680.989065751,-13677.0770887285,-13844.4905466068,50.9346314780454,5,4.24264068711928,FALSE,FALSE,"higher_rates_seq1000",1000,0.3,1
1353,-13692.0176705629,-13688.1056475575,-13840.0134934459,40.6185086384554,7,7.07106781186548,FALSE,FALSE,"higher_rates_seq1000",1000,0.3,1
1368,-13691.6133052536,-13687.7012822482,-13846.0215892789,44.4873590398297,4,4.35889894354067,FALSE,FALSE,"higher_rates_seq1000",1000,0.3,1
1374,-13681.36129651,-13677.4492735046,-13853.0107450646,37.3932542143848,4.58257569495584,4.24264068711928,FALSE,FALSE,"higher_rates_seq1000",1000,0.3,1
1380,-13689.9709921323,-13686.0589691269,-13844.2300804159,42.1200143721512,5.3851648071345,5.29150262212918,FALSE,FALSE,"higher_rates_seq1000",1000,0.3,1
1386,-13784.1095635754,-13780.1980942848,-13840.4947608152,26.6453252018444,4,5.19615242270663,FALSE,FALSE,"higher_rates_seq1000",1000,0.3,1
1426,-13669.3876149871,-13665.4755936605,-13837.4134942223,44.4579215245057,3.87298334620742,5.47722557505166,FALSE,FALSE,"higher_rates_seq1000",1000,0.3,1
1436,-13684.7750596755,-13680.8630366701,-13842.3824847736,37.2716255371118,4.35889894354067,5.8309518948453,FALSE,FALSE,"higher_rates_seq1000",1000,0.3,1
1448,-13645.1170994493,-13641.2050764438,-13840.3510407345,48.4239945817774,4.89897948556636,6.557438524302,FALSE,FALSE,"higher_rates_seq1000",1000,0.3,1
1482,-13669.4921083616,-13665.6147817742,-13835.5398115704,44.5191952484973,6.08276253029822,6.92820323027551,FALSE,FALSE,"higher_rates_seq1000",1000,0.3,1
1492,-13775.1956942468,-13771.290727767,-13841.1081035331,26.6287278085906,6.2449979983984,8,FALSE,FALSE,"higher_rates_seq1000",1000,0.3,1
1521,-13651.277799598,-13647.3657765925,-13831.3382112478,43.4898291110342,4.89897948556636,6.2449979983984,FALSE,FALSE,"higher_rates_seq1000",1000,0.3,1
1553,-13688.1379389718,-13684.2259159663,-13846.6229827824,41.602111844657,6.2449979983984,7.48331477354788,FALSE,FALSE,"higher_rates_seq1000",1000,0.3,1
1563,-13786.8650233566,-13782.9541640167,-13842.5267352143,27.6662747207711,4.24264068711928,4.79583152331272,FALSE,FALSE,"higher_rates_seq1000",1000,0.3,1
1568,-13748.1058987831,-13744.1938757777,-13846.6899717832,26.2567471325841,4,4.79583152331272,FALSE,FALSE,"higher_rates_seq1000",1000,0.3,1
1613,-13676.2070226768,-13672.2949996714,-13833.6451868736,42.0625600211908,6.70820393249937,6.6332495807108,FALSE,FALSE,"higher_rates_seq1000",1000,0.3,1
1620,-13655.6084247492,-13651.6964017437,-13844.1503654757,44.7748719058655,4.58257569495584,4.47213595499958,FALSE,FALSE,"higher_rates_seq1000",1000,0.3,1
1639,-13681.194058053,-13677.2823768301,-13840.5064927487,45.4308440491744,5.74456264653803,6,FALSE,FALSE,"higher_rates_seq1000",1000,0.3,1
1666,-13660.8095435062,-13656.8975205008,-13840.4357856842,44.5526457885386,3.87298334620742,6,FALSE,FALSE,"higher_rates_seq1000",1000,0.3,1
1688,-13698.5274928357,-13694.6154698303,-13847.3679637275,41.4173803069168,4.89897948556636,6.557438524302,FALSE,FALSE,"higher_rates_seq1000",1000,0.3,1
1691,-13691.2199978313,-13687.3079748259,-13846.5598913529,36.7346661872251,3.16227766016838,5,FALSE,FALSE,"higher_rates_seq1000",1000,0.3,1
1698,-13680.0901749254,-13676.17815192,-13854.9692947454,39.6804819513903,3.60555127546399,5.65685424949238,FALSE,FALSE,"higher_rates_seq1000",1000,0.3,1
1722,-13783.7687972151,-13779.8567752144,-13861.7989653294,28.3696671867832,3.16227766016838,4.79583152331272,FALSE,FALSE,"higher_rates_seq1000",1000,0.3,1
1746,-13794.6156815251,-13790.76288405,-13849.2198953304,31.3786463533229,2.82842712474619,4.79583152331272,FALSE,FALSE,"higher_rates_seq1000",1000,0.3,1
1779,-13677.7612270855,-13673.8492040801,-13841.2840642054,36.9609590928333,4.89897948556636,6.2449979983984,FALSE,FALSE,"higher_rates_seq1000",1000,0.3,1
1789,-13670.2284402605,-13666.3164172566,-13840.5589006323,43.811620121077,3.60555127546399,4.89897948556636,FALSE,FALSE,"higher_rates_seq1000",1000,0.3,1
1804,-13663.481326247,-13659.5693058108,-13847.5254233917,45.7256120239797,3.46410161513775,5.19615242270663,FALSE,FALSE,"higher_rates_seq1000",1000,0.3,1
1806,-13768.6565429175,-13764.744519923,-13864.8228731555,35.8703733966253,3.87298334620742,5.29150262212918,FALSE,FALSE,"higher_rates_seq1000",1000,0.3,1
1811,-13750.0487167126,-13746.1369893978,-13850.370212037,33.4825346116582,3.60555127546399,5.09901951359278,FALSE,FALSE,"higher_rates_seq1000",1000,0.3,1
1829,-13787.0023984892,-13783.0903754839,-13859.9462369543,31.0406552363886,3.46410161513775,5.19615242270663,FALSE,FALSE,"higher_rates_seq1000",1000,0.3,1
1891,-13781.7565571128,-13777.844593288,-13858.4042387729,31.2120356965429,3.3166247903554,4.47213595499958,FALSE,FALSE,"higher_rates_seq1000",1000,0.3,1
1961,-13763.0472123689,-13759.1351893635,-13861.0893471159,30.2625670046836,3.16227766016838,4.35889894354067,FALSE,FALSE,"higher_rates_seq1000",1000,0.3,1
1973,-13790.8832451493,-13786.9713321187,-13860.6811453295,30.1907382045635,3.3166247903554,4,FALSE,FALSE,"higher_rates_seq1000",1000,0.3,1
1974,-13679.3867217768,-13675.8957881322,-13848.5403325531,50.8965619323718,3.16227766016838,3.87298334620742,FALSE,FALSE,"higher_rates_seq1000",1000,0.3,1
2009,-13675.4460856321,-13671.5340626266,-13855.2317882459,36.7469961072925,4,5,FALSE,FALSE,"higher_rates_seq1000",1000,0.3,1
2061,-13786.6566839151,-13782.7453703854,-13848.1605615017,31.7600867475756,5.74456264653803,6.16441400296898,FALSE,FALSE,"higher_rates_seq1000",1000,0.3,1
2070,-13762.8044529195,-13758.892429914,-13853.6841526394,32.6509366278377,4.12310562561766,4.47213595499958,FALSE,FALSE,"higher_rates_seq1000",1000,0.3,1
2098,-13797.2554378019,-13793.3456884886,-13857.3347923226,29.6719820543534,3.3166247903554,3.46410161513775,FALSE,FALSE,"higher_rates_seq1000",1000,0.3,1
2114,-13751.22084854,-13747.3088255345,-13861.031592808,33.8336542846786,4,4.35889894354067,FALSE,FALSE,"higher_rates_seq1000",1000,0.3,1
2117,-13693.9862240632,-13690.0742010578,-13858.0480961713,37.5392437135661,4.12310562561766,4.47213595499958,FALSE,FALSE,"higher_rates_seq1000",1000,0.3,1
2122,-13672.0480234188,-13668.1360004134,-13850.056645205,40.218956848715,3.87298334620742,4.24264068711928,FALSE,FALSE,"higher_rates_seq1000",1000,0.3,1
2153,-13757.4816440521,-13753.5696689172,-13834.0285425204,32.500705344633,5.47722557505166,6.70820393249937,FALSE,FALSE,"higher_rates_seq1000",1000,0.3,1
2171,-13664.5123978934,-13660.6156935115,-13833.3639955957,47.2271559948924,7,8.24621125123532,FALSE,FALSE,"higher_rates_seq1000",1000,0.3,1
2183,-13784.0411513919,-13780.1291283909,-13844.9756862065,23.7828146200954,6.16441400296898,6.85565460040104,FALSE,FALSE,"higher_rates_seq1000",1000,0.3,1
2186,-13761.6341058471,-13757.722085957,-13837.6090012347,31.8617804192781,6.16441400296898,7,FALSE,FALSE,"higher_rates_seq1000",1000,0.3,1
2190,-13674.1722169832,-13670.2601939777,-13835.1570019552,41.8376152534524,6,6.557438524302,FALSE,FALSE,"higher_rates_seq1000",1000,0.3,1
2192,-13664.5253698089,-13660.6139139166,-13840.196615857,45.2425922096732,6.70820393249937,7.48331477354788,FALSE,FALSE,"higher_rates_seq1000",1000,0.3,1
2210,-13782.244937767,-13778.791383781,-13857.8850123307,33.1481419118901,3.3166247903554,5.47722557505166,FALSE,FALSE,"higher_rates_seq1000",1000,0.3,1
2218,-13756.2658086059,-13752.3538158565,-13854.2941014047,36.8886798391621,3.60555127546399,5.29150262212918,FALSE,FALSE,"higher_rates_seq1000",1000,0.3,1
2226,-13670.1786947813,-13666.2666757803,-13852.8194079339,46.0557811471084,3.74165738677394,4.79583152331272,FALSE,FALSE,"higher_rates_seq1000",1000,0.3,1
2279,-13770.1521909371,-13766.2402402049,-13854.3850249994,31.9491234119522,3.16227766016838,5.19615242270663,FALSE,FALSE,"higher_rates_seq1000",1000,0.3,1
2305,-13651.9673475493,-13648.0553245603,-13851.5051935333,47.1431653340634,3.3166247903554,4.47213595499958,FALSE,FALSE,"higher_rates_seq1000",1000,0.3,1
2306,-13697.1202390752,-13693.5668678952,-13849.8339950604,41.8969955096909,3,4.24264068711928,FALSE,FALSE,"higher_rates_seq1000",1000,0.3,1
2317,-13670.9629246202,-13667.0509016148,-13851.8012623106,42.9382097709434,3.46410161513775,4.35889894354067,FALSE,FALSE,"higher_rates_seq1000",1000,0.3,1
2342,-13665.8477366312,-13661.9617007004,-13840.4458101426,49.0663150382478,4.69041575982343,5.91607978309962,FALSE,FALSE,"higher_rates_seq1000",1000,0.3,1
2351,-13669.6424153435,-13666.4042278031,-13841.0350839693,54.2323361255709,3.74165738677394,4.35889894354067,FALSE,FALSE,"higher_rates_seq1000",1000,0.3,1
2373,-13687.2523604639,-13683.4395684881,-13846.807845888,41.1576689975946,3,4.24264068711928,FALSE,FALSE,"higher_rates_seq1000",1000,0.3,1
2405,-13770.9151637365,-13767.0031479409,-13851.4486804361,30.2622922621419,3.16227766016838,4.12310562561766,FALSE,FALSE,"higher_rates_seq1000",1000,0.3,1
2429,-13679.2052354012,-13675.2932125758,-13849.411184589,47.8849113361518,3,4.47213595499958,FALSE,FALSE,"higher_rates_seq1000",1000,0.3,1
2450,-13671.2036957567,-13667.7547681195,-13840.1422402054,50.4615380547368,3.16227766016838,4.35889894354067,FALSE,FALSE,"higher_rates_seq1000",1000,0.3,1
2457,-13679.8356573649,-13675.9236343595,-13849.3950558746,37.6563498925001,4.35889894354067,5.29150262212918,FALSE,FALSE,"higher_rates_seq1000",1000,0.3,1
2489,-13768.707632258,-13764.7956092526,-13857.9968095855,27.4504811521303,4.69041575982343,4.79583152331272,FALSE,FALSE,"higher_rates_seq1000",1000,0.3,1
2559,-13690.3537981293,-13686.446928811,-13849.0873595032,50.5619046910016,5.29150262212918,5,FALSE,FALSE,"higher_rates_seq1000",1000,0.3,1
2564,-13663.2654286867,-13659.3534056813,-13847.7117572065,47.0574964751805,5.91607978309962,5.8309518948453,FALSE,FALSE,"higher_rates_seq1000",1000,0.3,1
2576,-13698.4715198425,-13694.559496837,-13851.1606874503,38.1646385675141,4.89897948556636,4.35889894354067,FALSE,FALSE,"higher_rates_seq1000",1000,0.3,1
2578,-13803.5981825606,-13800.2403750581,-13864.9638610249,27.9501837816207,3.87298334620742,3.16227766016838,FALSE,FALSE,"higher_rates_seq1000",1000,0.3,1
2631,-13692.9522752434,-13689.040252238,-13847.0792389618,41.7561804289041,4.79583152331272,4.47213595499958,FALSE,FALSE,"higher_rates_seq1000",1000,0.3,1
2649,-13775.6375883443,-13771.7279008325,-13853.1866089226,34.6338983680806,6,5.3851648071345,FALSE,FALSE,"higher_rates_seq1000",1000,0.3,1
2692,-13763.5307546099,-13759.6187316362,-13836.0268033813,33.698305264497,4.69041575982343,6.08276253029822,FALSE,FALSE,"higher_rates_seq1000",1000,0.3,1
2718,-13644.4157329344,-13640.5037099339,-13831.6558645495,49.1121697688829,5,5.8309518948453,FALSE,FALSE,"higher_rates_seq1000",1000,0.3,1
2721,-13773.8353890331,-13769.9233660277,-13838.7875863583,27.5999854257943,4.79583152331272,5.8309518948453,FALSE,FALSE,"higher_rates_seq1000",1000,0.3,1
2727,-13662.8453419676,-13658.9333189622,-13833.9312029367,40.5472624273583,5.47722557505166,5.74456264653803,FALSE,FALSE,"higher_rates_seq1000",1000,0.3,1
2731,-13673.9965948093,-13670.0845718038,-13834.9725767438,41.7905146984102,5.65685424949238,6.08276253029822,FALSE,FALSE,"higher_rates_seq1000",1000,0.3,1
2746,-13684.5117176355,-13680.59969463,-13839.8958748454,39.7966979125263,5.09901951359278,5.3851648071345,FALSE,FALSE,"higher_rates_seq1000",1000,0.3,1
2767,-13689.9229977541,-13686.0109747486,-13844.7366552199,40.4741557672454,5.65685424949238,7.14142842854285,FALSE,FALSE,"higher_rates_seq1000",1000,0.3,1
2794,-13696.084767043,-13692.1727440375,-13843.6286216229,38.9240949432056,5.91607978309962,6.92820323027551,FALSE,FALSE,"higher_rates_seq1000",1000,0.3,1
2796,-13653.0024314201,-13649.0904084147,-13837.9812453909,47.527924885631,6.32455532033676,7.68114574786861,FALSE,FALSE,"higher_rates_seq1000",1000,0.3,1
2800,-13666.5203139544,-13662.6082909489,-13844.7797145655,46.2752462720836,3.87298334620742,5.47722557505166,FALSE,FALSE,"higher_rates_seq1000",1000,0.3,1
2813,-13664.5528862126,-13660.6408632072,-13843.5768095828,53.0918760134372,4.24264068711928,5.91607978309962,FALSE,FALSE,"higher_rates_seq1000",1000,0.3,1
2829,-13664.8399831552,-13661.4629130918,-13843.8374776147,52.4768901236537,4.12310562561766,5.09901951359278,FALSE,FALSE,"higher_rates_seq1000",1000,0.3,1
2847,-13795.202156753,-13791.3045767266,-13854.8305250309,28.516884981015,4.12310562561766,5.65685424949238,FALSE,FALSE,"higher_rates_seq1000",1000,0.3,1
2885,-13774.3066039514,-13770.3945809483,-13859.688198898,31.874614759766,4.24264068711928,5,FALSE,FALSE,"higher_rates_seq1000",1000,0.3,1
2887,-13786.7822120508,-13782.8710764813,-13849.0180708541,28.4692124634374,6,6.85565460040104,FALSE,FALSE,"higher_rates_seq1000",1000,0.3,1
2922,-13669.0049227186,-13665.0928997132,-13846.6439309727,41.3452231116575,5.56776436283002,6,FALSE,FALSE,"higher_rates_seq1000",1000,0.3,1
2953,-13671.5241396779,-13667.6121166724,-13853.2803412884,39.1716548443514,6.6332495807108,6.557438524302,FALSE,FALSE,"higher_rates_seq1000",1000,0.3,1
2963,-13628.2067181688,-13624.2946951633,-13839.5058723575,50.5319274143673,4.24264068711928,4.79583152331272,FALSE,FALSE,"higher_rates_seq1000",1000,0.3,1
2966,-13677.3356805376,-13673.4236575322,-13852.8201588947,35.3325620333226,4.47213595499958,4.79583152331272,FALSE,FALSE,"higher_rates_seq1000",1000,0.3,1
2978,-13785.6657233773,-13781.7537012374,-13860.6650832239,30.8765471970536,5.09901951359278,4.79583152331272,FALSE,FALSE,"higher_rates_seq1000",1000,0.3,1
2981,-13781.6101926584,-13777.6981696662,-13848.2057320478,29.5973402549382,5.74456264653803,5.65685424949238,FALSE,FALSE,"higher_rates_seq1000",1000,0.3,1
3048,-13789.951430399,-13786.0394076533,-13854.6959805458,23.9399468823399,2.82842712474619,4.35889894354067,FALSE,FALSE,"higher_rates_seq1000",1000,0.3,1
3065,-13695.1959952233,-13691.2839722178,-13859.457843663,35.187406753249,1.73205080756888,4,FALSE,FALSE,"higher_rates_seq1000",1000,0.3,1
3081,-13777.9061071995,-13773.9940842164,-13848.612680107,28.998109652781,2.23606797749979,4.24264068711928,FALSE,FALSE,"higher_rates_seq1000",1000,0.3,1
3095,-13696.7947652269,-13692.8827422214,-13853.7234275067,39.271522760764,0,3.87298334620742,TRUE,FALSE,"higher_rates_seq1000",1000,0.3,1
3107,-13662.696548066,-13658.7845250618,-13846.7943188371,49.4364389957579,2.44948974278318,3.87298334620742,FALSE,FALSE,"higher_rates_seq1000",1000,0.3,1
3109,-13658.1247349981,-13654.2127119927,-13848.4198949409,52.93182835676,2,3.60555127546399,FALSE,FALSE,"higher_rates_seq1000",1000,0.3,1
3117,-13778.4193186281,-13774.5072956226,-13852.9521906554,29.14213429948,2.44948974278318,3.60555127546399,FALSE,FALSE,"higher_rates_seq1000",1000,0.3,1
3121,-13679.527209258,-13675.6151862526,-13855.0228403673,38.5376254043923,3.46410161513775,3.60555127546399,FALSE,FALSE,"higher_rates_seq1000",1000,0.3,1
3131,-13679.2089766085,-13675.2969536031,-13858.5182528542,37.45550488666,2.23606797749979,3.16227766016838,FALSE,FALSE,"higher_rates_seq1000",1000,0.3,1
3133,-13683.4527001206,-13679.5406771152,-13844.4507489652,39.8861665787698,3,3.74165738677394,FALSE,FALSE,"higher_rates_seq1000",1000,0.3,1
3150,-13767.2828664407,-13763.3708434353,-13847.9717724019,33.6860912090809,3,2.82842712474619,FALSE,FALSE,"higher_rates_seq1000",1000,0.3,1
3154,-13800.1855363635,-13796.2737429563,-13860.6901087187,26.7355865852669,2.82842712474619,2.64575131106459,FALSE,FALSE,"higher_rates_seq1000",1000,0.3,1
3182,-13675.6480141417,-13671.7359911363,-13833.5292233523,37.7982969541537,3.74165738677394,5.56776436283002,FALSE,FALSE,"higher_rates_seq1000",1000,0.3,1
3192,-13697.1312443717,-13693.2192213663,-13836.3112341178,36.2964284896902,3.46410161513775,5,FALSE,FALSE,"higher_rates_seq1000",1000,0.3,1
3218,-13677.6653024007,-13673.7532793952,-13840.1049534979,40.6947166503082,4,5.19615242270663,FALSE,FALSE,"higher_rates_seq1000",1000,0.3,1
3224,-13776.7214842114,-13772.8107604624,-13837.2332000222,28.8942829610701,4.12310562561766,5.47722557505166,FALSE,FALSE,"higher_rates_seq1000",1000,0.3,1
3275,-13782.6361708311,-13779.1009968432,-13849.5431297432,31.3214461171581,3.60555127546399,5.65685424949238,FALSE,FALSE,"higher_rates_seq1000",1000,0.3,1
3300,-13654.3949958628,-13650.4829728574,-13845.1803981141,40.0439376362841,2.64575131106459,4.69041575982343,FALSE,FALSE,"higher_rates_seq1000",1000,0.3,1
3318,-13764.2766604167,-13760.3646374301,-13840.2958979751,29.8836148168891,5.65685424949238,7.28010988928052,FALSE,FALSE,"higher_rates_seq1000",1000,0.3,1
3357,-13766.0290363937,-13762.1170133883,-13851.8969797185,30.7628931412746,3,4.47213595499958,FALSE,FALSE,"higher_rates_seq1000",1000,0.3,1
3358,-13672.8648508905,-13668.9528278851,-13849.8126562603,45.9330385757234,2.82842712474619,4.35889894354067,FALSE,FALSE,"higher_rates_seq1000",1000,0.3,1
3386,-13779.2898782717,-13775.3778553221,-13856.0236886367,23.6153628876295,3.74165738677394,4.79583152331272,FALSE,FALSE,"higher_rates_seq1000",1000,0.3,1
3406,-13800.0757834517,-13796.2997284556,-13849.9328685556,28.0111980082182,3.60555127546399,4.47213595499958,FALSE,FALSE,"higher_rates_seq1000",1000,0.3,1
3412,-13689.4653542402,-13686.0361562627,-13846.5970063189,42.2556655678357,3.3166247903554,4.24264068711928,FALSE,FALSE,"higher_rates_seq1000",1000,0.3,1
3429,-13667.8602971744,-13663.9482741689,-13849.6680541497,40.9081822954381,3.87298334620742,4.24264068711928,FALSE,FALSE,"higher_rates_seq1000",1000,0.3,1
3436,-13774.2052330507,-13770.2932100453,-13847.7585550151,26.0030820907173,3.74165738677394,3.87298334620742,FALSE,FALSE,"higher_rates_seq1000",1000,0.3,1
3450,-13758.1712933447,-13754.2592703411,-13841.8226356337,34.2066555050682,3.87298334620742,4,FALSE,FALSE,"higher_rates_seq1000",1000,0.3,1
3452,-13783.7398638494,-13780.5012364283,-13841.4190855818,30.9792903539664,5.56776436283002,6.32455532033676,FALSE,FALSE,"higher_rates_seq1000",1000,0.3,1
3473,-13668.3919085934,-13664.4798855879,-13833.1204399081,39.6496431272217,6.40312423743285,7.74596669241483,FALSE,FALSE,"higher_rates_seq1000",1000,0.3,1
3479,-13784.9549146863,-13781.072228444,-13843.3203770949,25.6198738751783,5.65685424949238,6.85565460040104,FALSE,FALSE,"higher_rates_seq1000",1000,0.3,1
3486,-13657.9066573137,-13653.9946343083,-13836.8275326011,40.7420249071569,6.16441400296898,6.85565460040104,FALSE,FALSE,"higher_rates_seq1000",1000,0.3,1
3527,-13688.9756119494,-13685.063588944,-13846.4836250199,38.4830395529392,3.16227766016838,5,FALSE,FALSE,"higher_rates_seq1000",1000,0.3,1
3560,-13666.993595561,-13663.0815725556,-13841.0409373298,37.6940444600075,5.56776436283002,6.6332495807108,FALSE,FALSE,"higher_rates_seq1000",1000,0.3,1
3592,-13636.4896065145,-13632.5775835138,-13834.3688557723,59.2875888611341,2.44948974278318,3.87298334620742,FALSE,FALSE,"higher_rates_seq1000",1000,0.3,1
3624,-13651.1918342795,-13647.3151350762,-13839.0704047514,58.4943182624135,2.82842712474619,4.12310562561766,FALSE,FALSE,"higher_rates_seq1000",1000,0.3,1
3637,-13669.9881556928,-13666.0761326874,-13839.4908170601,42.4524455008302,4.58257569495584,5.47722557505166,FALSE,FALSE,"higher_rates_seq1000",1000,0.3,1
3659,-13726.7677077453,-13722.8556847399,-13852.8793377802,31.2119801000077,4.58257569495584,5.29150262212918,FALSE,FALSE,"higher_rates_seq1000",1000,0.3,1
3660,-13662.1790430176,-13658.2670200125,-13835.7474175796,50.014095782906,4.35889894354067,5.09901951359278,FALSE,FALSE,"higher_rates_seq1000",1000,0.3,1
3680,-13791.2711692708,-13787.4083480787,-13848.5299184487,25.5246407675279,4.79583152331272,5.09901951359278,FALSE,FALSE,"higher_rates_seq1000",1000,0.3,1
3725,-13721.2958284175,-13717.3838054121,-13846.8621077648,33.2518540573612,4.79583152331272,5.09901951359278,FALSE,FALSE,"higher_rates_seq1000",1000,0.3,1
3728,-13651.5100708261,-13647.5980478207,-13846.3709528007,48.4645599409726,3.74165738677394,3.87298334620742,FALSE,FALSE,"higher_rates_seq1000",1000,0.3,1
3738,-13683.0539611498,-13679.1419381444,-13858.3052829548,37.5290838537723,4.47213595499958,5,FALSE,FALSE,"higher_rates_seq1000",1000,0.3,1
3743,-13683.0577395866,-13679.1457178793,-13839.473255724,45.573136525989,4.58257569495584,4,FALSE,FALSE,"higher_rates_seq1000",1000,0.3,1
3744,-13747.36722821,-13743.4554865489,-13846.2302606395,39.2928251490121,4.47213595499958,3.87298334620742,FALSE,FALSE,"higher_rates_seq1000",1000,0.3,1
3771,-13689.8068486957,-13685.8978339494,-13850.3713748596,43.9025712503172,3.60555127546399,3.16227766016838,FALSE,FALSE,"higher_rates_seq1000",1000,0.3,1
3780,-13663.5204465037,-13659.8157797474,-13839.9308914265,60.7933037350661,3.46410161513775,3,FALSE,FALSE,"higher_rates_seq1000",1000,0.3,1
3814,-13794.6855571799,-13791.0826472627,-13851.8016367924,29.3432072144114,3.46410161513775,3,FALSE,FALSE,"higher_rates_seq1000",1000,0.3,1
3821,-13657.6849057156,-13653.7728835959,-13833.3928238451,62.695381003203,4.79583152331272,3.46410161513775,FALSE,FALSE,"higher_rates_seq1000",1000,0.3,1
3843,-13646.2782168709,-13642.3673521088,-13834.8038330429,48.9949399386265,5.09901951359278,6.2449979983984,FALSE,FALSE,"higher_rates_seq1000",1000,0.3,1
3861,-13670.2004850192,-13666.2884620138,-13837.5124709925,35.0790424618079,5,5.8309518948453,FALSE,FALSE,"higher_rates_seq1000",1000,0.3,1
3862,-13675.2921747098,-13671.4920988781,-13829.3956424107,44.0646842927297,6.08276253029822,6.6332495807108,FALSE,FALSE,"higher_rates_seq1000",1000,0.3,1
3918,-13620.5424496551,-13616.6304266496,-13841.3510350487,43.5794930626113,4.12310562561766,5.29150262212918,FALSE,FALSE,"higher_rates_seq1000",1000,0.3,1
3930,-13704.0385791408,-13700.1265561354,-13837.3062359393,31.2187128068722,5.29150262212918,5.91607978309962,FALSE,FALSE,"higher_rates_seq1000",1000,0.3,1
3968,-13767.4597372741,-13763.547714348,-13858.7418884577,31.2722874051714,4.89897948556636,5.3851648071345,FALSE,FALSE,"higher_rates_seq1000",1000,0.3,1
3977,-13766.3265425785,-13762.5259364301,-13848.1913708985,33.2581585276437,5.8309518948453,6.2449979983984,FALSE,FALSE,"higher_rates_seq1000",1000,0.3,1
3987,-13667.3734356661,-13663.9527736164,-13832.0315981623,53.5728691122441,7,7.21110255092798,FALSE,FALSE,"higher_rates_seq1000",1000,0.3,1
3989,-13757.2645717251,-13753.8228956057,-13838.6673577646,30.4102359640006,7.34846922834953,7.93725393319377,FALSE,FALSE,"higher_rates_seq1000",1000,0.3,1
3993,-13664.0640150685,-13660.2557971111,-13837.3827059342,46.8922320331971,5,5.29150262212918,FALSE,FALSE,"higher_rates_seq1000",1000,0.3,1
3996,-13780.3968887532,-13776.5238527461,-13854.8333118099,33.1251377379476,4.69041575982343,5,FALSE,FALSE,"higher_rates_seq1000",1000,0.3,1
4057,-13663.5490270164,-13659.637004011,-13844.9993615477,40.400840234016,3.3166247903554,4.47213595499958,FALSE,FALSE,"higher_rates_seq1000",1000,0.3,1
4058,-13673.5246566539,-13669.6126336489,-13842.9429350508,43.4987454577587,3.16227766016838,4.35889894354067,FALSE,FALSE,"higher_rates_seq1000",1000,0.3,1
4061,-13658.70636792,-13654.7943449146,-13842.4476847083,42.5689354877568,3.3166247903554,4.24264068711928,FALSE,FALSE,"higher_rates_seq1000",1000,0.3,1
4069,-13781.9853474237,-13778.0733314373,-13846.9774911173,28.2699916794423,3.46410161513775,4.35889894354067,FALSE,FALSE,"higher_rates_seq1000",1000,0.3,1
4071,-13790.2840777201,-13786.4771666255,-13855.5647945829,32.3024552492011,3.3166247903554,4.24264068711928,FALSE,FALSE,"higher_rates_seq1000",1000,0.3,1
4072,-13668.6006680287,-13664.6886450233,-13853.1865304639,41.0915485636146,4.12310562561766,5.09901951359278,FALSE,FALSE,"higher_rates_seq1000",1000,0.3,1
4075,-13668.9422833645,-13665.1514547685,-13823.2055733464,49.3182448798559,4.69041575982343,6.2449979983984,FALSE,FALSE,"higher_rates_seq1000",1000,0.3,1
4083,-13760.2831653403,-13756.6171339447,-13844.4495120733,42.0067303574227,3.60555127546399,4.69041575982343,FALSE,FALSE,"higher_rates_seq1000",1000,0.3,1
4100,-13786.80393935,-13782.9788683378,-13839.7898489376,30.0091613391112,5.74456264653803,6.92820323027551,FALSE,FALSE,"higher_rates_seq1000",1000,0.3,1
4112,-13651.363350076,-13647.4513270706,-13824.0040939885,45.184652648722,6.08276253029822,6.78232998312527,FALSE,FALSE,"higher_rates_seq1000",1000,0.3,1
4168,-13665.4016929761,-13661.8015522256,-13845.6821373651,46.852276774005,3.3166247903554,4,FALSE,FALSE,"higher_rates_seq1000",1000,0.3,1
4177,-13748.3201995113,-13744.4081765058,-13859.4895063805,30.1541061125518,3.60555127546399,3.74165738677394,FALSE,FALSE,"higher_rates_seq1000",1000,0.3,1
4180,-13689.8096364205,-13685.8976134151,-13853.0367116791,37.0224758211112,3.3166247903554,3.74165738677394,FALSE,FALSE,"higher_rates_seq1000",1000,0.3,1
4187,-13683.7978987537,-13679.8858757483,-13838.3558120177,38.6463205130161,4.12310562561766,4.69041575982343,FALSE,FALSE,"higher_rates_seq1000",1000,0.3,1
4228,-13712.6656658641,-13708.7536428586,-13837.0360642599,37.125722477214,5.8309518948453,6.40312423743285,FALSE,FALSE,"higher_rates_seq1000",1000,0.3,1
4233,-13656.0783662249,-13652.1663432194,-13826.7743194249,39.2592759996658,5.09901951359278,6.40312423743285,FALSE,FALSE,"higher_rates_seq1000",1000,0.3,1
4234,-13655.4255198014,-13651.513496796,-13838.3526943083,42.0533423006989,4.89897948556636,5.74456264653803,FALSE,FALSE,"higher_rates_seq1000",1000,0.3,1
4236,-13786.3132606859,-13782.5895258389,-13839.1288897548,30.7881203306621,4.79583152331272,5.65685424949238,FALSE,FALSE,"higher_rates_seq1000",1000,0.3,1
4240,-13641.6738942885,-13637.7621286325,-13832.9520000274,47.574345070841,4.79583152331272,5.8309518948453,FALSE,FALSE,"higher_rates_seq1000",1000,0.3,1
4266,-13650.3607698683,-13646.4487468629,-13840.8648647968,40.9520344489308,6.92820323027551,7,FALSE,FALSE,"higher_rates_seq1000",1000,0.3,1
4279,-13723.500225701,-13719.5882026956,-13845.4322075606,33.8033215218361,5.19615242270663,5.8309518948453,FALSE,FALSE,"higher_rates_seq1000",1000,0.3,1
4357,-13680.4301013589,-13676.5180783535,-13839.6918693981,39.0499635535385,6.78232998312527,7.28010988928052,FALSE,FALSE,"higher_rates_seq1000",1000,0.3,1
4366,-13640.7692276236,-13636.8572046182,-13827.5513212134,46.4066704479254,7.14142842854285,8,FALSE,FALSE,"higher_rates_seq1000",1000,0.3,1
4371,-13782.0809531963,-13778.3573182006,-13837.5052683995,24.5703588782149,7.87400787401181,7.93725393319377,FALSE,FALSE,"higher_rates_seq1000",1000,0.3,1
4377,-13788.9102967904,-13785.1662435334,-13854.9236057257,30.3632060586336,3.46410161513775,3.60555127546399,FALSE,FALSE,"higher_rates_seq1000",1000,0.3,1
4404,-13683.041562278,-13679.1355688202,-13848.3457826297,49.6848085803888,3.46410161513775,3.60555127546399,FALSE,FALSE,"higher_rates_seq1000",1000,0.3,1
4405,-13692.8700779993,-13688.9580549938,-13851.2818583201,35.6408572567304,3.74165738677394,3.87298334620742,FALSE,FALSE,"higher_rates_seq1000",1000,0.3,1
4407,-13640.6377607066,-13636.7257377012,-13839.8472436127,43.1965039651924,3.3166247903554,4,FALSE,FALSE,"higher_rates_seq1000",1000,0.3,1
4415,-13698.9697041206,-13695.0576811152,-13852.4415800732,37.2173647915734,3.16227766016838,3.60555127546399,FALSE,FALSE,"higher_rates_seq1000",1000,0.3,1
4417,-13675.0138142649,-13671.1017912594,-13842.2412937953,41.712134463786,3.16227766016838,4.12310562561766,FALSE,FALSE,"higher_rates_seq1000",1000,0.3,1
4439,-13664.9635495804,-13661.051526575,-13845.8132123447,45.242079281497,2.23606797749979,3.46410161513775,FALSE,FALSE,"higher_rates_seq1000",1000,0.3,1
4461,-13783.4564463138,-13779.6734954058,-13857.7529876136,32.3245055667994,2.82842712474619,3.3166247903554,FALSE,FALSE,"higher_rates_seq1000",1000,0.3,1
4520,-13685.6293545314,-13681.7173315259,-13846.8819681829,39.1573795224002,3.46410161513775,2.64575131106459,FALSE,FALSE,"higher_rates_seq1000",1000,0.3,1
4550,-13781.7879671834,-13777.8759443245,-13852.2065007443,28.8665706606197,3.60555127546399,2,FALSE,FALSE,"higher_rates_seq1000",1000,0.3,1
4552,-13668.9614133663,-13665.0493903608,-13837.9536663241,34.2410402677041,3.87298334620742,5.29150262212918,FALSE,FALSE,"higher_rates_seq1000",1000,0.3,1
4584,-13660.3057461584,-13656.394221092,-13833.9010700356,52.3992183038328,3.60555127546399,4.69041575982343,FALSE,FALSE,"higher_rates_seq1000",1000,0.3,1
4598,-13764.563797991,-13760.6517757347,-13832.6925590392,31.0921796258195,4.35889894354067,4.69041575982343,FALSE,FALSE,"higher_rates_seq1000",1000,0.3,1
4603,-13756.5219872888,-13752.6099642851,-13832.5832516456,34.4356773394407,4.58257569495584,5.29150262212918,FALSE,FALSE,"higher_rates_seq1000",1000,0.3,1
4613,-13650.8435214386,-13646.9315107131,-13825.836426736,62.0920440885889,4.47213595499958,3.87298334620742,FALSE,FALSE,"higher_rates_seq1000",1000,0.3,1
4666,-13693.388959169,-13689.4769361635,-13853.1888316781,37.3623687220751,3.3166247903554,4.69041575982343,FALSE,FALSE,"higher_rates_seq1000",1000,0.3,1
4673,-13681.3333962011,-13677.4213731956,-13853.1091647156,36.7043349089124,3.60555127546399,4.24264068711928,FALSE,FALSE,"higher_rates_seq1000",1000,0.3,1
4695,-13666.5374582918,-13662.6290019701,-13837.2716761143,50.8454270005345,3.60555127546399,4.89897948556636,FALSE,FALSE,"higher_rates_seq1000",1000,0.3,1
4714,-13687.0378044443,-13683.1257814389,-13833.9241867896,41.6369043155507,3.87298334620742,4.24264068711928,FALSE,FALSE,"higher_rates_seq1000",1000,0.3,1
4768,-13674.4557380147,-13670.5437150092,-13843.6722456338,39.3650927784363,3.87298334620742,3.46410161513775,FALSE,FALSE,"higher_rates_seq1000",1000,0.3,1
4805,-13658.3131973104,-13654.401174305,-13830.7364320161,41.7422044708565,6.6332495807108,7.68114574786861,FALSE,FALSE,"higher_rates_seq1000",1000,0.3,1
4807,-13631.7465908086,-13627.8345678032,-13832.0810078391,45.936534000498,6,6.85565460040104,FALSE,FALSE,"higher_rates_seq1000",1000,0.3,1
4821,-13736.7725957531,-13732.8605727477,-13823.6123960228,39.7196141571383,7.28010988928052,7.34846922834953,FALSE,FALSE,"higher_rates_seq1000",1000,0.3,1
4837,-13696.8368265385,-13692.9279807666,-13845.247954825,47.857047059256,3,4.47213595499958,FALSE,FALSE,"higher_rates_seq1000",1000,0.3,1
4851,-13674.6684220669,-13670.7563997958,-13847.298837049,50.2960910238895,3,4.69041575982343,FALSE,FALSE,"higher_rates_seq1000",1000,0.3,1
4857,-13782.3289423397,-13778.8670416705,-13848.8081322996,31.4155667631776,2.64575131106459,4.24264068711928,FALSE,FALSE,"higher_rates_seq1000",1000,0.3,1
4859,-13767.3662255534,-13763.5234482065,-13850.4389895566,32.9295919861741,4,4.12310562561766,FALSE,FALSE,"higher_rates_seq1000",1000,0.3,1
4871,-13637.9196309546,-13634.0076079492,-13830.9733134075,50.2904457355937,4.58257569495584,5.29150262212918,FALSE,FALSE,"higher_rates_seq1000",1000,0.3,1
4893,-13676.067772973,-13672.1609507484,-13839.1615535727,52.8157492346606,2.64575131106459,3.74165738677394,FALSE,FALSE,"higher_rates_seq1000",1000,0.3,1
4896,-13671.5522746645,-13667.6402516591,-13855.0325970729,40.523243302419,2.82842712474619,3.87298334620742,FALSE,FALSE,"higher_rates_seq1000",1000,0.3,1
4898,-13676.4541388196,-13672.5421158141,-13858.0720913771,41.6287717930502,3.16227766016838,3.60555127546399,FALSE,FALSE,"higher_rates_seq1000",1000,0.3,1
4929,-13664.9045079267,-13660.9924849213,-13850.2641861918,44.3642705581078,3.74165738677394,3.87298334620742,FALSE,FALSE,"higher_rates_seq1000",1000,0.3,1
4934,-13660.2101831287,-13656.2981601232,-13846.6666866218,47.0602869858286,3,3.74165738677394,FALSE,FALSE,"higher_rates_seq1000",1000,0.3,1
4938,-13810.6933620362,-13806.8479244914,-13857.9082360248,24.5340543824406,3.60555127546399,3.74165738677394,FALSE,FALSE,"higher_rates_seq1000",1000,0.3,1
4955,-13775.1864684483,-13771.2761629388,-13844.8368781838,33.4965697033329,4.89897948556636,5,FALSE,FALSE,"higher_rates_seq1000",1000,0.3,1
4972,-13655.4033794237,-13651.4913564183,-13842.0933790434,42.2310676586562,4,3.87298334620742,FALSE,FALSE,"higher_rates_seq1000",1000,0.3,1
4973,-13660.5284339564,-13656.616410951,-13844.4571991776,37.2088425737812,3.87298334620742,3.74165738677394,FALSE,FALSE,"higher_rates_seq1000",1000,0.3,1
4974,-13675.7749986868,-13671.863162419,-13835.0969149982,46.7748671173925,3.3166247903554,3.16227766016838,FALSE,FALSE,"higher_rates_seq1000",1000,0.3,1
5006,-13664.5807575244,-13660.6687345254,-13839.3223792394,49.7890464076412,3.74165738677394,3.60555127546399,FALSE,FALSE,"higher_rates_seq1000",1000,0.3,1
5022,-13652.14560297,-13648.2335799645,-13847.208812585,47.9731585363917,5.09901951359278,3.87298334620742,FALSE,FALSE,"higher_rates_seq1000",1000,0.3,1
5038,-13675.0791389162,-13671.1671159107,-13849.1160499671,46.5500996237878,3.60555127546399,2.82842712474619,FALSE,FALSE,"higher_rates_seq1000",1000,0.3,1
5056,-13691.5165833034,-13687.604560298,-13849.6402377228,32.7898177512911,4.47213595499958,3.87298334620742,FALSE,FALSE,"higher_rates_seq1000",1000,0.3,1
5070,-13682.0482513335,-13678.136228328,-13857.8851144868,36.5894475609262,4.12310562561766,2.82842712474619,FALSE,FALSE,"higher_rates_seq1000",1000,0.3,1
5096,-13665.547477996,-13661.6354549905,-13840.1417821776,41.4551599749096,5,3.46410161513775,FALSE,FALSE,"higher_rates_seq1000",1000,0.3,1
5111,-13640.8740665225,-13636.9620435171,-13835.0768153371,40.3680040472289,6.16441400296898,7.28010988928052,FALSE,FALSE,"higher_rates_seq1000",1000,0.3,1
5117,-13664.2627290783,-13660.3507060729,-13836.7871661663,46.4352839964628,5.29150262212918,5.74456264653803,FALSE,FALSE,"higher_rates_seq1000",1000,0.3,1
5124,-13666.0096540434,-13662.097631038,-13831.4534289886,43.6604863480907,5.29150262212918,5.74456264653803,FALSE,FALSE,"higher_rates_seq1000",1000,0.3,1
5143,-13664.7588665319,-13660.8468435265,-13834.0346523844,33.4034789359222,6.2449979983984,5.65685424949238,FALSE,FALSE,"higher_rates_seq1000",1000,0.3,1
5149,-13660.8412801567,-13656.9292571513,-13843.3281709933,39.11961668898,6,7.14142842854285,FALSE,FALSE,"higher_rates_seq1000",1000,0.3,1
5163,-13694.6673303306,-13690.7553073252,-13850.3993601619,40.7780286455663,4.69041575982343,5.19615242270663,FALSE,FALSE,"higher_rates_seq1000",1000,0.3,1
5164,-13676.0719681327,-13672.1599451273,-13838.8864944905,36.2690684216148,5,5.8309518948453,FALSE,FALSE,"higher_rates_seq1000",1000,0.3,1
5191,-13688.039366979,-13684.1273439736,-13848.5625346192,32.1696365465585,6.2449979983984,6,FALSE,FALSE,"higher_rates_seq1000",1000,0.3,1
5206,-13786.559736758,-13782.6849523123,-13848.0017584058,31.138772720216,4.89897948556636,4.79583152331272,FALSE,FALSE,"higher_rates_seq1000",1000,0.3,1
5215,-13671.898154123,-13667.9861311175,-13841.1959777502,40.0944449387363,5.56776436283002,4.89897948556636,FALSE,FALSE,"higher_rates_seq1000",1000,0.3,1
5217,-13776.0433132314,-13772.1312926227,-13851.4099499182,31.0548293976886,5.74456264653803,5.09901951359278,FALSE,FALSE,"higher_rates_seq1000",1000,0.3,1
5229,-13671.9938961002,-13668.0818730948,-13834.7697446743,40.5861631362595,6.557438524302,7.21110255092798,FALSE,FALSE,"higher_rates_seq1000",1000,0.3,1
5284,-13660.7695475711,-13657.006975558,-13830.5733557484,49.7094862194393,5.65685424949238,6.70820393249937,FALSE,FALSE,"higher_rates_seq1000",1000,0.3,1
5301,-13688.7247348316,-13684.8127118262,-13843.1721174099,38.4971365506917,4.79583152331272,5.09901951359278,FALSE,FALSE,"higher_rates_seq1000",1000,0.3,1
5314,-13692.9061763569,-13688.9941533515,-13838.9669976176,38.0722651197343,4.69041575982343,5.19615242270663,FALSE,FALSE,"higher_rates_seq1000",1000,0.3,1
5325,-13682.516131726,-13678.6041128954,-13838.7914123592,45.324735416367,3.3166247903554,3.46410161513775,FALSE,FALSE,"higher_rates_seq1000",1000,0.3,1
5341,-13673.8841268135,-13669.972103808,-13851.9275005043,34.8998147885731,6.2449979983984,5.47722557505166,FALSE,FALSE,"higher_rates_seq1000",1000,0.3,1
5364,-13764.1626612667,-13760.2506564105,-13848.5346644226,27.9454135782513,5.65685424949238,7,FALSE,FALSE,"higher_rates_seq1000",1000,0.3,1
5381,-13782.519199037,-13778.6111086626,-13851.1634930749,30.9919089353239,4.47213595499958,5.19615242270663,FALSE,FALSE,"higher_rates_seq1000",1000,0.3,1
5385,-13688.9096881673,-13684.9976651619,-13839.8482327412,39.7858341908064,4.35889894354067,5.09901951359278,FALSE,FALSE,"higher_rates_seq1000",1000,0.3,1
5405,-13681.3252191201,-13677.4137236562,-13834.909128994,42.8849666996547,7.21110255092798,7.14142842854285,FALSE,FALSE,"higher_rates_seq1000",1000,0.3,1
5408,-13665.630955042,-13661.7189320366,-13828.2624206753,38.4365996678962,7.74596669241483,8.42614977317636,FALSE,FALSE,"higher_rates_seq1000",1000,0.3,1
5423,-13679.8677004047,-13675.9556773993,-13838.353841911,39.3650536859882,4.58257569495584,5.65685424949238,FALSE,FALSE,"higher_rates_seq1000",1000,0.3,1
5434,-13654.2046328491,-13650.4176218095,-13838.625033024,46.662661277568,4.69041575982343,5.74456264653803,FALSE,FALSE,"higher_rates_seq1000",1000,0.3,1
5435,-13780.4700251868,-13776.5580022788,-13848.245641475,30.1708911399342,3.3166247903554,4.24264068711928,FALSE,FALSE,"higher_rates_seq1000",1000,0.3,1
5455,-13686.5872371427,-13682.6752141373,-13843.7373221088,40.4572097454821,3.60555127546399,4,FALSE,FALSE,"higher_rates_seq1000",1000,0.3,1
5457,-13675.2468456904,-13671.3409462111,-13853.0080262491,48.4408223970084,4.24264068711928,4.79583152331272,FALSE,FALSE,"higher_rates_seq1000",1000,0.3,1
5460,-13637.3079991071,-13633.3959761017,-13841.733051304,42.2530518187254,4.79583152331272,6,FALSE,FALSE,"higher_rates_seq1000",1000,0.3,1
5469,-13669.8914340916,-13665.9795215472,-13844.125356267,49.3879036658122,3.60555127546399,4.24264068711928,FALSE,FALSE,"higher_rates_seq1000",1000,0.3,1
5482,-13729.9501836515,-13726.0381606461,-13838.6681799913,34.0626978023396,5.91607978309962,5.8309518948453,FALSE,FALSE,"higher_rates_seq1000",1000,0.3,1
5496,-13763.7678986051,-13759.8971826855,-13842.4004887924,31.2766190783173,5.91607978309962,6.32455532033676,FALSE,FALSE,"higher_rates_seq1000",1000,0.3,1
5497,-13785.1336562038,-13781.2216890957,-13842.9388806281,28.3617455990817,6.16441400296898,6.557438524302,FALSE,FALSE,"higher_rates_seq1000",1000,0.3,1
5504,-13664.190457976,-13660.2838595039,-13843.1099646912,49.8808963023541,3.74165738677394,4.79583152331272,FALSE,FALSE,"higher_rates_seq1000",1000,0.3,1
5509,-13680.8015482655,-13676.8902732966,-13842.9397319315,53.7687759950499,3.87298334620742,4.47213595499958,FALSE,FALSE,"higher_rates_seq1000",1000,0.3,1
5510,-13644.4613234518,-13640.5493004464,-13840.1945484471,54.0248018218115,4.12310562561766,4.24264068711928,FALSE,FALSE,"higher_rates_seq1000",1000,0.3,1
5511,-13670.6286151408,-13666.7165921353,-13856.0500084756,41.5044886177145,3.87298334620742,4,FALSE,FALSE,"higher_rates_seq1000",1000,0.3,1
5517,-13668.6375565839,-13664.7255342579,-13843.7781331532,49.7763687832935,3.87298334620742,4.69041575982343,FALSE,FALSE,"higher_rates_seq1000",1000,0.3,1
5523,-13810.5326411574,-13806.6938027686,-13854.0246126152,25.3319340066133,3.60555127546399,4.47213595499958,FALSE,FALSE,"higher_rates_seq1000",1000,0.3,1
5524,-13690.8922336332,-13686.9802106278,-13853.6223879439,40.1909985048609,3.60555127546399,4.24264068711928,FALSE,FALSE,"higher_rates_seq1000",1000,0.3,1
5563,-13773.8680219703,-13770.15295053,-13854.9952796883,33.9028574097659,4,3.60555127546399,FALSE,FALSE,"higher_rates_seq1000",1000,0.3,1
5576,-13685.6387384595,-13681.7285434311,-13851.6966578283,46.1477478209687,4.58257569495584,4.69041575982343,FALSE,FALSE,"higher_rates_seq1000",1000,0.3,1
5586,-13697.7517514658,-13693.8397284604,-13852.207713054,36.676024799351,4.79583152331272,4.47213595499958,FALSE,FALSE,"higher_rates_seq1000",1000,0.3,1
5598,-13651.8083837551,-13647.8963607496,-13846.2326706387,40.1660968424907,4.89897948556636,4.12310562561766,FALSE,FALSE,"higher_rates_seq1000",1000,0.3,1
5604,-13764.0308383147,-13760.1188153092,-13859.3798540907,31.1544158381177,5.19615242270663,4,FALSE,FALSE,"higher_rates_seq1000",1000,0.3,1
5606,-13703.0853204962,-13699.1732974908,-13851.0345382811,38.2678691241374,5.3851648071345,4,FALSE,FALSE,"higher_rates_seq1000",1000,0.3,1
5609,-13660.4581515085,-13656.8220902173,-13824.2407972744,53.659605933626,5.47722557505166,6.2449979983984,FALSE,FALSE,"higher_rates_seq1000",1000,0.3,1
5621,-13661.8568564423,-13657.9448334369,-13845.6375768621,40.5358219174676,4.89897948556636,5.3851648071345,FALSE,FALSE,"higher_rates_seq1000",1000,0.3,1
5622,-13659.7992080229,-13655.8872922917,-13836.2924816907,44.368683195926,4.79583152331272,5.29150262212918,FALSE,FALSE,"higher_rates_seq1000",1000,0.3,1
5635,-13657.2410891602,-13653.4807474008,-13830.9072911579,51.7745724498279,5.65685424949238,5.56776436283002,FALSE,FALSE,"higher_rates_seq1000",1000,0.3,1
5654,-13787.863014044,-13783.9510035963,-13849.3740541115,29.4378844323929,5.29150262212918,6.557438524302,FALSE,FALSE,"higher_rates_seq1000",1000,0.3,1
5681,-13659.3464027153,-13655.4343797099,-13842.2419821815,42.4509355945272,4.24264068711928,5,FALSE,FALSE,"higher_rates_seq1000",1000,0.3,1
5684,-13657.9403742076,-13654.028359388,-13837.8026304375,58.5929422005686,3.87298334620742,4.89897948556636,FALSE,FALSE,"higher_rates_seq1000",1000,0.3,1
5691,-13658.9185001543,-13655.0064771489,-13839.7780979093,51.6194919636878,4,4.79583152331272,FALSE,FALSE,"higher_rates_seq1000",1000,0.3,1
5699,-13676.2493836707,-13672.3389782519,-13843.0641196899,45.0376049166587,4.47213595499958,4.58257569495584,FALSE,FALSE,"higher_rates_seq1000",1000,0.3,1
5701,-13742.6297666668,-13738.7177436614,-13855.6621096757,36.7347935133559,4.69041575982343,4.79583152331272,FALSE,FALSE,"higher_rates_seq1000",1000,0.3,1
5719,-13748.998804196,-13745.0867812752,-13839.6147556726,36.8598323667136,6.2449979983984,6.48074069840786,FALSE,FALSE,"higher_rates_seq1000",1000,0.3,1
5723,-13684.0089756227,-13680.0969526173,-13824.3587799814,42.9823697198262,6.78232998312527,7.41619848709566,FALSE,FALSE,"higher_rates_seq1000",1000,0.3,1
5729,-13785.2177428745,-13781.8248524091,-13846.751225086,29.2815527086708,5.19615242270663,4.69041575982343,FALSE,FALSE,"higher_rates_seq1000",1000,0.3,1
5758,-13774.3264545039,-13770.4144314985,-13855.213914605,30.0895177806514,3.46410161513775,3,FALSE,FALSE,"higher_rates_seq1000",1000,0.3,1
5766,-13780.8748628416,-13776.9628398362,-13856.19476667,26.2015274973936,2.82842712474619,3.3166247903554,FALSE,FALSE,"higher_rates_seq1000",1000,0.3,1
5781,-13682.0627925111,-13678.1507695057,-13841.8887883695,37.4712411325055,3.3166247903554,4.24264068711928,FALSE,FALSE,"higher_rates_seq1000",1000,0.3,1
5788,-13660.4594800722,-13656.5474570668,-13845.86376295,48.4217890972682,2.82842712474619,3,FALSE,FALSE,"higher_rates_seq1000",1000,0.3,1
5822,-13669.8928978718,-13665.9808748663,-13845.1953508162,49.8132344185921,2.64575131106459,3.16227766016838,FALSE,FALSE,"higher_rates_seq1000",1000,0.3,1
5834,-13695.071046388,-13691.1590233826,-13850.2581578301,43.228854172931,3.46410161513775,3,FALSE,FALSE,"higher_rates_seq1000",1000,0.3,1
5872,-13671.6035736177,-13667.6915506122,-13846.7849569241,40.3687806558732,3.16227766016838,2.23606797749979,FALSE,FALSE,"higher_rates_seq1000",1000,0.3,1
5876,-13655.1257015205,-13651.2136820391,-13838.9061688209,52.3272848940875,3.46410161513775,2.64575131106459,FALSE,FALSE,"higher_rates_seq1000",1000,0.3,1
5902,-13668.4109924166,-13664.5034732288,-13851.2311924506,47.9009874062839,3.74165738677394,2.23606797749979,FALSE,FALSE,"higher_rates_seq1000",1000,0.3,1
5915,-13692.2184961333,-13688.3064731279,-13844.5758005085,41.8517898949419,4.35889894354067,1.4142135623731,FALSE,FALSE,"higher_rates_seq1000",1000,0.3,1
5917,-13659.697650063,-13655.7856270576,-13846.3683027307,39.3504245591186,3.87298334620742,0,FALSE,TRUE,"higher_rates_seq1000",1000,0.3,1
5942,-13777.6425530102,-13773.9090606443,-13842.5835594733,28.8160881784953,3.74165738677394,4.35889894354067,FALSE,FALSE,"higher_rates_seq1000",1000,0.3,1
5946,-13654.4711306918,-13650.5591076864,-13839.873541075,41.0336469900572,4.24264068711928,5,FALSE,FALSE,"higher_rates_seq1000",1000,0.3,1
5952,-13679.1064605484,-13675.194437543,-13832.4864250559,40.0223318821446,4.24264068711928,4.35889894354067,FALSE,FALSE,"higher_rates_seq1000",1000,0.3,1
5960,-13791.4101407548,-13787.4981945624,-13845.1115336958,27.9996456957784,5.09901951359278,5.3851648071345,FALSE,FALSE,"higher_rates_seq1000",1000,0.3,1
5965,-13694.7998057571,-13690.8877827516,-13840.6325715712,35.1136037502507,4.24264068711928,4.58257569495584,FALSE,FALSE,"higher_rates_seq1000",1000,0.3,1
6027,-13647.4600220526,-13643.5479990472,-13837.8473203642,51.027202335009,3.3166247903554,4,FALSE,FALSE,"higher_rates_seq1000",1000,0.3,1
6044,-13758.4702177332,-13754.5581947278,-13851.6114852038,31.1792637942709,3.3166247903554,4.24264068711928,FALSE,FALSE,"higher_rates_seq1000",1000,0.3,1
6052,-13688.3678441751,-13684.4558211696,-13843.7878740133,39.1812553040093,3.74165738677394,3.60555127546399,FALSE,FALSE,"higher_rates_seq1000",1000,0.3,1
6063,-13671.9122771054,-13668.0002541,-13849.7812094846,37.636997500297,3.87298334620742,4,FALSE,FALSE,"higher_rates_seq1000",1000,0.3,1
6081,-13748.3244973541,-13744.4124743487,-13855.8367088148,34.724088421872,3.46410161513775,3.87298334620742,FALSE,FALSE,"higher_rates_seq1000",1000,0.3,1
6086,-13695.954340636,-13692.0423176305,-13849.6999029324,39.8484609173731,3.16227766016838,3.60555127546399,FALSE,FALSE,"higher_rates_seq1000",1000,0.3,1
6102,-13682.3053203619,-13678.3932973565,-13842.7575681341,46.8159799268279,3.74165738677394,3.60555127546399,FALSE,FALSE,"higher_rates_seq1000",1000,0.3,1
6107,-13780.3012713653,-13776.3898115032,-13856.7581437312,34.3654685981973,3.74165738677394,3.3166247903554,FALSE,FALSE,"higher_rates_seq1000",1000,0.3,1
6110,-13761.139860108,-13757.2278371086,-13859.4498153068,32.8042183335648,3.87298334620742,3.46410161513775,FALSE,FALSE,"higher_rates_seq1000",1000,0.3,1
6125,-13763.9801799482,-13760.0681569428,-13844.7361691888,28.9097910282581,3.87298334620742,3.74165738677394,FALSE,FALSE,"higher_rates_seq1000",1000,0.3,1
6129,-13684.8644337232,-13680.9524107178,-13854.1805818429,37.4625457953878,4.12310562561766,3.46410161513775,FALSE,FALSE,"higher_rates_seq1000",1000,0.3,1
6143,-13695.1105434402,-13691.1985204347,-13847.5530315747,37.6739510924356,4.47213595499958,3.3166247903554,FALSE,FALSE,"higher_rates_seq1000",1000,0.3,1
6144,-13653.6396408501,-13649.7276178447,-13836.4999173083,56.7773409398852,4.35889894354067,3.16227766016838,FALSE,FALSE,"higher_rates_seq1000",1000,0.3,1
6157,-13681.4808951556,-13677.5688721501,-13844.3155543125,43.9648457701061,4.12310562561766,3.16227766016838,FALSE,FALSE,"higher_rates_seq1000",1000,0.3,1
6178,-13665.6315759988,-13661.7195537038,-13827.6406598102,46.8682620246596,5.91607978309962,6.48074069840786,FALSE,FALSE,"higher_rates_seq1000",1000,0.3,1
6180,-13670.3424341014,-13666.431810692,-13826.4927360121,50.3570914847504,6.32455532033676,6.40312423743285,FALSE,FALSE,"higher_rates_seq1000",1000,0.3,1
6205,-13666.3108342125,-13662.3988113765,-13833.1926387829,47.6210086792638,3.74165738677394,4.12310562561766,FALSE,FALSE,"higher_rates_seq1000",1000,0.3,1
6246,-13651.3038256468,-13647.3918026414,-13847.7677233616,41.1822859347311,3.60555127546399,3.74165738677394,FALSE,FALSE,"higher_rates_seq1000",1000,0.3,1
6247,-13737.4437933292,-13733.5318424726,-13850.7994689957,36.588147672666,4,4.35889894354067,FALSE,FALSE,"higher_rates_seq1000",1000,0.3,1
6284,-13681.4955555926,-13677.5835325872,-13842.908641756,46.978701960666,3.46410161513775,3.3166247903554,FALSE,FALSE,"higher_rates_seq1000",1000,0.3,1
6295,-13665.0399071457,-13661.1278841403,-13847.4796942986,36.0849778411255,3.60555127546399,3.74165738677394,FALSE,FALSE,"higher_rates_seq1000",1000,0.3,1
6296,-13677.2810823265,-13673.3691987407,-13833.2778278257,49.4977166978628,3.46410161513775,3.60555127546399,FALSE,FALSE,"higher_rates_seq1000",1000,0.3,1
6309,-13800.019189419,-13796.1071715419,-13858.5522846374,26.9593372452426,3,2.82842712474619,FALSE,FALSE,"higher_rates_seq1000",1000,0.3,1
6324,-13742.685131059,-13738.7731080536,-13847.5967512672,28.4307576230697,5.29150262212918,4.79583152331272,FALSE,FALSE,"higher_rates_seq1000",1000,0.3,1
6341,-13663.7204605373,-13659.8084375319,-13855.8125765165,43.4267536776395,3.74165738677394,3,FALSE,FALSE,"higher_rates_seq1000",1000,0.3,1
6384,-13688.0801496059,-13684.1681266005,-13845.8202962522,39.595283824752,4.35889894354067,2.44948974278318,FALSE,FALSE,"higher_rates_seq1000",1000,0.3,1
6395,-13697.1694875495,-13693.2574645441,-13848.9226099367,37.0925896311357,4.47213595499958,3,FALSE,FALSE,"higher_rates_seq1000",1000,0.3,1
6432,-13679.7374758921,-13675.8254533741,-13837.2246633349,49.3249662985852,4.24264068711928,2.64575131106459,FALSE,FALSE,"higher_rates_seq1000",1000,0.3,1
6445,-13692.6456173029,-13688.7335942975,-13856.1871815226,41.111100758531,5.3851648071345,3.46410161513775,FALSE,FALSE,"higher_rates_seq1000",1000,0.3,1
6449,-13728.5560983193,-13724.6440753139,-13846.9551436488,31.4510578178854,6.08276253029822,4.69041575982343,FALSE,FALSE,"higher_rates_seq1000",1000,0.3,1
6462,-13728.2332237547,-13724.3212007493,-13832.2773651278,34.6392381096026,5.3851648071345,5.65685424949238,FALSE,FALSE,"higher_rates_seq1000",1000,0.3,1
6466,-13676.474136895,-13672.5621138896,-13834.2439976725,40.9946528583436,5.74456264653803,6.16441400296898,FALSE,FALSE,"higher_rates_seq1000",1000,0.3,1
6471,-13752.7581648375,-13748.8461418321,-13839.1510092422,27.6238317218175,5.3851648071345,5.47722557505166,FALSE,FALSE,"higher_rates_seq1000",1000,0.3,1
6473,-13780.1905726491,-13776.5965697186,-13838.0965829852,30.4385741916392,6.16441400296898,5.74456264653803,FALSE,FALSE,"higher_rates_seq1000",1000,0.3,1
6486,-13677.1988664668,-13673.2868434614,-13830.1571325474,39.8291656706302,7,6.32455532033676,FALSE,FALSE,"higher_rates_seq1000",1000,0.3,1
6497,-13699.3565721674,-13695.4445491619,-13847.6902435636,33.7464549608969,5,5.29150262212918,FALSE,FALSE,"higher_rates_seq1000",1000,0.3,1
6513,-13689.0005343554,-13685.0885113499,-13852.7842143958,33.1946248489798,4.89897948556636,5.19615242270663,FALSE,FALSE,"higher_rates_seq1000",1000,0.3,1
6518,-13737.8068715036,-13733.8948484981,-13857.2309646119,33.1528774926427,4.79583152331272,4.89897948556636,FALSE,FALSE,"higher_rates_seq1000",1000,0.3,1
6520,-13644.5529513827,-13640.6409283773,-13847.4464496209,52.4261500463013,5.47722557505166,5.3851648071345,FALSE,FALSE,"higher_rates_seq1000",1000,0.3,1
6523,-13761.8215937103,-13757.9095709739,-13854.4332512875,29.0898688915748,5.56776436283002,5.09901951359278,FALSE,FALSE,"higher_rates_seq1000",1000,0.3,1
6526,-13687.5173897874,-13683.6053806189,-13850.1564039198,45.4367252430422,5.29150262212918,4.79583152331272,FALSE,FALSE,"higher_rates_seq1000",1000,0.3,1
6535,-13659.1745103523,-13655.2624873469,-13838.6054624226,46.0331683462245,5.09901951359278,4.58257569495584,FALSE,FALSE,"higher_rates_seq1000",1000,0.3,1
6570,-13668.250353729,-13664.3383309574,-13823.8273786366,44.8842743341179,6.78232998312527,6.85565460040104,FALSE,FALSE,"higher_rates_seq1000",1000,0.3,1
6574,-13632.9022419235,-13628.9902189181,-13844.6021528243,44.8021603243975,5.3851648071345,4,FALSE,FALSE,"higher_rates_seq1000",1000,0.3,1
6597,-13666.851613696,-13663.0732564722,-13839.985713493,52.8287904932142,5.56776436283002,5.29150262212918,FALSE,FALSE,"higher_rates_seq1000",1000,0.3,1
6603,-13748.2285309357,-13744.3165079303,-13852.7454449255,34.3483923815542,5.74456264653803,5.29150262212918,FALSE,FALSE,"higher_rates_seq1000",1000,0.3,1
6614,-13732.8372436861,-13728.9252206806,-13836.3611640725,30.7321693804839,6.6332495807108,7.28010988928052,FALSE,FALSE,"higher_rates_seq1000",1000,0.3,1
6627,-13687.4091338205,-13683.4971108151,-13830.5497481123,35.2257521675396,7.14142842854285,8.24621125123532,FALSE,FALSE,"higher_rates_seq1000",1000,0.3,1
6641,-13681.2346189224,-13677.322595917,-13849.9240047567,42.4246467321585,4,5,FALSE,FALSE,"higher_rates_seq1000",1000,0.3,1
6683,-13651.6224445587,-13647.7104215533,-13832.6800065486,55.9341311271056,5.19615242270663,6.16441400296898,FALSE,FALSE,"higher_rates_seq1000",1000,0.3,1
6684,-13680.1530552094,-13676.241032204,-13838.9927310871,39.7126176282957,5.09901951359278,6.08276253029822,FALSE,FALSE,"higher_rates_seq1000",1000,0.3,1
6709,-13670.4953286942,-13666.5833056887,-13833.3757186183,42.1618600023712,3.60555127546399,3.74165738677394,FALSE,FALSE,"higher_rates_seq1000",1000,0.3,1
6710,-13657.102423091,-13653.1914022898,-13830.6640012031,49.7480921911908,3.46410161513775,3.60555127546399,FALSE,FALSE,"higher_rates_seq1000",1000,0.3,1
6733,-13639.1199100546,-13635.2078886845,-13831.561752903,50.4720219761282,5.19615242270663,5.8309518948453,FALSE,FALSE,"higher_rates_seq1000",1000,0.3,1
6739,-13657.6160242637,-13653.7040012583,-13833.1508786044,45.9994391385604,6.16441400296898,6.40312423743285,FALSE,FALSE,"higher_rates_seq1000",1000,0.3,1
6752,-13767.949655775,-13764.04289287,-13852.9350716296,31.8051601505175,4.47213595499958,5.3851648071345,FALSE,FALSE,"higher_rates_seq1000",1000,0.3,1
6754,-13787.5444661614,-13783.6324432023,-13851.7682384383,25.7496457311581,4.69041575982343,5.56776436283002,FALSE,FALSE,"higher_rates_seq1000",1000,0.3,1
6781,-13733.5627238093,-13729.6507008039,-13837.5353554305,32.2910763814871,5.74456264653803,6,FALSE,FALSE,"higher_rates_seq1000",1000,0.3,1
6787,-13701.7040118794,-13697.7919888739,-13838.5053616308,40.2377878089605,6,5.74456264653803,FALSE,FALSE,"higher_rates_seq1000",1000,0.3,1
6817,-13806.9724225562,-13803.086316253,-13852.8109341331,22.9226459866855,4.35889894354067,5.47722557505166,FALSE,FALSE,"higher_rates_seq1000",1000,0.3,1
6821,-13769.5854653765,-13765.6734423711,-13858.5013798208,27.8663631091414,3.60555127546399,4.47213595499958,FALSE,FALSE,"higher_rates_seq1000",1000,0.3,1
6841,-13770.4428986406,-13766.5308756352,-13852.6342430895,29.5922859706425,3.60555127546399,4,FALSE,FALSE,"higher_rates_seq1000",1000,0.3,1
6851,-13669.9327743788,-13666.0207513734,-13845.2012683211,41.8789647032138,3.60555127546399,4.24264068711928,FALSE,FALSE,"higher_rates_seq1000",1000,0.3,1
6854,-13650.0009883504,-13646.088965345,-13852.0557847093,41.51393203432,3.74165738677394,4.35889894354067,FALSE,FALSE,"higher_rates_seq1000",1000,0.3,1
6869,-13625.9995608649,-13622.0875378595,-13829.7589119043,41.1765520600081,5.65685424949238,6.557438524302,FALSE,FALSE,"higher_rates_seq1000",1000,0.3,1
6873,-13671.2979145587,-13667.3858919594,-13828.0040464154,46.1312087794994,6.08276253029822,7.21110255092798,FALSE,FALSE,"higher_rates_seq1000",1000,0.3,1
6875,-13680.3530868321,-13676.4410638267,-13841.1229653623,38.0540391756174,5.47722557505166,6.557438524302,FALSE,FALSE,"higher_rates_seq1000",1000,0.3,1
6890,-13681.7871711607,-13677.8841037611,-13846.7906460808,47.6285630538084,4.35889894354067,5.29150262212918,FALSE,FALSE,"higher_rates_seq1000",1000,0.3,1
6898,-13692.0771559267,-13688.1651329213,-13858.4501635239,35.4126360288272,4.24264068711928,4.12310562561766,FALSE,FALSE,"higher_rates_seq1000",1000,0.3,1
6922,-13672.0653164838,-13668.1532934784,-13844.8286219011,39.017136882216,4.12310562561766,4,FALSE,FALSE,"higher_rates_seq1000",1000,0.3,1
6930,-13762.6144205979,-13758.7023975928,-13853.2054395455,34.778352960903,3.60555127546399,3.74165738677394,FALSE,FALSE,"higher_rates_seq1000",1000,0.3,1
6960,-13686.9879376447,-13683.0759146393,-13857.192867668,39.0299562936528,4.79583152331272,4.69041575982343,FALSE,FALSE,"higher_rates_seq1000",1000,0.3,1
6963,-13669.1378931149,-13665.2258701675,-13846.4703791439,46.9073333608852,4.79583152331272,4.89897948556636,FALSE,FALSE,"higher_rates_seq1000",1000,0.3,1
6967,-13809.8492072788,-13806.0797370402,-13860.4515048062,26.0411673791047,4.58257569495584,4.69041575982343,FALSE,FALSE,"higher_rates_seq1000",1000,0.3,1
6986,-13691.7512362221,-13687.8428008407,-13841.1261294812,47.9663401260195,5.47722557505166,4.58257569495584,FALSE,FALSE,"higher_rates_seq1000",1000,0.3,1
6989,-13658.9570909603,-13655.0450679734,-13837.2305028693,55.3853104486627,5.29150262212918,4.12310562561766,FALSE,FALSE,"higher_rates_seq1000",1000,0.3,1
6991,-13648.5107357863,-13644.5987127809,-13836.7686722033,50.6552891926684,5.47722557505166,4.12310562561766,FALSE,FALSE,"higher_rates_seq1000",1000,0.3,1
6997,-13769.0106562081,-13765.0988736883,-13837.5646606244,30.8643742491082,5.65685424949238,6.85565460040104,FALSE,FALSE,"higher_rates_seq1000",1000,0.3,1
7007,-13663.920517545,-13660.0084945396,-13836.0811598507,34.9806885395755,4.89897948556636,5.3851648071345,FALSE,FALSE,"higher_rates_seq1000",1000,0.3,1
7029,-13656.1551680692,-13652.2431450637,-13838.1892764804,36.3083729983892,6,5.74456264653803,FALSE,FALSE,"higher_rates_seq1000",1000,0.3,1
7041,-13689.6411096296,-13685.7290866242,-13851.6096081771,36.6705947114256,5.3851648071345,6.16441400296898,FALSE,FALSE,"higher_rates_seq1000",1000,0.3,1
7071,-13682.9013071257,-13678.9892841202,-13844.5386793279,40.6702737161156,4.35889894354067,5.09901951359278,FALSE,FALSE,"higher_rates_seq1000",1000,0.3,1
7073,-13762.4127457436,-13758.5007231393,-13859.0203185906,35.4161693218072,4,4.79583152331272,FALSE,FALSE,"higher_rates_seq1000",1000,0.3,1
7075,-13685.613934959,-13681.8271079679,-13847.2011621757,43.3916636894287,4.24264068711928,5,FALSE,FALSE,"higher_rates_seq1000",1000,0.3,1
7086,-13669.345202029,-13665.4331790235,-13859.9612695752,39.6148240739978,4.79583152331272,4.89897948556636,FALSE,FALSE,"higher_rates_seq1000",1000,0.3,1
7099,-13728.0293104392,-13724.1172874338,-13842.9514328421,39.1170912155466,4.58257569495584,4.47213595499958,FALSE,FALSE,"higher_rates_seq1000",1000,0.3,1
7136,-13634.5969850123,-13630.6849620069,-13826.1285649875,45.1221375177986,8.12403840463596,7.93725393319377,FALSE,FALSE,"higher_rates_seq1000",1000,0.3,1
7216,-13675.0084239387,-13671.0986139368,-13840.2307301907,46.6031063954111,2.82842712474619,3.60555127546399,FALSE,FALSE,"higher_rates_seq1000",1000,0.3,1
7220,-13691.7429244112,-13687.8309014058,-13852.3999489548,34.8000478277754,3.87298334620742,3.46410161513775,FALSE,FALSE,"higher_rates_seq1000",1000,0.3,1
7223,-13721.6307547446,-13717.7187317392,-13846.0591710828,36.5857992354865,3.60555127546399,3.46410161513775,FALSE,FALSE,"higher_rates_seq1000",1000,0.3,1
7270,-13653.4655285233,-13649.5535055178,-13851.0456796878,40.4739070917405,3.16227766016838,2.64575131106459,FALSE,FALSE,"higher_rates_seq1000",1000,0.3,1
7271,-13654.7113851202,-13650.7993621147,-13839.561201372,50.0884126946202,3,2.44948974278318,FALSE,FALSE,"higher_rates_seq1000",1000,0.3,1
7279,-13683.3273473629,-13679.4153251304,-13841.9097693803,40.9598144984177,3,2.82842712474619,FALSE,FALSE,"higher_rates_seq1000",1000,0.3,1
7288,-13785.3394808115,-13781.4274583087,-13849.5442455317,26.0838563153737,3.74165738677394,2.23606797749979,FALSE,FALSE,"higher_rates_seq1000",1000,0.3,1
7303,-13763.7514698551,-13759.8432144287,-13850.0415081098,35.335725018124,4.24264068711928,1.73205080756888,FALSE,FALSE,"higher_rates_seq1000",1000,0.3,1
7309,-13702.631937113,-13698.7199141076,-13849.2955110922,34.892204707307,4.12310562561766,2.44948974278318,FALSE,FALSE,"higher_rates_seq1000",1000,0.3,1
7321,-13696.4209841706,-13692.5089611652,-13832.1965461899,41.264175907172,4.69041575982343,5.74456264653803,FALSE,FALSE,"higher_rates_seq1000",1000,0.3,1
7357,-13776.996297134,-13773.5959328722,-13839.8375342123,30.6796724352616,4.69041575982343,4.58257569495584,FALSE,FALSE,"higher_rates_seq1000",1000,0.3,1
7367,-13744.6531879018,-13740.7411648964,-13843.9624574051,35.4834808642268,4.58257569495584,4.24264068711928,FALSE,FALSE,"higher_rates_seq1000",1000,0.3,1
7382,-13671.4280647792,-13667.5160417738,-13833.3560435205,39.7717409334141,5,4,FALSE,FALSE,"higher_rates_seq1000",1000,0.3,1
7388,-13676.7962959096,-13672.8842729041,-13833.709310873,40.3995375506677,4.89897948556636,4.35889894354067,FALSE,FALSE,"higher_rates_seq1000",1000,0.3,1
7407,-13687.1560547082,-13683.2440317028,-13838.5337175634,41.3081585703062,3.74165738677394,4.79583152331272,FALSE,FALSE,"higher_rates_seq1000",1000,0.3,1
7418,-13668.9460312632,-13665.0340082578,-13853.6206952123,36.687891486391,3.60555127546399,4.47213595499958,FALSE,FALSE,"higher_rates_seq1000",1000,0.3,1
7435,-13639.1613971049,-13635.249374113,-13842.0094580299,50.1082561009255,3.87298334620742,4,FALSE,FALSE,"higher_rates_seq1000",1000,0.3,1
7463,-13660.6892612032,-13656.7772381978,-13838.1843362748,44.1988541035503,3.3166247903554,3.74165738677394,FALSE,FALSE,"higher_rates_seq1000",1000,0.3,1
7464,-13637.928961666,-13634.0169386606,-13844.8271850218,44.5044470333625,3.3166247903554,3.74165738677394,FALSE,FALSE,"higher_rates_seq1000",1000,0.3,1
7469,-13662.9360619365,-13659.024038931,-13841.5237630798,47.7847686602706,3.46410161513775,3.87298334620742,FALSE,FALSE,"higher_rates_seq1000",1000,0.3,1
7504,-13685.7780008532,-13681.8659778478,-13838.4244663977,38.0739310665303,4.12310562561766,4,FALSE,FALSE,"higher_rates_seq1000",1000,0.3,1
7505,-13690.6532858218,-13686.7412628163,-13828.2732293426,40.7740952459305,5.8309518948453,6.40312423743285,FALSE,FALSE,"higher_rates_seq1000",1000,0.3,1
7512,-13788.9683122897,-13785.0621067561,-13842.9936557305,25.7665548751215,5.3851648071345,6,FALSE,FALSE,"higher_rates_seq1000",1000,0.3,1
7514,-13670.4735237968,-13666.5615010219,-13843.7699123248,45.9486310475288,4.24264068711928,3.60555127546399,FALSE,FALSE,"higher_rates_seq1000",1000,0.3,1
7533,-13679.4629980992,-13675.5509750938,-13849.3911938678,37.5115260103647,4.35889894354067,3.16227766016838,FALSE,FALSE,"higher_rates_seq1000",1000,0.3,1
7557,-13679.3554298072,-13675.4434068017,-13823.2318613379,48.2624201645556,6.2449979983984,6.92820323027551,FALSE,FALSE,"higher_rates_seq1000",1000,0.3,1
7591,-13765.3217107194,-13761.4096877139,-13857.7369280948,27.4809703194352,3.60555127546399,4,FALSE,FALSE,"higher_rates_seq1000",1000,0.3,1
7645,-13661.501755015,-13657.8283429975,-13841.4756736539,49.8816310827877,3.3166247903554,3.74165738677394,FALSE,FALSE,"higher_rates_seq1000",1000,0.3,1
7646,-13662.0511704087,-13658.1391474033,-13850.7189707557,38.5510733454504,3.16227766016838,3.60555127546399,FALSE,FALSE,"higher_rates_seq1000",1000,0.3,1
7650,-13753.6320940455,-13749.7200725591,-13857.9472488129,35.6451004919343,2.82842712474619,3,FALSE,FALSE,"higher_rates_seq1000",1000,0.3,1
7652,-13645.8886704651,-13641.9766474597,-13838.0706451212,46.1587700621534,3.46410161513775,3.60555127546399,FALSE,FALSE,"higher_rates_seq1000",1000,0.3,1
7658,-13677.7468842143,-13673.8440831063,-13838.0742665048,50.354052365878,4.35889894354067,3.46410161513775,FALSE,FALSE,"higher_rates_seq1000",1000,0.3,1
7660,-13682.3125719637,-13678.4007389478,-13841.9556818785,45.718582791713,3.87298334620742,3.16227766016838,FALSE,FALSE,"higher_rates_seq1000",1000,0.3,1
7665,-13781.2728253521,-13777.3608038811,-13847.7463239197,31.5652597023217,5.47722557505166,5.19615242270663,FALSE,FALSE,"higher_rates_seq1000",1000,0.3,1
7718,-13651.4907978128,-13647.5787748075,-13842.4144143096,52.6840524138796,3.87298334620742,3.16227766016838,FALSE,FALSE,"higher_rates_seq1000",1000,0.3,1
7728,-13749.407947876,-13745.5376621416,-13846.0598755432,33.8745027138577,4.58257569495584,3.74165738677394,FALSE,FALSE,"higher_rates_seq1000",1000,0.3,1
7736,-13668.1866975162,-13664.2752359288,-13840.870062563,42.9332554875554,4.12310562561766,3.74165738677394,FALSE,FALSE,"higher_rates_seq1000",1000,0.3,1
7741,-13688.4013510924,-13684.489328087,-13855.013139328,38.0832926112053,4.12310562561766,2.82842712474619,FALSE,FALSE,"higher_rates_seq1000",1000,0.3,1
7749,-13780.4079340998,-13776.4959351783,-13844.2028683011,24.9724125050685,5.29150262212918,4.79583152331272,FALSE,FALSE,"higher_rates_seq1000",1000,0.3,1
7765,-13670.2141501523,-13666.3021271468,-13840.0503990702,41.5877516949826,5.09901951359278,4.58257569495584,FALSE,FALSE,"higher_rates_seq1000",1000,0.3,1
7795,-13758.6261714345,-13754.7141519121,-13849.4242779495,34.1788595239408,5.65685424949238,5,FALSE,FALSE,"higher_rates_seq1000",1000,0.3,1
7800,-13771.2689596163,-13767.3569366108,-13855.285867168,29.4323772969959,4.12310562561766,2,FALSE,FALSE,"higher_rates_seq1000",1000,0.3,1
7826,-13664.6346770113,-13660.7226540059,-13845.8880090099,38.8785591480528,5.74456264653803,3.74165738677394,FALSE,FALSE,"higher_rates_seq1000",1000,0.3,1
7831,-13663.6236576309,-13659.7116348261,-13836.815135944,46.7929283226249,5.3851648071345,3.46410161513775,FALSE,FALSE,"higher_rates_seq1000",1000,0.3,1
7841,-13754.2605687096,-13750.3485466786,-13841.2903227239,34.8978955099029,7,5.8309518948453,FALSE,FALSE,"higher_rates_seq1000",1000,0.3,1
7842,-13757.0147820689,-13753.30536557,-13834.122447772,32.5858929386323,6.32455532033676,6.70820393249937,FALSE,FALSE,"higher_rates_seq1000",1000,0.3,1
7879,-13645.186933726,-13641.2749107205,-13843.3078101583,46.3668307435786,5.19615242270663,5.47722557505166,FALSE,FALSE,"higher_rates_seq1000",1000,0.3,1
7920,-13652.5943814305,-13648.682358425,-13838.1306663336,42.3080165137778,5.19615242270663,4.69041575982343,FALSE,FALSE,"higher_rates_seq1000",1000,0.3,1
7931,-13636.8412934427,-13632.9292704373,-13832.1354831205,45.6398022289382,6.70820393249937,6,FALSE,FALSE,"higher_rates_seq1000",1000,0.3,1
