"replicate","replicate_seed","data_mode","num_tips","rate","seq_len","random_label_R","run_exact_support_scan","support_size","scan_R","refine_R","refine_top","true_idx","init_idx","init_l2_to_true","true_labeled_ll","upgma_labeled_ll","upgma_minus_true_labeled_ll","true_minus_upgma_labeled_ll","upgma_beats_true_labeled","true_random_logmeanexp","true_random_max","true_random_meanlog","true_random_sd","init_random_logmeanexp","init_random_max","init_random_meanlog","init_random_sd","true_random_logmeanexp_minus_init","true_random_max_minus_init","true_labeled_minus_true_random_logmeanexp","true_num_cherries","single_draw_true_label_prob","random_label_hit_true_label_prob","refined_size","true_scan_rank_logmeanexp","true_scan_rank_max","init_scan_rank_logmeanexp","init_scan_rank_max","true_refine_rank_logmeanexp","true_refine_rank_max","init_refine_rank_logmeanexp","init_refine_rank_max","scan_hit_true_label_prob","refine_hit_true_label_prob","top_scan_logmeanexp_dist_mean","top_scan_max_dist_mean","top_refine_logmeanexp_dist_mean","top_refine_max_dist_mean"
1,42,"simulate",10,0.01,1000,500,FALSE,7936,NA,NA,NA,3095,3500,3.16227766016838,-3928.505701887,-3928.1344980422,0.371203844792035,-0.371203844792035,TRUE,-4149.6985769638,-4143.48396886538,-4690.53905964942,124.501386733896,-4317.64489184948,-4311.43075637348,-4689.67922572914,123.8493416251,167.946314885679,167.946787508098,221.192875076809,5,8.81834215167548e-06,0.00439948430700543,NA,NA,NA,NA,NA,NA,NA,NA,NA,NA,NA,NA,NA,NA,NA
2,43,"simulate",10,0.01,1000,500,FALSE,7936,NA,NA,NA,6181,7566,1,-3831.97247828407,-3849.89302699972,-17.9205487156473,17.9205487156473,FALSE,-3861.24788017909,-3855.03327208067,-4126.93019415331,45.3075176900282,-3914.09808394993,-3907.88347585183,-4132.35611896038,42.3615075487871,52.8502037708395,52.8502037711664,29.2754018950181,3,2.20458553791887e-06,0.00110168668115096,NA,NA,NA,NA,NA,NA,NA,NA,NA,NA,NA,NA,NA,NA,NA
3,44,"simulate",10,0.01,1000,500,FALSE,7936,NA,NA,NA,3927,3476,3.16227766016838,-4049.66248747416,-4054.3183587221,-4.65587124793774,4.65587124793774,FALSE,-4228.80112976827,-4222.58652166984,-4539.65443428084,73.8982418795434,-4275.22496012231,-4269.01035202637,-4524.17557603032,70.261690992103,46.4238303540424,46.423830356528,179.138642294106,3,2.20458553791887e-06,0.00110168668115096,NA,NA,NA,NA,NA,NA,NA,NA,NA,NA,NA,NA,NA,NA,NA
4,45,"simulate",10,0.01,1000,500,FALSE,7936,NA,NA,NA,1083,947,2.23606797749979,-4239.84956778077,-4246.30702778881,-6.45746000804593,6.45746000804593,FALSE,-4342.99477989456,-4336.78017179614,-4761.93041337734,85.3165926849293,-4364.98170913448,-4358.76710103606,-4766.72303091106,77.7756405409148,21.9869292399244,21.9869292399244,103.145212113794,3,2.20458553791887e-06,0.00110168668115096,NA,NA,NA,NA,NA,NA,NA,NA,NA,NA,NA,NA,NA,NA,NA
5,46,"simulate",10,0.01,1000,500,FALSE,7936,NA,NA,NA,7936,7935,2.64575131106459,-3960.91839683834,-3974.68980177917,-13.7714049408264,13.7714049408264,FALSE,-3998.33318422128,-3992.16867094038,-4114.06839780392,21.2225277314448,-3972.99943165856,-3966.78482356015,-4114.98296541938,22.9569521542959,-25.3337525627107,-25.3838473802275,37.4147873829338,1,5.51146384479718e-07,0.000275535301380581,NA,NA,NA,NA,NA,NA,NA,NA,NA,NA,NA,NA,NA,NA,NA
6,47,"simulate",10,0.01,1000,500,FALSE,7936,NA,NA,NA,7453,7557,3.16227766016838,-3805.78589574034,-3805.57200503747,0.213890702873869,-0.213890702873869,TRUE,-3892.33478243207,-3886.12017433365,-4161.43579357773,49.6648834795199,-3835.32202571303,-3829.10741761461,-4159.8593325724,46.0038299338658,-57.0127567190411,-57.0127567190411,86.5488866917312,3,2.20458553791887e-06,0.00110168668115096,NA,NA,NA,NA,NA,NA,NA,NA,NA,NA,NA,NA,NA,NA,NA
7,48,"simulate",10,0.01,1000,500,FALSE,7936,NA,NA,NA,3084,4400,3.60555127546399,-4165.40821775191,-4163.43526320634,1.97295454556934,-1.97295454556934,TRUE,-4266.73288592763,-4260.69940203422,-4580.43356944556,67.6332930676341,-4290.37570635851,-4284.34016711944,-4586.76105668416,62.4014601812661,23.6428204308741,23.6407650852152,101.324668175723,4,4.40917107583774e-06,0.00220216207351642,NA,NA,NA,NA,NA,NA,NA,NA,NA,NA,NA,NA,NA,NA,NA
8,49,"simulate",10,0.01,1000,500,FALSE,7936,NA,NA,NA,5723,4794,2.44948974278318,-4125.93400203712,-4136.36159385798,-10.4275918208641,10.4275918208641,FALSE,-4202.6919354927,-4196.47732739428,-4393.27955597802,40.362833585063,-4281.78427808304,-4275.56984344574,-4402.2935995824,34.02994348241,79.0923425903393,79.0925160514635,76.7579334555812,3,2.20458553791887e-06,0.00110168668115096,NA,NA,NA,NA,NA,NA,NA,NA,NA,NA,NA,NA,NA,NA,NA
9,50,"simulate",10,0.01,1000,500,FALSE,7936,NA,NA,NA,6954,6658,3.60555127546399,-4039.02391294703,-4059.10177928166,-20.0778663346296,20.0778663346296,FALSE,-4112.47506498327,-4106.26045688485,-4593.50556884816,88.2266004354784,-4230.29398876652,-4224.0793806681,-4590.44342667445,84.9923578412454,117.818923783254,117.818923783254,73.4511520362412,4,4.40917107583774e-06,0.00220216207351642,NA,NA,NA,NA,NA,NA,NA,NA,NA,NA,NA,NA,NA,NA,NA
10,51,"simulate",10,0.01,1000,500,FALSE,7936,NA,NA,NA,1849,1849,0,-4142.10099290133,-4146.72950577142,-4.62851287009198,4.62851287009198,FALSE,-4369.50265939532,-4363.2880512969,-4829.80946765306,118.562074897174,-4413.83981862608,-4407.62521052765,-4838.67373587537,114.145074260708,44.3371592307576,44.3371592307567,227.401666493986,3,2.20458553791887e-06,0.00110168668115096,NA,NA,NA,NA,NA,NA,NA,NA,NA,NA,NA,NA,NA,NA,NA
11,52,"simulate",10,0.01,1000,500,FALSE,7936,NA,NA,NA,7872,7571,3.3166247903554,-4268.94701399408,-4293.3734831538,-24.4264691597191,24.4264691597191,FALSE,-4299.23400717814,-4293.01939909236,-4582.33230065961,51.2053355860223,-4354.20495708905,-4347.99034899062,-4587.16190827719,41.8866130203109,54.9709499109094,54.9709498982602,30.2869931840523,2,1.10229276895944e-06,0.000550994834801144,NA,NA,NA,NA,NA,NA,NA,NA,NA,NA,NA,NA,NA,NA,NA
12,53,"simulate",10,0.01,1000,500,FALSE,7936,NA,NA,NA,4673,4711,1.4142135623731,-3910.5058390693,-3910.44684028466,0.0589987846424265,-0.0589987846424265,TRUE,-4100.16722462302,-4093.95261720239,-4503.52273874212,109.892169426842,-4082.27480396128,-4076.06019586285,-4514.54485098578,93.9149288897714,-17.8924206617467,-17.8924213395371,189.661385553717,4,4.40917107583774e-06,0.00220216207351642,NA,NA,NA,NA,NA,NA,NA,NA,NA,NA,NA,NA,NA,NA,NA
13,54,"simulate",10,0.01,1000,500,FALSE,7936,NA,NA,NA,7408,7406,1.73205080756888,-3902.79278209071,-3904.23951857345,-1.44673648274193,1.44673648274193,FALSE,-3959.39983109578,-3953.18522299736,-4464.02248109143,80.1558870144448,-4075.67625732457,-4069.46164922614,-4465.86826453549,76.8223271177334,116.276426228782,116.276426228782,56.607049005072,3,2.20458553791887e-06,0.00110168668115096,NA,NA,NA,NA,NA,NA,NA,NA,NA,NA,NA,NA,NA,NA,NA
14,55,"simulate",10,0.01,1000,500,FALSE,7936,NA,NA,NA,3913,6541,3.87298334620742,-4063.31575740037,-4135.68808980199,-72.3723324016187,72.3723324016187,FALSE,-4328.61573491506,-4322.40343422596,-4626.80747965978,81.6569959810306,-4232.19558539277,-4225.98097729435,-4606.39687687812,75.9864269046826,-96.4201495222878,-96.4224569316093,265.299977514691,3,2.20458553791887e-06,0.00110168668115096,NA,NA,NA,NA,NA,NA,NA,NA,NA,NA,NA,NA,NA,NA,NA
15,56,"simulate",10,0.01,1000,500,FALSE,7936,NA,NA,NA,2745,1615,3,-3898.21783102044,-3900.96394856384,-2.74611754340413,2.74611754340413,FALSE,-4055.74729699289,-4049.54993480021,-4201.15026097282,39.76902724858,-4010.21204035734,-4003.99743226303,-4203.09448562369,41.4078028596966,-45.53525663555,-45.5525025371785,157.529465972457,3,2.20458553791887e-06,0.00110168668115096,NA,NA,NA,NA,NA,NA,NA,NA,NA,NA,NA,NA,NA,NA,NA
16,57,"simulate",10,0.01,1000,500,FALSE,7936,NA,NA,NA,7818,4983,3.16227766016838,-3972.60441909225,-3982.07204786281,-9.46762877056472,9.46762877056472,FALSE,-4010.08806412006,-4003.87345602164,-4281.25458820002,48.7281691299285,-4001.051584015,-3994.8961283877,-4281.68048842503,49.4450316031803,-9.03648010506004,-8.97732763393651,37.4836450278117,3,2.20458553791887e-06,0.00110168668115096,NA,NA,NA,NA,NA,NA,NA,NA,NA,NA,NA,NA,NA,NA,NA
17,58,"simulate",10,0.01,1000,500,FALSE,7936,NA,NA,NA,6189,7603,2,-4165.91186861827,-4165.85692413886,0.0549444794169176,-0.0549444794169176,TRUE,-4307.12028556498,-4300.90567746656,-4710.13713982829,75.5186685949285,-4227.80252541644,-4221.58791731802,-4702.82102481951,77.8282737929697,-79.3177601485422,-79.3177601485422,141.20841694671,3,2.20458553791887e-06,0.00110168668115096,NA,NA,NA,NA,NA,NA,NA,NA,NA,NA,NA,NA,NA,NA,NA
18,59,"simulate",10,0.01,1000,500,FALSE,7936,NA,NA,NA,6465,5137,1.73205080756888,-4114.38219449521,-4122.98806102751,-8.60586653229257,8.60586653229257,FALSE,-4215.09693570872,-4208.8823276103,-4470.89767756379,52.4631305644501,-4229.00871880543,-4222.794110707,-4469.96755213531,53.4925690659791,13.9117830967034,13.9117830967034,100.714741213509,2,1.10229276895944e-06,0.000550994834801144,NA,NA,NA,NA,NA,NA,NA,NA,NA,NA,NA,NA,NA,NA,NA
19,60,"simulate",10,0.01,1000,500,FALSE,7936,NA,NA,NA,1090,841,1,-4107.28158349191,-4109.22203020803,-1.94044671611755,1.94044671611755,FALSE,-4202.3822323992,-4196.16762430077,-4868.27049723207,120.351755334475,-4396.88880820416,-4390.70187332099,-4874.41269540289,124.88420588952,194.506575804968,194.534249020219,95.1006489072852,3,2.20458553791887e-06,0.00110168668115096,NA,NA,NA,NA,NA,NA,NA,NA,NA,NA,NA,NA,NA,NA,NA
20,61,"simulate",10,0.01,1000,500,FALSE,7936,NA,NA,NA,3886,6471,2,-4230.02503184023,-4236.00619580309,-5.98116396285877,5.98116396285877,FALSE,-4365.62534279121,-4359.41073469278,-4642.94863339071,58.576388715917,-4398.59053512328,-4392.39399474386,-4635.20972935562,66.9286794350178,32.9651923320744,32.9832600510808,135.600310950972,3,2.20458553791887e-06,0.00110168668115096,NA,NA,NA,NA,NA,NA,NA,NA,NA,NA,NA,NA,NA,NA,NA
